0,59,49,134,0,3,4
0,59,49,134,0,3,6
0,59,0,0,0,3,185
0,59,49,134,0,3,441
0,59,49,134,0,3,17
0,147,49,134,0,3,47
0,147,49,134,0,3,41
0,147,0,0,0,3,186
0,147,49,134,0,3,442
0,147,54,134,0,3,451
1,4,16,328,0,3,522
1,4,83,328,0,3,65
1,82,1,172,0,9,17
1,82,56,328,0,8,22
1,82,16,328,0,8,484
1,82,83,171,0,3,70
1,82,83,171,0,3,456
1,82,23,169,0,3,308
1,2,1,172,0,9,17
1,2,56,328,0,8,22
1,2,16,328,0,8,484
1,2,83,171,0,3,70
1,2,0,3,0,12,124
1,2,83,171,0,12,362
1,2,124,309,0,12,363
1,2,1,172,0,9,17
1,2,56,328,0,8,22
1,2,16,328,0,8,484
1,2,83,171,0,3,70
1,2,0,3,0,12,123
1,2,83,171,0,12,361
1,2,86,208,0,12,363
1,82,56,328,0,8,22
1,82,16,328,0,8,484
1,82,83,171,0,12,70
1,82,83,171,0,12,457
1,82,122,267,0,12,455
1,82,23,35,0,12,310
2,168,0,5,0,12,523
2,168,83,78,0,12,43
2,168,0,5,0,12,188
2,168,83,78,0,12,452
2,168,57,328,0,12,443
2,168,106,78,0,12,453
2,168,83,78,0,3,17
2,130,0,5,0,12,523
2,130,83,78,0,12,43
2,130,0,5,0,12,188
2,130,83,78,0,12,452
2,130,57,328,0,12,443
2,130,106,78,0,12,453
2,59,0,5,0,3,240
2,59,56,328,0,8,28
2,59,109,328,0,8,484
2,59,0,5,0,3,520
2,59,83,78,0,3,5
2,59,0,5,0,3,520
2,59,83,78,0,3,17
2,59,83,78,0,3,5
3,168,0,6,0,12,524
3,168,83,313,0,12,61
3,168,106,313,0,3,17
3,168,0,6,0,12,188
3,168,83,313,0,12,452
3,168,57,328,0,12,443
3,168,106,313,0,12,453
3,168,83,313,0,3,17
3,130,0,6,0,12,524
3,130,83,313,0,12,61
3,130,106,313,0,3,17
3,130,0,6,0,12,188
3,130,83,313,0,12,452
3,130,57,328,0,12,443
3,130,106,313,0,12,453
3,59,0,6,0,3,241
3,59,56,328,0,8,28
3,59,109,328,0,8,484
3,59,0,6,0,3,521
3,59,83,313,0,3,10
3,59,0,6,0,3,521
3,59,83,313,0,3,17
3,59,83,313,0,3,10
4,115,0,10,0,12,301
4,112,0,10,0,12,301
4,112,126,315,0,12,70
4,109,126,320,0,3,70
4,109,0,10,0,12,301
4,107,0,10,0,12,301
4,107,137,315,1,3,70
4,179,0,10,1,3,145
4,179,6,12,1,3,401
4,179,6,12,0,3,254
4,179,45,320,1,3,17
4,179,137,315,1,3,17
4,4,1,13,0,12,62
4,4,0,10,0,12,300
4,4,1,13,0,12,565
4,4,9,13,0,12,566
4,127,79,328,0,12,33
4,127,56,328,0,8,26
4,127,79,328,0,8,484
4,127,56,328,0,3,395
4,127,1,13,0,3,330
4,127,96,12,0,3,398
4,127,64,328,0,12,20
4,127,79,328,1,3,35
4,127,0,10,0,12,300
4,127,1,13,0,12,565
4,127,9,13,0,12,566
4,93,137,315,0,12,70
4,93,0,10,0,3,402
4,93,5,316,0,3,260
4,93,0,10,0,3,404
4,93,5,316,0,3,263
4,93,0,10,0,3,403
4,93,5,316,0,3,261
5,115,0,11,0,3,301
5,112,0,11,0,12,301
5,112,126,315,0,12,70
5,109,126,320,0,3,70
5,109,0,11,0,12,301
5,107,0,11,0,12,301
5,107,137,315,1,3,70
5,179,0,11,1,3,145
5,179,6,8,1,3,401
5,179,6,8,0,3,256
5,179,45,320,1,3,17
5,179,137,315,1,3,17
5,4,1,9,0,12,62
5,4,0,11,0,12,300
5,4,1,9,0,12,565
5,4,9,9,0,12,566
5,127,79,328,0,12,33
5,127,56,328,0,8,26
5,127,79,328,0,8,484
5,127,56,328,0,3,395
5,127,1,9,0,3,330
5,127,96,8,0,3,398
5,127,64,328,0,12,20
5,127,79,328,1,3,35
5,127,0,11,0,12,300
5,127,1,9,0,12,565
5,127,9,9,0,12,566
5,93,137,315,0,12,70
5,93,0,11,0,3,402
5,93,5,316,0,3,260
5,93,0,11,0,3,404
5,93,5,316,0,3,263
5,93,0,11,0,3,403
5,93,5,316,0,3,261
6,7,134,329,0,12,21
6,102,1,329,0,12,345
6,102,9,329,0,12,346
6,102,134,329,0,12,19
6,102,1,329,0,12,569
6,102,9,329,0,12,570
6,4,102,329,0,12,52
6,4,102,329,0,12,544
6,4,134,329,0,12,547
6,4,105,16,0,12,189
6,6,102,329,0,12,53
6,6,102,329,0,12,52
6,6,102,329,0,12,544
6,6,134,329,0,12,547
6,6,105,16,0,12,189
6,122,27,329,0,12,52
6,122,136,329,0,3,21
6,122,27,329,0,12,545
6,122,136,329,0,12,546
6,122,105,16,0,12,184
6,123,27,329,0,12,53
6,123,27,329,0,12,52
6,123,136,329,0,3,21
6,123,27,329,0,12,545
6,123,136,329,0,12,546
6,123,105,16,0,12,184
7,74,0,20,0,3,314
7,74,0,20,0,3,256
7,74,127,52,0,3,17
7,74,0,20,0,3,218
7,74,0,20,1,3,219
7,34,0,20,0,12,207
7,12,16,329,1,3,33
7,12,16,329,0,3,78
7,20,16,329,1,3,35
7,20,16,329,0,3,78
7,18,109,328,0,3,1
7,13,109,328,0,3,33
7,13,0,20,0,3,475
7,13,43,230,0,3,309
7,13,52,327,1,3,0
7,13,109,328,0,3,3
7,27,109,328,0,3,3
7,27,137,315,0,3,375
7,27,138,315,0,3,370
7,17,56,328,0,8,28
7,17,109,328,0,8,484
7,17,137,315,0,3,371
7,17,138,315,0,3,374
7,27,0,20,0,3,321
7,17,56,328,0,8,28
7,17,109,328,0,8,484
7,17,137,315,0,3,572
7,17,139,228,0,3,311
7,28,109,328,0,3,33
7,28,0,20,0,3,488
7,28,57,328,0,3,84
7,28,0,20,0,3,573
7,28,57,328,0,3,574
7,28,139,229,0,3,312
7,28,52,327,0,3,0
7,194,83,171,0,12,17
7,29,109,328,0,3,12
7,29,24,328,0,3,550
7,32,0,20,0,3,552
7,32,109,328,0,3,18
7,32,140,315,0,3,551
7,32,56,328,0,8,28
7,32,109,328,0,8,484
7,32,137,315,0,3,373
7,32,134,315,0,3,370
7,31,47,53,0,12,257
7,31,0,20,0,3,478
7,31,47,53,0,3,192
7,30,3,327,0,3,0
7,30,48,327,0,3,0
7,30,137,315,0,3,373
7,30,134,315,0,3,370
7,30,3,327,0,3,0
7,30,48,327,0,3,0
7,25,0,20,0,3,206
7,25,16,329,0,3,78
7,25,109,328,0,3,78
7,25,16,329,0,3,1
7,25,109,328,0,3,1
7,23,0,20,0,3,207
7,14,109,328,1,3,33
7,14,109,328,1,3,35
7,14,42,300,0,3,372
7,14,73,300,0,3,369
7,88,0,20,0,8,485
7,88,56,329,0,8,23
7,36,0,20,0,3,205
7,36,130,329,0,3,471
7,36,135,321,0,3,472
7,35,121,329,0,3,388
7,35,132,329,0,3,77
7,35,132,329,0,3,389
7,35,0,20,0,3,208
7,35,0,20,0,3,322
7,35,8,328,0,3,575
7,26,0,20,0,3,314
7,19,0,20,0,3,314
8,115,0,21,0,3,139
8,115,109,313,0,3,386
8,115,109,313,0,3,104
8,115,0,21,0,3,156
8,109,0,21,0,12,204
8,107,0,21,0,12,204
8,189,100,250,0,12,17
8,189,75,328,0,12,336
8,189,70,328,0,3,8
9,115,0,22,0,3,122
9,115,109,78,0,3,358
9,115,109,78,0,3,103
9,115,0,22,0,3,156
9,109,0,22,0,12,204
9,107,0,22,0,12,204
9,189,100,245,0,12,17
9,189,75,328,0,12,336
9,189,70,328,0,3,8
10,115,0,23,0,3,139
10,115,109,313,0,3,386
10,115,109,313,0,3,104
10,115,0,23,0,3,156
10,109,0,23,0,12,204
10,107,0,23,0,12,204
10,189,100,250,0,12,17
10,189,75,328,0,12,336
10,189,70,328,0,3,8
11,179,0,26,1,3,146
11,179,12,28,1,3,401
11,179,0,26,1,3,410
11,179,12,28,1,3,159
11,179,0,26,1,3,127
11,179,83,171,1,3,365
11,115,0,26,0,12,204
11,112,126,315,0,12,70
11,112,0,26,0,12,204
11,109,126,320,0,3,70
11,109,0,26,0,12,204
11,107,0,26,0,12,204
11,104,126,315,0,12,70
11,104,0,26,0,12,289
11,91,0,26,0,12,130
11,91,83,171,0,12,367
11,92,0,26,0,12,127
11,92,0,26,0,12,130
11,92,83,171,0,12,365
11,92,83,171,0,12,367
11,93,9,316,0,12,45
11,93,0,26,0,12,130
11,93,0,26,0,12,127
11,93,83,171,0,12,70
11,93,83,171,0,12,367
11,93,83,171,0,12,365
11,93,0,26,0,3,402
11,93,5,316,0,3,260
11,93,0,26,1,3,402
11,93,5,316,1,3,260
11,93,0,26,0,3,403
11,93,5,316,0,3,261
11,4,1,29,0,12,62
11,4,0,26,0,12,300
11,4,1,29,0,12,565
11,4,9,29,0,12,566
11,127,1,29,0,12,62
11,127,1,29,0,12,44
11,127,56,328,0,8,25
11,127,68,328,0,8,484
11,127,56,328,0,3,396
11,127,1,29,0,3,331
11,127,108,28,0,3,398
11,127,64,328,0,12,20
11,127,68,328,1,3,35
11,127,0,26,0,12,300
11,127,1,29,0,12,565
11,127,9,29,0,12,566
11,185,1,29,0,3,11
11,185,1,29,0,3,11
12,179,0,27,1,3,146
12,179,12,24,1,3,401
12,179,0,27,1,3,410
12,179,12,24,1,3,159
12,179,0,27,1,3,127
12,179,83,171,1,3,365
12,115,0,27,0,3,204
12,112,126,315,0,12,70
12,112,0,27,0,12,204
12,109,126,320,0,3,70
12,109,0,27,0,12,204
12,107,0,27,0,12,204
12,91,0,27,0,12,130
12,91,83,171,0,12,367
12,92,0,27,0,12,127
12,92,0,27,0,12,130
12,92,83,171,0,12,365
12,92,83,171,0,12,367
12,93,9,316,0,12,45
12,93,0,27,0,12,127
12,93,0,27,0,12,130
12,93,83,171,0,12,70
12,93,83,171,0,12,365
12,93,83,171,0,12,367
12,93,0,27,0,3,402
12,93,5,316,0,3,260
12,93,0,27,1,3,402
12,93,5,316,1,3,260
12,93,0,27,0,3,403
12,93,5,316,0,3,261
12,4,1,25,0,12,62
12,4,0,27,0,12,300
12,4,1,25,0,12,565
12,4,9,25,0,12,566
12,127,1,25,0,12,44
12,127,1,25,0,12,62
12,127,56,328,0,8,25
12,127,68,328,0,8,484
12,127,56,328,0,3,396
12,127,1,25,0,3,331
12,127,108,24,0,3,398
12,127,64,328,0,12,20
12,127,68,328,1,3,35
12,127,0,27,0,12,300
12,127,1,25,0,12,565
12,127,9,25,0,12,566
12,185,1,25,0,3,11
12,185,1,25,0,3,11
13,115,0,36,0,3,159
13,59,28,78,0,3,17
13,41,0,36,0,3,245
13,41,37,320,0,3,17
14,115,0,37,0,3,139
14,115,109,313,0,3,386
14,115,0,37,0,3,159
14,115,0,37,0,3,159
14,41,0,37,0,3,245
14,41,109,313,0,3,17
14,41,37,320,0,3,17
15,112,0,38,0,3,320
15,109,0,38,0,3,320
16,112,0,39,0,3,320
16,109,0,39,1,3,320
17,37,67,69,0,12,246
18,59,28,78,0,3,17
18,115,0,40,0,3,159
18,41,0,40,0,3,245
18,41,45,320,0,3,17
18,41,0,40,0,3,245
18,41,45,320,0,3,17
18,42,0,40,0,12,245
18,42,0,40,0,13,245
18,42,0,40,0,13,155
18,42,131,329,0,13,405
18,42,135,321,0,13,406
18,38,0,40,0,12,245
18,38,0,40,0,12,155
18,38,131,329,0,12,405
18,38,135,321,0,12,406
18,38,45,320,0,3,17
19,59,0,41,0,3,117
20,115,0,43,0,3,138
20,115,109,313,0,3,383
20,45,0,43,0,3,134
21,59,0,51,0,3,236
21,59,16,50,0,3,17
22,9,0,54,0,12,560
22,9,117,61,0,12,263
22,9,0,54,0,12,561
22,9,117,61,0,12,264
22,51,0,54,1,12,560
22,51,117,61,1,12,263
22,51,0,54,0,12,561
22,51,117,61,0,12,264
22,192,116,61,0,5,86
22,100,0,54,1,12,560
22,100,117,61,1,12,263
22,100,0,54,0,12,561
22,100,117,61,0,12,264
22,196,116,61,0,12,86
22,186,19,327,0,3,0
23,179,117,62,1,12,70
23,179,0,55,0,12,210
23,179,0,55,0,3,459
23,179,117,62,0,3,458
23,179,24,328,0,3,74
23,179,56,328,0,8,24
23,179,24,328,0,8,484
23,179,113,65,0,12,256
23,179,16,61,0,12,70
23,179,89,14,1,3,187
23,179,24,328,0,3,33
24,179,0,56,1,3,148
24,179,59,138,1,3,401
24,179,59,138,0,3,256
24,179,0,56,0,3,272
24,179,45,320,1,3,17
24,109,0,56,0,3,251
24,107,0,56,0,3,251
24,4,1,139,0,12,62
24,4,0,56,0,12,269
24,4,1,139,0,12,526
24,4,9,139,0,12,527
24,127,79,328,0,12,33
24,127,56,328,0,8,26
24,127,79,328,0,8,484
24,127,56,328,0,3,393
24,127,1,139,0,3,328
24,127,59,138,0,3,398
24,127,64,328,0,12,20
24,127,79,328,1,3,35
24,127,0,56,0,3,269
24,127,1,139,0,3,526
24,127,9,139,0,3,527
25,179,28,78,0,3,256
25,179,28,78,0,3,256
26,179,28,78,0,3,256
26,179,28,78,0,3,256
27,179,28,78,0,3,256
27,179,28,78,0,3,256
28,179,113,65,0,12,256
28,179,0,59,0,12,158
29,179,113,65,0,12,256
29,179,0,60,0,3,158
29,179,141,15,0,3,198
29,179,45,320,1,3,70
30,179,113,65,0,12,256
30,179,9,327,0,3,0
30,179,113,65,0,12,256
30,179,113,65,0,12,256
30,179,141,15,0,3,198
30,179,45,320,1,3,70
31,179,113,65,0,12,256
31,179,9,327,0,3,0
31,179,113,65,0,12,256
31,179,113,65,0,12,256
32,115,0,63,0,3,270
32,109,37,320,0,3,70
32,109,0,63,1,3,272
32,107,0,63,0,3,272
32,179,0,63,1,3,149
32,179,72,57,1,3,401
32,179,72,57,0,3,256
32,179,45,320,1,3,17
32,4,1,58,0,12,62
32,4,0,63,0,12,269
32,4,1,58,0,12,526
32,4,9,58,0,12,527
32,127,79,328,0,12,33
32,127,56,328,0,8,26
32,127,79,328,0,8,484
32,127,56,328,0,3,393
32,127,1,58,0,3,328
32,127,59,57,0,3,398
32,127,64,328,0,12,20
32,127,79,328,1,3,35
32,127,0,63,0,12,269
32,127,1,58,0,12,526
32,127,9,58,0,12,527
32,91,0,63,0,12,270
33,179,0,64,0,12,209
33,179,0,64,0,3,209
34,59,0,65,0,12,203
34,59,0,65,0,12,203
34,4,0,65,0,12,203
34,4,0,65,0,12,203
34,4,113,212,0,3,70
34,5,0,65,0,12,203
34,5,0,65,0,12,203
34,5,113,212,0,3,70
34,127,0,65,0,12,202
34,127,28,78,0,12,470
34,58,0,65,0,12,203
34,58,0,65,0,12,203
34,58,113,212,0,12,70
34,58,113,212,0,12,283
34,58,28,78,0,12,558
34,47,0,65,0,12,203
34,47,0,65,0,12,203
34,173,0,65,0,12,203
34,173,0,65,0,12,203
34,59,113,212,0,12,70
34,59,0,65,0,3,268
34,59,44,150,0,3,70
34,59,44,150,0,2,17
34,59,44,150,0,3,294
35,0,44,143,1,3,17
35,0,0,66,1,3,223
35,0,0,66,1,3,222
35,0,29,279,0,5,257
35,86,0,66,0,3,161
35,86,0,66,0,3,557
35,86,112,279,0,3,191
35,86,0,66,0,3,556
35,86,112,279,0,3,190
35,10,45,320,0,3,244
35,89,107,320,1,12,70
35,89,107,320,1,12,68
35,89,45,320,1,12,548
35,89,22,320,1,12,70
35,89,22,320,1,12,72
35,89,107,320,1,12,412
35,90,0,66,0,12,162
35,90,107,320,0,12,70
35,90,107,320,0,12,412
35,90,22,320,0,12,72
35,90,22,320,0,12,70
35,90,107,320,0,12,412
36,176,0,67,0,3,277
36,176,136,88,0,3,533
36,172,25,88,0,12,54
36,172,0,67,0,12,278
36,172,25,88,0,12,532
37,33,82,328,0,12,29
38,33,82,328,0,12,29
39,115,0,70,0,3,122
39,115,109,78,0,3,358
40,115,0,71,0,3,139
40,115,109,313,0,3,386
40,131,109,313,0,3,17
41,132,75,328,0,12,335
41,50,122,328,0,12,334
41,50,122,328,1,3,48
41,50,0,72,0,3,235
41,72,122,328,0,12,334
41,50,122,328,0,12,334
41,118,0,72,0,12,238
42,115,0,74,0,3,122
42,115,109,78,0,3,358
42,107,137,251,1,3,17
43,115,0,75,0,3,139
43,115,109,313,0,3,386
43,107,0,75,1,3,248
44,131,0,76,0,12,141
44,131,79,329,0,12,385
44,131,122,328,0,12,342
44,131,122,328,0,12,55
44,131,0,76,0,3,179
44,131,137,315,0,3,17
44,131,0,76,0,3,234
44,131,0,76,0,12,180
44,50,122,328,0,12,48
44,50,0,76,0,3,234
44,50,122,328,0,12,341
44,50,122,328,0,12,50
44,50,0,76,0,3,234
44,50,0,76,0,12,181
44,50,122,328,0,12,38
44,132,75,328,0,12,335
44,118,0,76,0,12,238
45,115,0,79,0,3,118
45,115,109,78,0,3,356
46,115,0,81,0,3,122
46,115,109,78,0,3,358
46,109,0,81,1,3,284
46,107,0,81,0,3,284
47,115,0,82,0,3,118
47,115,109,78,0,3,356
48,115,0,83,0,3,118
48,115,109,78,0,3,356
49,115,0,84,0,3,118
49,115,109,78,0,3,356
50,115,0,85,0,3,136
50,115,109,313,0,3,384
51,197,41,320,0,3,90
51,197,41,320,0,12,105
51,8,27,320,0,12,62
51,8,27,320,1,3,70
51,8,27,320,0,12,481
51,8,136,320,0,12,482
51,8,51,17,0,12,184
51,185,27,320,0,3,11
51,81,34,7,0,9,257
51,81,37,320,1,3,87
51,81,56,328,0,8,80
52,187,126,320,1,3,113
52,187,126,320,1,3,111
52,187,126,320,0,3,96
53,141,0,87,0,12,224
53,141,0,87,0,12,225
53,142,0,87,0,12,225
54,9,68,328,1,12,33
54,9,68,328,0,12,35
54,48,0,89,0,12,560
54,48,117,241,0,12,263
54,49,0,89,0,12,560
54,49,117,241,0,12,263
54,51,0,89,1,12,560
54,51,117,240,1,12,263
54,51,0,89,0,12,561
54,51,117,240,0,12,264
54,52,0,89,1,12,560
54,52,117,240,1,12,263
54,52,0,89,0,12,561
54,52,117,240,0,12,264
54,83,0,89,0,12,491
54,83,63,315,0,12,263
54,83,0,89,0,12,492
54,83,63,315,0,12,264
54,84,116,240,0,12,92
54,98,24,329,0,5,21
54,98,24,329,0,12,34
54,98,39,329,0,5,20
54,98,121,329,0,5,76
54,124,24,328,1,5,20
54,124,24,328,1,12,33
54,124,24,328,1,12,35
54,124,121,328,0,5,347
54,124,24,328,0,5,348
54,125,24,329,0,5,20
54,125,24,329,0,12,33
54,125,24,329,0,12,35
54,125,39,329,0,5,20
54,125,121,329,0,5,76
54,192,88,242,0,5,92
54,198,0,89,0,12,560
54,198,117,240,0,12,263
54,39,137,315,0,12,17
54,40,62,144,0,9,247
54,43,137,315,0,12,17
54,53,137,315,0,12,70
54,54,137,315,0,12,70
54,68,57,329,0,7,20
54,68,57,329,0,7,20
54,69,57,329,0,7,20
54,80,137,315,0,12,70
54,129,133,329,0,5,20
54,129,133,329,0,12,33
54,136,133,329,0,5,20
54,138,109,307,1,3,107
54,174,24,329,0,12,30
54,175,24,328,0,7,20
54,175,24,328,0,12,33
54,177,0,89,0,12,483
54,177,53,90,0,12,67
54,178,109,307,1,3,93
54,181,137,315,0,12,70
54,183,24,329,0,5,20
54,184,24,328,1,7,20
54,184,24,328,1,12,33
54,184,24,328,0,12,35
54,184,24,329,0,7,20
54,186,18,327,0,3,0
55,179,117,243,1,12,70
55,179,0,91,0,12,275
55,179,0,91,0,3,459
55,179,117,243,0,3,458
55,179,24,328,0,3,74
55,179,24,328,1,12,33
55,179,24,328,0,12,35
56,179,0,92,0,3,170
57,178,12,44,0,3,254
57,178,137,171,0,3,70
57,178,12,44,0,3,254
57,178,12,44,0,3,254
57,178,0,93,0,3,126
57,178,137,171,0,3,362
57,178,83,240,0,3,37
57,178,124,307,0,3,364
57,178,37,320,0,3,17
58,179,0,94,1,3,292
58,179,0,94,1,3,297
59,179,0,95,0,12,266
59,179,0,95,0,12,316
59,179,0,95,0,12,316
60,179,0,96,0,3,272
60,179,0,96,0,3,273
61,179,1,243,1,12,70
61,179,9,327,0,3,0
61,179,0,97,0,3,501
61,179,1,243,0,3,500
61,179,79,328,0,3,63
61,179,79,328,0,12,33
61,179,79,328,0,12,35
62,179,0,98,0,12,359
62,179,109,305,0,12,360
63,179,0,99,0,12,359
63,179,109,305,0,12,360
64,179,0,100,1,3,199
65,179,109,307,1,3,88
66,179,109,307,1,3,88
67,179,109,307,1,3,88
68,179,109,307,1,3,88
69,179,109,307,1,3,88
70,179,0,101,0,12,359
70,179,109,309,0,12,360
71,179,0,102,0,12,359
71,179,109,309,0,12,360
72,179,0,103,0,12,299
72,179,137,315,0,12,70
73,179,109,307,1,3,88
74,179,30,77,0,3,254
74,179,137,315,1,3,70
75,178,55,327,0,12,0
75,178,109,307,1,3,88
76,179,120,301,0,11,70
77,179,109,309,1,3,88
78,179,109,307,1,3,88
79,55,96,236,0,3,70
79,55,96,236,0,3,256
79,55,0,104,0,3,195
79,55,134,236,0,3,465
79,55,96,236,0,3,464
79,55,36,327,0,3,0
80,179,109,303,1,3,88
81,179,109,304,1,3,88
82,179,0,105,1,3,307
82,179,142,14,0,3,232
83,56,15,328,0,12,51
83,55,96,257,0,3,256
83,55,96,257,0,3,70
83,55,0,106,0,3,195
83,55,134,257,0,3,465
83,55,96,257,0,3,464
83,55,36,327,0,3,0
83,55,36,327,0,3,0
84,179,0,107,1,3,211
85,179,0,108,1,3,211
86,191,116,242,0,12,85
86,191,126,315,0,12,70
86,191,102,239,1,12,85
86,191,134,251,0,12,70
87,179,0,109,0,12,359
87,179,109,305,0,12,360
88,179,0,110,1,3,274
89,179,0,111,1,3,274
90,179,0,112,1,3,296
90,179,0,112,1,3,297
91,179,0,113,0,12,316
91,179,0,113,0,12,267
92,179,91,243,1,12,70
92,179,0,114,0,3,502
92,179,91,243,0,3,500
92,179,79,328,0,3,71
92,179,79,328,0,12,33
93,179,117,243,1,3,70
93,179,0,115,0,3,459
93,179,117,243,0,3,458
93,179,24,328,0,3,74
93,179,24,328,0,12,33
94,179,9,327,0,12,0
95,112,0,116,0,12,204
95,112,9,327,0,3,0
95,109,0,116,0,12,204
95,107,0,116,0,12,204
96,115,0,117,0,3,138
96,115,109,313,0,3,383
96,112,0,117,0,12,204
96,112,9,327,0,3,0
96,109,0,117,0,12,204
96,107,0,117,0,12,204
97,131,0,120,0,3,141
97,131,79,329,0,3,385
97,45,0,120,0,3,159
97,59,28,78,0,3,17
97,171,0,120,0,12,159
97,171,109,313,0,3,17
97,112,0,120,0,12,159
97,109,0,120,0,12,159
97,62,0,120,0,12,325
97,62,83,171,0,3,70
97,62,83,171,1,3,60
97,62,77,329,0,3,2
97,62,0,120,0,3,525
97,62,83,171,0,3,73
97,62,0,120,1,3,132
97,62,137,171,1,3,368
97,62,0,120,1,3,159
97,62,102,329,0,3,2
97,62,0,120,1,3,131
97,62,137,171,1,3,367
97,62,0,120,1,3,159
97,62,0,120,1,3,128
97,62,137,171,1,3,365
97,62,0,120,0,3,159
97,62,102,329,0,3,1
97,62,74,328,0,3,33
98,115,0,121,0,3,122
98,115,109,78,0,3,358
99,115,0,122,0,3,139
99,115,109,313,0,3,386
100,59,49,134,0,3,17
101,45,0,135,0,12,391
101,45,0,135,0,12,390
101,45,1,78,0,12,43
101,45,1,78,0,12,75
101,45,0,135,0,12,286
101,45,1,78,0,12,553
101,45,1,78,0,3,17
101,85,0,135,0,3,245
101,85,0,135,0,1,254
101,85,45,320,0,4,17
101,85,0,135,0,13,245
101,85,0,135,0,13,155
101,85,131,329,0,13,405
101,85,135,321,0,13,406
101,85,0,135,0,1,254
101,85,45,320,0,4,17
101,112,0,135,0,12,319
101,109,0,135,1,12,217
101,109,0,135,0,12,390
101,109,0,135,0,12,391
101,109,1,78,0,12,75
101,109,1,78,0,12,43
101,109,0,135,0,12,288
101,109,1,78,0,12,555
101,107,0,135,0,12,320
101,107,0,135,0,12,391
101,107,0,135,0,12,390
101,107,1,78,0,12,43
101,107,1,78,0,12,75
101,107,0,135,0,12,288
101,107,1,78,0,12,555
102,45,0,136,0,12,390
102,45,0,136,0,12,391
102,45,1,78,0,12,75
102,45,1,78,0,12,43
102,45,0,136,0,12,286
102,45,1,78,0,12,553
102,45,1,78,0,3,17
102,85,0,136,0,3,245
102,85,0,136,0,1,254
102,85,45,320,0,4,17
102,85,0,136,0,13,245
102,85,0,136,0,13,155
102,85,131,329,0,13,405
102,85,135,321,0,13,406
102,85,0,136,0,1,254
102,85,45,320,0,4,17
102,116,0,136,0,12,391
102,116,1,78,0,12,43
102,109,0,136,0,12,391
102,109,1,78,0,12,43
102,109,0,136,0,12,288
102,109,1,78,0,12,555
103,45,0,137,0,12,392
103,45,0,137,0,12,390
103,45,1,313,0,12,61
103,45,1,313,0,12,75
103,45,0,137,0,12,287
103,45,1,313,0,12,554
103,45,1,313,0,3,17
103,85,0,137,0,3,245
103,85,0,137,0,1,254
103,85,45,320,0,4,17
103,85,0,137,0,13,245
103,85,0,137,0,13,155
103,85,131,329,0,13,405
103,85,135,321,0,13,406
103,85,0,137,0,1,254
103,85,45,320,0,4,17
103,115,0,137,0,3,136
103,115,109,313,0,3,384
103,112,0,137,0,12,319
103,109,0,137,0,12,392
103,109,0,137,0,12,390
103,109,1,313,0,12,61
103,109,1,313,0,12,75
103,109,0,137,0,12,288
103,109,1,313,0,12,555
103,107,0,137,0,12,320
103,107,0,137,0,12,392
103,107,0,137,0,12,390
103,107,1,313,0,12,61
103,107,1,313,0,12,75
103,107,0,137,0,12,288
103,107,1,313,0,12,555
104,112,141,15,0,3,237
104,112,141,15,0,3,172
104,112,141,15,0,3,197
104,112,45,320,1,3,17
104,109,45,320,1,3,474
104,109,41,19,1,3,154
104,109,141,15,0,3,243
104,107,141,15,0,3,243
104,107,45,320,1,3,17
104,112,141,15,0,3,237
104,112,141,15,0,3,172
104,112,141,15,0,3,197
104,112,45,320,1,3,17
104,109,45,320,1,3,474
104,109,41,19,1,3,154
104,109,141,15,0,3,243
104,107,141,15,0,3,243
104,107,45,320,1,3,17
105,115,0,140,0,12,120
105,115,109,78,0,12,355
105,115,109,78,0,12,103
105,115,70,328,0,12,59
105,115,70,328,0,12,56
105,112,0,140,1,3,230
106,115,0,141,0,12,138
106,115,109,313,0,12,383
106,115,109,313,0,12,104
106,115,70,328,0,12,59
106,115,70,328,0,12,58
106,112,0,141,1,3,231
106,131,0,141,0,3,229
106,131,0,141,1,3,530
106,131,92,329,1,3,81
106,133,0,141,0,3,229
106,133,0,141,1,3,529
106,133,92,329,1,3,69
107,176,0,142,0,3,277
107,176,136,49,0,3,533
107,172,25,49,0,12,54
107,172,0,142,0,12,278
107,172,25,49,0,12,532
108,115,0,145,0,3,120
108,115,109,78,0,3,355
108,112,0,145,0,3,256
108,109,0,145,0,3,256
108,107,0,145,0,3,256
109,115,0,146,0,3,138
109,115,109,313,0,3,383
109,112,0,146,0,3,256
109,109,0,146,1,3,233
109,107,0,146,0,3,233
110,4,0,147,1,3,293
110,4,0,147,1,3,249
110,188,109,328,0,9,493
110,188,64,328,0,9,28
110,188,20,328,0,3,353
110,188,65,328,0,3,351
111,59,0,151,0,12,203
111,59,0,151,0,12,203
111,4,0,151,0,12,203
111,4,0,151,0,12,203
111,4,113,149,0,3,70
111,5,0,151,0,12,203
111,5,0,151,0,12,203
111,5,113,149,0,3,70
111,127,0,151,0,12,202
111,127,28,78,0,12,470
111,58,0,151,0,12,203
111,58,0,151,0,12,203
111,58,113,149,0,12,70
111,58,113,149,0,12,283
111,58,28,78,0,12,558
111,47,0,151,0,12,203
111,47,0,151,0,12,203
111,59,113,149,0,12,70
111,59,44,150,0,3,70
111,59,44,150,0,2,17
111,59,44,150,0,3,294
112,9,0,152,0,12,560
112,9,117,159,0,12,263
112,9,0,152,0,12,561
112,9,117,159,0,12,264
112,51,0,152,0,12,560
112,51,117,159,0,12,263
112,51,0,152,0,12,561
112,51,117,159,0,12,264
112,52,0,152,1,12,560
112,52,117,159,1,12,263
112,52,0,152,0,12,561
112,52,117,159,0,12,264
112,100,0,152,0,12,560
112,100,117,159,0,12,263
112,100,0,152,0,12,561
112,100,117,159,0,12,264
112,101,0,152,0,12,560
112,101,117,159,0,12,263
112,192,88,161,0,5,97
112,196,116,161,0,12,97
112,198,0,152,0,12,560
112,198,117,159,0,12,263
112,186,19,327,0,3,0
113,179,117,160,1,12,70
113,179,0,153,0,12,210
113,179,0,153,0,3,459
113,179,117,160,0,3,458
113,179,24,328,0,3,74
113,179,56,328,0,8,24
113,179,24,328,0,8,484
113,179,93,1,0,12,256
113,179,109,159,0,12,70
113,179,24,328,0,3,33
114,179,0,154,1,12,150
114,179,93,47,1,12,401
114,179,93,47,0,12,256
114,179,93,47,0,3,256
114,179,45,320,1,3,17
114,179,137,315,1,3,17
114,179,119,161,0,3,17
114,116,0,154,0,3,252
114,109,0,154,0,3,252
114,107,0,154,0,3,252
114,4,1,48,0,12,62
114,4,0,154,0,12,269
114,4,1,48,0,12,526
114,4,9,48,0,12,527
114,127,79,328,0,12,33
114,127,56,328,0,8,26
114,127,79,328,0,8,484
114,127,56,328,0,3,393
114,127,1,48,0,3,328
114,127,59,47,0,3,398
114,127,64,328,0,12,20
114,127,79,328,1,3,35
114,127,0,154,0,12,269
114,127,1,48,0,12,526
114,127,9,48,0,12,527
115,179,28,78,0,12,256
115,179,28,78,1,3,256
115,179,28,78,0,3,256
116,179,28,78,0,12,256
116,179,28,78,1,3,256
116,179,28,78,0,3,256
116,179,137,315,1,3,70
117,179,28,78,0,12,256
117,179,0,157,1,3,315
117,179,28,78,0,3,256
117,179,28,78,0,3,256
117,179,28,78,0,3,256
117,179,28,78,0,3,256
117,179,137,315,1,3,70
118,179,28,78,0,12,256
118,179,28,78,1,3,256
118,179,28,78,0,3,256
119,179,0,158,1,3,498
119,179,79,328,1,3,31
119,179,93,165,0,12,254
119,179,37,19,0,12,236
120,115,0,162,0,3,270
120,116,138,315,0,12,70
120,116,0,162,0,3,272
120,109,37,320,0,3,70
120,109,0,162,1,3,272
120,107,0,162,0,3,272
120,179,0,162,1,3,149
120,179,72,155,1,3,401
120,179,72,155,0,3,256
120,179,45,320,1,3,17
120,179,137,315,1,3,70
120,4,1,156,0,12,62
120,4,0,162,0,12,269
120,4,1,156,0,12,526
120,4,9,156,0,12,527
120,127,79,328,0,12,33
120,127,56,328,0,8,26
120,127,79,328,0,8,484
120,127,56,328,0,3,393
120,127,1,156,0,3,328
120,127,59,155,0,3,398
120,127,64,328,0,12,20
120,127,79,328,1,3,35
120,127,0,162,0,12,269
120,127,1,156,0,12,526
120,127,9,156,0,12,527
120,92,0,162,0,12,270
120,91,0,162,0,12,270
121,179,0,163,0,12,209
121,179,0,163,0,3,209
122,179,79,328,0,12,35
122,179,56,328,0,8,26
122,179,79,328,0,8,484
122,179,93,326,0,12,256
122,179,116,159,0,12,70
123,179,0,164,0,12,298
123,179,0,164,0,3,501
123,179,1,160,0,3,500
123,179,79,328,0,3,63
123,179,79,328,0,12,33
123,179,79,328,0,12,35
123,179,56,328,0,8,26
123,179,79,328,0,8,484
123,179,93,326,0,12,256
124,11,79,328,0,12,33
124,11,110,315,0,9,17
124,11,111,315,0,9,17
124,11,0,166,1,3,171
124,11,110,315,1,3,439
124,11,111,315,1,3,440
124,11,110,315,1,3,17
124,11,7,144,0,9,247
124,11,111,315,0,3,17
124,11,13,144,0,9,247
125,104,37,315,0,11,506
125,118,81,148,1,12,17
125,118,0,167,0,12,461
125,118,26,148,0,12,14
125,118,26,148,0,9,349
125,118,81,148,0,9,343
125,47,0,167,0,9,257
125,47,0,167,0,9,276
126,139,0,168,0,12,203
126,141,33,329,1,3,30
126,140,93,80,0,12,17
126,140,118,272,0,12,531
126,140,93,80,0,12,153
126,140,33,329,1,3,29
126,140,93,80,0,3,17
126,59,0,168,0,3,203
126,172,0,168,0,3,203
127,92,0,170,0,12,130
127,92,83,171,0,12,17
127,92,83,171,0,12,367
127,87,0,170,0,12,130
127,87,83,171,0,12,367
127,71,84,171,0,12,99
127,188,83,171,0,12,70
127,188,0,170,0,12,130
127,188,83,171,0,12,367
128,71,84,171,0,12,91
128,2,83,171,1,12,39
128,2,83,171,0,12,91
128,2,83,171,1,12,39
128,2,83,171,0,12,91
128,3,83,171,1,12,39
128,3,83,171,1,12,91
128,3,83,171,0,12,110
128,3,83,171,1,12,39
128,3,83,171,1,12,91
128,3,83,171,0,12,89
129,135,85,315,0,11,70
129,195,138,328,0,5,29
129,195,138,329,0,5,30
130,9,68,328,0,12,33
130,9,68,328,0,12,35
130,48,0,173,0,12,560
130,48,117,196,0,12,263
130,49,0,173,0,12,560
130,49,117,196,0,12,263
130,51,0,173,1,12,560
130,51,117,195,1,12,263
130,51,0,173,0,12,561
130,51,117,195,0,12,264
130,52,0,173,1,12,560
130,52,117,195,1,12,263
130,52,0,173,0,12,561
130,52,117,195,0,12,264
130,83,0,173,1,12,491
130,83,63,315,1,12,263
130,83,0,173,0,12,492
130,83,63,315,0,12,264
130,98,24,329,0,5,20
130,98,24,329,0,12,34
130,98,39,329,0,5,20
130,98,121,329,0,5,76
130,124,24,328,0,5,20
130,124,24,328,0,12,33
130,124,24,328,0,12,35
130,124,121,328,0,5,347
130,124,24,328,0,5,348
130,125,24,329,0,5,20
130,125,24,329,0,12,33
130,125,24,329,0,12,35
130,125,39,329,0,5,20
130,125,121,329,0,5,76
130,192,88,198,0,5,101
130,196,116,198,0,12,101
130,198,0,173,0,12,560
130,198,117,195,0,12,263
130,39,137,315,0,12,17
130,40,62,144,0,9,247
130,43,137,315,0,12,17
130,44,137,315,0,10,70
130,53,137,315,0,12,70
130,54,137,315,0,12,70
130,68,57,329,0,7,20
130,68,57,329,0,7,20
130,69,57,329,0,7,20
130,80,137,315,0,12,70
130,129,133,329,0,5,20
130,129,133,329,0,12,33
130,136,133,329,0,5,20
130,138,109,207,1,3,106
130,174,24,329,0,12,29
130,175,24,328,0,7,20
130,175,24,328,0,12,33
130,177,0,173,0,12,483
130,177,53,174,0,12,67
130,180,137,315,0,12,70
130,182,137,315,0,12,70
130,183,24,329,0,5,20
130,184,24,328,1,7,20
130,184,24,328,1,12,33
130,184,24,328,0,12,35
130,184,24,329,0,7,20
130,186,35,327,0,3,0
131,179,117,196,1,12,70
131,179,0,175,0,12,275
131,179,0,175,0,3,459
131,179,117,196,0,3,458
131,179,24,328,0,3,74
131,179,24,328,1,12,33
131,179,24,328,0,12,35
132,179,0,176,0,3,169
133,178,12,42,0,3,256
133,178,137,171,0,12,70
133,178,0,177,0,3,125
133,178,137,171,0,3,361
133,178,12,42,0,3,256
133,178,83,195,0,3,36
133,178,86,207,0,3,364
133,178,37,320,0,3,17
134,179,0,178,1,3,295
134,179,11,46,0,3,194
135,179,0,179,0,12,266
135,179,0,179,0,12,316
135,179,0,179,0,12,316
136,179,0,180,0,3,273
136,179,0,180,0,3,272
137,179,117,196,1,3,70
137,179,0,181,0,3,459
137,179,117,196,0,3,458
137,179,24,328,0,3,74
137,179,24,328,0,12,33
138,179,0,182,0,12,376
138,179,109,208,0,12,378
138,179,0,182,1,3,201
139,179,0,183,1,3,199
140,179,0,184,0,12,377
140,179,126,208,0,12,378
141,179,0,185,0,12,469
141,179,28,118,0,12,228
142,179,28,73,0,12,256
142,179,28,73,1,3,256
143,179,28,73,0,12,256
143,179,28,73,0,3,256
144,179,55,327,0,12,0
144,179,0,186,0,3,469
144,179,28,119,0,3,228
145,179,0,187,1,3,290
146,55,96,233,0,3,70
146,55,96,233,0,3,256
146,55,0,188,0,3,195
146,55,134,233,0,3,465
146,55,96,233,0,3,464
146,55,36,327,0,3,0
147,179,0,190,1,3,307
147,179,142,14,0,3,232
148,56,15,328,0,12,51
148,55,96,254,0,3,256
148,55,96,254,0,3,70
148,55,0,191,0,3,195
148,55,134,254,0,3,465
148,55,96,254,0,3,464
148,55,36,327,0,3,0
148,55,36,327,0,3,0
149,179,0,192,1,3,211
150,179,0,193,1,3,211
151,191,116,198,0,12,85
151,191,126,315,0,12,70
151,191,102,194,1,12,85
151,191,134,251,0,12,70
152,179,0,199,0,12,377
152,179,126,206,0,12,378
153,179,0,200,1,3,274
154,179,0,201,1,3,274
155,179,0,202,1,3,193
156,179,0,203,0,12,316
156,179,0,203,0,12,267
157,179,91,197,1,12,70
157,179,0,204,0,3,502
157,179,91,197,0,3,500
157,179,79,328,0,3,71
157,179,79,328,0,12,33
158,179,117,196,1,3,70
158,179,0,205,0,3,459
158,179,117,196,0,3,458
158,179,24,328,0,3,74
158,179,24,328,0,12,33
159,179,9,327,0,12,0
160,59,0,209,0,3,159
160,60,28,78,0,3,17
160,144,0,209,0,12,159
160,112,0,209,0,12,159
160,109,0,209,0,12,159
160,62,0,209,0,12,325
160,62,83,171,0,3,70
160,62,0,209,0,3,525
160,62,83,171,0,3,73
160,62,0,209,1,3,129
160,62,137,171,1,3,366
160,62,0,209,1,3,159
160,62,0,209,1,3,131
160,62,137,171,1,3,367
160,62,0,209,1,3,159
160,62,0,209,1,3,128
160,62,137,171,1,3,365
160,62,0,209,0,3,159
160,62,74,328,0,3,33
161,115,0,210,0,3,119
161,115,109,78,0,3,354
162,4,25,315,0,12,17
162,4,25,315,0,12,215
162,4,138,315,0,12,460
162,4,25,315,0,3,70
162,4,25,315,0,12,215
162,4,138,315,0,12,460
162,4,0,211,0,3,352
162,127,25,315,0,12,70
162,127,25,315,0,12,215
162,127,138,315,0,12,460
162,127,25,315,0,12,70
162,127,25,315,0,12,215
162,127,138,315,0,12,460
162,128,25,315,0,12,70
162,128,66,328,0,3,32
162,128,66,328,0,3,83
162,128,66,328,0,3,83
162,128,115,328,0,3,79
162,128,115,328,0,3,495
162,128,115,328,0,3,79
162,128,115,328,0,3,496
162,128,115,328,0,3,496
162,128,95,328,0,3,559
162,128,95,328,0,3,494
162,128,95,328,0,3,559
162,126,64,328,0,8,115
162,126,1,316,0,9,327
162,126,56,328,0,9,397
162,126,95,328,0,3,407
162,126,9,316,0,3,332
162,126,95,328,0,3,408
162,126,9,316,0,3,333
163,178,0,213,0,12,318
163,178,125,302,0,12,571
163,178,56,328,0,8,26
163,178,79,328,0,8,484
164,178,0,214,0,12,318
164,178,125,306,0,12,571
164,178,56,328,0,8,26
164,178,79,328,0,8,484
165,178,0,215,0,12,318
165,178,125,308,0,12,571
165,178,56,328,0,8,26
165,178,79,328,0,8,484
165,178,1,301,1,3,88
166,178,0,216,0,12,318
166,178,125,308,0,12,571
166,178,56,328,0,8,26
166,178,79,328,0,8,484
166,178,1,301,1,3,88
167,178,0,217,0,12,318
167,178,125,308,0,12,571
167,178,56,328,0,8,26
167,178,79,328,0,8,484
167,178,1,301,1,3,88
168,178,0,218,0,12,318
168,178,125,306,0,12,571
168,178,56,328,0,8,26
168,178,79,328,0,8,484
169,193,0,219,0,12,564
169,193,92,328,0,12,567
169,193,125,310,0,12,262
169,83,0,219,0,5,538
169,83,97,242,0,5,263
170,178,0,220,0,12,318
170,178,125,308,0,12,571
170,178,56,328,0,8,26
170,178,79,328,0,8,484
171,178,0,221,0,12,318
171,178,125,308,0,12,571
172,179,0,222,1,3,200
173,178,0,223,0,12,318
173,178,125,306,0,12,571
173,178,56,328,0,8,26
173,178,79,328,0,8,484
173,178,1,301,1,3,88
174,178,0,224,0,12,318
174,178,125,306,0,12,571
174,178,56,328,0,8,26
174,178,79,328,0,8,484
174,178,1,301,1,3,88
175,178,0,225,0,12,318
175,178,125,308,0,12,571
175,178,56,328,0,8,26
175,178,79,328,0,8,484
176,178,0,226,0,12,318
176,178,125,306,0,12,571
176,178,56,328,0,8,26
176,178,79,328,0,8,484
177,178,0,227,0,12,318
177,178,125,308,0,12,571
177,178,56,328,0,8,26
177,178,79,328,0,8,484
177,178,1,301,1,3,88
178,179,0,234,1,3,151
178,179,96,237,1,3,401
178,179,96,237,0,3,254
178,179,45,320,1,3,17
178,4,1,238,0,12,62
178,4,0,234,0,12,300
178,4,1,238,0,12,565
178,4,9,238,0,12,566
178,127,1,238,0,12,62
178,127,1,238,0,12,44
178,127,56,328,0,8,26
178,127,79,328,0,8,484
178,127,56,328,0,3,395
178,127,1,238,0,3,330
178,127,96,237,0,3,398
178,127,64,328,0,12,20
178,127,79,328,1,3,35
178,127,0,234,0,12,300
178,127,1,238,0,12,565
178,127,9,238,0,12,566
178,115,0,234,0,12,301
178,112,0,234,0,12,301
178,112,126,315,0,12,70
178,109,0,234,0,12,301
178,109,126,320,0,3,70
178,107,0,234,0,12,301
178,104,126,315,0,12,70
178,104,0,234,0,12,289
178,91,0,234,0,12,301
179,179,0,235,1,3,151
179,179,96,231,1,3,401
179,179,96,231,0,3,256
179,179,45,320,1,3,17
179,4,1,232,0,12,62
179,4,0,235,0,12,300
179,4,1,232,0,12,565
179,4,9,232,0,12,566
179,127,1,232,0,12,62
179,127,1,232,0,12,44
179,127,56,328,0,8,26
179,127,79,328,0,8,484
179,127,56,328,0,3,395
179,127,1,232,0,3,330
179,127,96,231,0,3,398
179,127,64,328,0,12,20
179,127,79,328,1,3,35
179,127,0,235,0,12,300
179,127,1,232,0,12,565
179,127,9,232,0,12,566
179,115,0,235,0,3,301
179,112,0,235,0,12,301
179,112,126,315,0,12,70
179,109,0,235,0,12,301
179,109,126,320,0,3,70
179,107,0,235,0,12,301
179,91,0,235,0,12,301
180,65,0,247,0,12,165
180,65,28,327,0,12,416
180,65,38,327,0,12,419
180,65,98,280,0,12,425
180,65,1,309,0,12,421
180,65,32,327,0,12,423
180,65,99,246,0,12,426
180,65,35,78,0,3,17
180,65,38,327,0,3,0
180,65,102,329,1,3,2
180,65,137,315,0,3,541
180,65,1,309,0,3,540
180,65,99,246,0,3,142
180,65,102,329,0,3,7
180,65,35,78,0,3,17
180,65,74,328,0,3,33
180,46,99,246,0,12,160
180,46,28,327,0,12,0
180,46,32,327,1,12,0
180,46,38,327,0,12,0
180,46,40,320,1,3,17
180,46,40,320,1,12,17
180,46,38,327,0,12,0
180,64,0,247,0,12,168
180,64,98,280,0,12,435
180,64,1,208,0,12,436
180,64,32,327,0,12,437
180,64,35,78,0,12,438
180,64,99,189,0,12,417
180,64,0,247,0,12,164
180,64,28,327,0,12,415
180,64,38,327,0,12,418
180,64,98,280,0,12,424
180,64,1,208,0,12,420
180,64,32,327,0,12,422
180,64,35,78,0,12,427
180,64,99,189,0,12,428
180,64,38,327,0,3,0
180,64,74,328,0,3,33
180,46,99,189,0,12,160
180,46,28,327,0,12,0
180,46,32,327,1,12,0
180,46,38,327,0,12,0
180,46,40,320,1,3,17
180,46,40,320,1,12,17
180,46,38,327,0,12,0
180,57,21,328,0,12,20
180,121,102,329,0,12,562
180,121,134,329,0,12,563
180,121,122,16,0,12,189
180,121,102,329,0,12,40
180,120,37,329,0,9,16
180,120,79,329,0,9,473
180,120,0,247,0,12,255
180,120,60,45,0,12,490
180,120,126,315,0,12,70
180,120,0,247,0,12,255
180,120,60,45,0,12,490
180,120,101,244,0,12,257
180,120,37,329,0,12,499
180,120,79,329,0,12,66
180,120,79,329,0,12,339
180,119,101,244,0,12,257
180,119,0,247,0,12,279
180,119,2,307,0,12,535
180,119,101,244,0,12,536
180,119,122,16,0,12,534
180,119,60,45,0,12,537
180,119,102,329,0,12,337
180,119,102,329,0,12,562
180,119,134,329,0,12,563
180,119,122,16,0,12,189
180,119,102,329,0,3,2
181,76,0,248,1,12,323
181,76,0,248,1,12,324
181,76,0,248,0,12,259
181,76,0,248,0,12,214
181,78,0,248,1,12,323
181,78,0,248,1,12,324
181,78,98,281,1,12,257
181,78,0,248,0,12,259
181,78,0,248,0,12,214
182,77,0,249,1,12,324
182,77,0,249,1,12,323
182,77,102,329,1,12,2
182,77,0,249,0,3,144
182,77,109,301,0,3,399
182,77,138,323,0,3,400
182,77,102,329,0,3,7
182,77,0,249,0,12,259
182,77,0,249,0,12,214
182,79,0,249,1,12,323
182,79,0,249,1,12,324
182,79,102,329,1,12,2
182,79,98,281,1,12,257
182,79,0,249,0,3,144
182,79,109,301,0,3,399
182,79,138,323,0,3,400
182,79,102,329,0,3,7
182,79,0,249,0,12,259
182,79,0,249,0,12,214
182,134,0,249,0,3,141
182,134,79,329,0,3,385
183,59,138,315,0,3,17
183,59,138,315,0,3,17
184,179,0,255,0,12,152
184,179,108,258,0,12,401
184,179,0,255,0,12,549
184,179,108,258,0,12,159
184,115,0,255,0,12,204
184,112,126,315,0,12,70
184,112,0,255,0,12,204
184,109,126,320,0,3,70
184,109,0,255,0,12,204
184,107,0,255,0,12,204
184,91,0,255,0,12,130
184,91,83,171,0,12,367
184,93,9,316,0,12,45
184,4,1,259,0,12,62
184,4,0,255,0,12,300
184,4,1,259,0,12,565
184,4,9,259,0,12,566
184,127,1,259,0,12,62
184,127,1,259,0,12,44
184,127,56,328,0,8,25
184,127,68,328,0,8,484
184,127,56,328,0,3,396
184,127,1,259,0,3,331
184,127,108,258,0,3,398
184,127,64,328,0,12,20
184,127,68,328,1,3,35
184,127,0,255,0,12,300
184,127,1,259,0,12,565
184,127,9,259,0,12,566
185,179,0,256,0,12,549
185,179,108,252,0,12,159
185,179,0,256,0,12,152
185,179,108,252,0,12,401
185,179,0,256,0,12,549
185,179,108,252,0,12,159
185,115,0,256,0,3,204
185,112,126,315,0,12,70
185,112,0,256,0,12,204
185,109,126,320,0,3,70
185,109,0,256,0,12,204
185,107,0,256,0,12,204
185,91,0,256,0,12,130
185,91,83,171,0,12,367
185,93,9,316,0,12,45
185,4,1,253,0,12,62
185,4,0,256,0,12,269
185,4,1,253,0,12,526
185,4,9,253,0,12,527
185,127,1,253,0,12,62
185,127,1,253,0,12,44
185,127,56,328,0,8,25
185,127,68,328,0,8,484
185,127,56,328,0,3,396
185,127,1,253,0,3,331
185,127,108,252,0,3,398
185,127,64,328,0,12,20
185,127,68,328,1,3,35
185,127,0,256,0,12,269
185,127,1,253,0,12,526
185,127,9,253,0,12,527
185,185,0,256,0,12,157
185,185,129,171,0,12,411
186,115,0,260,0,3,118
186,115,109,78,0,3,356
186,59,0,260,0,3,116
187,115,0,261,0,3,118
187,115,109,78,0,3,356
187,59,0,261,0,3,116
188,115,0,262,0,3,118
188,115,109,78,0,3,356
188,59,0,262,0,3,116
189,115,0,263,0,3,118
189,115,109,78,0,3,356
189,59,0,263,0,3,116
190,115,0,264,0,3,135
190,115,109,313,0,3,381
190,59,0,264,0,3,133
191,146,0,266,0,6,265
191,94,49,123,0,12,70
191,95,49,123,0,12,70
191,96,49,123,0,12,70
191,97,49,123,0,12,70
191,108,49,132,0,12,70
191,109,41,320,1,3,70
191,109,0,266,0,3,253
191,109,41,320,0,3,489
191,109,49,68,0,12,17
191,99,41,320,0,12,102
191,99,41,320,0,12,98
191,99,41,320,0,12,95
191,99,41,320,0,12,100
191,99,41,320,0,12,94
191,99,41,320,0,12,87
191,110,49,132,0,12,70
191,111,49,132,0,12,70
191,113,49,131,0,12,70
191,114,49,132,0,12,70
191,143,0,266,0,6,265
191,145,0,266,0,6,265
191,148,0,266,0,6,265
191,149,0,266,0,6,265
191,150,0,266,0,6,265
191,151,0,266,0,6,265
191,152,0,266,0,6,265
191,153,0,266,0,6,265
191,169,0,266,0,6,265
191,170,0,266,0,6,265
191,155,0,266,0,6,265
191,156,0,266,0,6,265
191,159,0,266,0,6,265
191,161,0,266,0,6,265
191,157,0,266,0,6,265
191,160,0,266,0,6,265
191,162,0,266,0,6,265
191,163,0,266,0,6,265
191,158,0,266,0,6,265
191,164,0,266,0,6,265
191,166,0,266,0,6,265
191,167,0,266,0,6,265
191,115,49,31,0,12,17
191,115,49,33,0,12,17
191,115,49,34,0,12,17
191,115,49,30,0,12,17
191,115,49,32,0,12,17
191,105,49,128,0,12,17
191,105,49,127,0,12,17
191,105,49,125,0,12,17
191,105,49,129,0,12,17
191,105,49,126,0,12,17
191,105,49,133,0,12,17
191,105,49,124,0,12,17
191,165,0,266,0,6,265
191,105,49,130,0,12,17
191,106,49,45,0,12,17
191,154,0,266,0,6,265
192,115,0,268,0,12,122
192,115,109,78,0,12,358
192,112,0,268,0,12,204
192,112,0,268,0,12,285
192,112,126,315,0,12,70
192,109,0,268,0,12,204
192,109,0,268,0,12,285
192,109,126,320,0,3,70
192,107,0,268,0,12,204
192,107,0,268,0,12,285
193,115,0,269,0,12,139
193,115,109,313,0,12,386
193,112,0,269,0,12,204
193,112,0,269,0,12,285
193,112,126,315,0,12,70
193,109,0,269,0,12,204
193,109,0,269,0,12,285
193,109,126,320,0,3,70
193,107,0,269,0,12,204
193,107,0,269,0,12,285
194,131,0,270,0,12,141
194,131,79,329,0,12,385
194,131,0,270,0,3,178
194,131,0,270,0,3,234
194,118,0,270,0,12,239
195,137,0,272,0,3,183
195,137,83,171,0,3,4
195,137,83,171,0,3,450
195,137,83,171,0,3,17
195,137,0,272,0,3,176
195,137,83,171,0,3,41
195,137,83,171,0,3,446
195,147,83,171,0,12,42
195,147,83,171,0,12,41
195,147,0,272,0,12,177
195,147,83,171,0,12,447
195,147,49,134,0,12,448
195,59,83,171,0,3,42
195,59,83,171,0,3,41
195,59,0,272,0,3,175
195,59,83,171,0,3,445
195,59,83,171,0,3,17
195,59,83,171,0,12,41
195,59,83,171,0,12,70
195,59,83,171,0,12,42
195,59,0,272,0,12,182
195,59,83,171,0,12,449
196,142,0,273,0,12,468
196,142,28,78,0,12,46
197,176,25,271,0,12,17
197,176,25,271,0,12,258
197,176,25,271,1,12,379
197,176,80,271,1,12,380
197,56,46,271,0,3,108
198,85,0,274,0,12,467
198,85,28,78,0,12,43
199,115,0,275,0,3,122
199,115,109,78,0,3,358
199,112,0,275,0,12,204
199,112,126,315,0,12,70
199,112,0,275,0,12,204
199,112,0,275,0,12,212
199,112,98,4,0,3,70
199,109,0,275,0,12,204
199,109,0,275,1,3,204
199,109,0,275,1,12,212
199,109,98,4,0,3,70
199,109,0,275,1,3,199
199,109,103,327,0,12,0
199,107,0,275,0,12,204
199,107,0,275,0,12,204
199,107,0,275,0,12,212
199,107,98,4,0,3,70
199,70,98,4,0,12,70
199,70,0,275,0,12,539
199,70,98,4,0,12,143
200,115,0,276,1,12,204
200,115,0,276,1,3,204
200,115,0,276,0,12,212
200,115,98,4,0,3,70
200,115,18,327,1,3,0
200,112,0,276,0,12,204
200,112,0,276,0,12,204
200,112,0,276,0,12,212
200,112,98,4,0,3,70
200,109,0,276,0,12,204
200,109,0,276,1,3,204
200,109,0,276,0,12,212
200,109,98,4,0,3,70
200,109,103,327,0,12,0
200,107,0,276,0,12,204
200,107,0,276,0,12,204
200,107,0,276,0,12,212
200,107,98,4,0,3,70
200,70,98,4,0,12,70
201,115,0,277,1,12,204
201,115,0,277,1,3,204
201,115,0,277,0,12,212
201,115,98,4,0,3,70
201,115,18,327,1,3,0
201,112,0,277,0,12,204
201,112,0,277,0,12,204
201,112,0,277,0,12,212
201,112,98,4,0,3,70
201,109,0,277,0,12,204
201,109,0,277,1,3,204
201,109,0,277,0,12,212
201,109,98,4,0,3,70
201,109,103,327,0,12,0
201,107,0,277,0,12,204
201,107,0,277,0,12,204
201,107,0,277,0,12,212
201,107,98,4,0,3,70
201,70,98,4,0,12,70
202,115,0,278,0,3,140
202,115,109,313,0,3,387
202,112,0,278,0,12,204
202,112,126,315,0,12,70
202,112,0,278,0,12,204
202,112,0,278,0,12,212
202,112,98,4,0,3,70
202,109,0,278,0,12,204
202,109,0,278,1,3,204
202,109,0,278,1,12,212
202,109,98,4,0,3,70
202,109,0,278,1,3,199
202,109,103,327,0,12,0
202,107,0,278,0,12,204
202,107,0,278,0,12,204
202,107,0,278,0,12,212
202,107,98,4,0,3,70
202,70,98,4,0,12,70
202,70,0,278,0,12,539
202,70,98,4,0,12,143
203,9,0,283,0,12,560
203,9,117,290,0,12,263
203,9,0,283,0,12,561
203,9,117,290,0,12,264
203,192,88,292,0,5,109
203,196,116,292,0,12,109
203,198,0,283,0,12,560
203,198,117,290,0,12,263
203,186,19,327,0,3,0
204,179,117,291,1,12,70
204,179,0,284,0,12,210
204,179,0,284,0,3,459
204,179,117,291,0,3,458
204,179,24,328,0,3,74
204,179,56,328,0,8,24
204,179,24,328,0,8,484
204,179,114,2,0,12,232
204,179,110,290,0,12,70
204,179,114,2,1,3,187
205,179,0,285,1,3,147
205,179,28,47,1,3,401
205,179,28,47,0,3,256
205,179,45,320,1,3,17
205,179,0,285,0,3,326
205,4,1,48,0,12,62
205,4,0,285,0,12,269
205,4,1,48,0,12,526
205,4,9,48,0,12,527
205,127,79,328,0,12,33
205,127,56,328,0,8,26
205,127,79,328,0,8,484
205,127,56,328,0,3,394
205,127,1,48,0,3,329
205,127,86,47,0,3,398
205,127,64,328,0,12,20
205,127,79,328,1,3,35
205,127,0,285,0,12,269
205,127,1,48,0,12,526
205,127,9,48,0,12,527
205,116,0,285,0,3,196
205,109,0,285,0,3,196
206,179,137,315,1,3,17
207,115,0,288,0,3,139
207,115,109,313,0,3,386
207,50,92,329,0,3,1
207,50,102,329,0,12,338
207,50,102,329,0,12,340
207,50,0,288,0,12,173
207,131,0,288,0,3,141
207,131,79,329,0,3,385
207,131,102,329,0,3,338
207,131,0,288,0,3,174
207,131,0,288,0,3,189
207,131,102,329,0,3,444
207,131,134,329,0,3,454
208,176,27,271,0,12,9
208,176,80,271,0,3,17
208,176,80,271,0,3,70
208,176,0,289,0,12,226
208,176,27,271,0,12,476
208,176,80,271,0,12,477
208,172,27,271,0,3,9
208,172,27,271,0,3,9
208,141,31,329,1,3,30
209,115,0,293,0,3,270
209,116,138,315,0,12,70
209,116,0,293,0,3,272
209,109,37,320,0,3,70
209,109,0,293,1,3,272
209,179,0,293,1,3,149
209,179,72,286,1,3,401
209,179,72,286,0,3,256
209,179,45,320,1,3,17
209,4,1,287,0,12,62
209,4,0,293,0,12,269
209,4,1,287,0,12,526
209,4,9,287,0,12,527
209,127,79,328,0,12,33
209,127,56,328,0,8,26
209,127,79,328,0,8,484
209,127,56,328,0,3,393
209,127,1,287,0,3,328
209,127,59,286,0,3,398
209,127,64,328,0,12,20
209,127,79,328,1,3,35
209,127,0,293,0,12,269
209,127,1,287,0,12,526
209,127,9,287,0,12,527
209,92,0,293,0,12,270
209,91,0,293,0,12,270
210,179,0,294,0,3,209
210,179,0,294,0,3,209
211,179,79,328,0,12,35
211,179,56,328,0,8,26
211,179,79,328,0,8,484
211,179,93,326,0,12,256
211,179,116,290,0,12,70
212,179,0,295,0,12,298
212,179,0,295,0,3,501
212,179,1,291,0,3,500
212,179,79,328,0,3,63
212,179,79,328,0,12,33
212,179,79,328,0,12,35
212,179,56,328,0,8,26
212,179,79,328,0,8,484
212,179,93,326,0,12,256
213,104,37,86,0,11,506
213,104,0,296,0,12,487
213,104,57,329,0,12,82
213,104,0,296,1,3,507
213,104,123,328,1,3,518
213,104,71,328,1,3,519
213,104,57,329,1,3,517
213,104,0,296,0,12,504
213,104,87,328,0,12,505
213,118,37,86,0,12,506
213,47,0,296,0,9,257
213,47,0,296,0,9,276
214,104,37,315,0,11,506
214,104,0,297,1,12,486
214,104,57,329,1,12,27
214,104,0,297,1,12,509
214,104,69,328,1,12,514
214,104,14,18,1,12,512
214,104,0,297,1,12,508
214,104,14,18,1,12,511
214,104,57,329,1,12,515
214,104,71,328,1,12,516
214,118,37,171,1,12,503
214,118,61,327,1,12,0
214,118,61,327,0,12,0
214,103,79,315,0,3,503
214,117,37,171,0,12,49
214,47,0,297,0,9,276
214,47,0,297,0,9,257
214,173,10,329,0,12,64
214,173,4,329,0,12,409
214,104,0,297,1,3,510
214,104,14,18,1,3,513
214,104,94,328,1,3,514
215,131,79,329,1,3,29
215,45,0,299,0,3,204
215,115,0,299,1,3,272
216,115,0,311,0,3,121
216,115,28,78,0,3,357
217,115,0,312,0,3,137
217,115,109,313,0,3,382
217,131,0,312,0,3,141
217,131,79,329,0,3,385
218,171,0,314,0,12,159
218,171,0,314,0,12,172
218,171,0,314,0,12,237
218,171,1,313,0,3,17
218,171,0,314,0,3,197
218,171,102,329,0,3,2
218,171,1,313,0,3,17
218,131,0,314,0,12,141
218,131,79,329,0,12,385
218,131,0,314,0,12,317
218,131,0,314,0,12,172
218,131,0,314,0,12,237
218,131,102,329,0,3,7
218,131,102,329,0,3,52
218,131,0,314,0,3,197
218,131,1,313,0,3,17
218,122,0,314,0,12,317
218,122,0,314,0,12,237
218,122,0,314,0,12,172
218,122,102,329,0,3,7
218,122,134,329,0,3,21
218,122,0,314,0,12,198
218,45,0,314,0,3,159
218,62,0,314,0,12,242
218,64,78,313,0,3,17
218,64,77,329,0,3,2
218,64,76,329,0,3,2
218,64,0,314,1,3,159
218,64,1,313,0,3,17
218,64,78,313,0,3,17
218,64,102,329,0,3,7
218,64,134,329,1,3,7
218,64,137,329,0,3,21
218,64,78,313,1,3,17
218,64,1,313,0,3,17
218,64,102,329,0,3,2
218,64,77,329,0,3,2
218,64,1,313,0,3,17
218,64,74,328,0,12,33
218,64,104,329,0,3,2
219,115,109,78,0,12,70
219,115,0,317,0,12,302
219,115,109,78,0,12,568
219,115,0,317,0,3,303
219,115,0,317,0,12,250
219,115,109,78,0,12,103
219,115,70,328,0,12,57
219,115,0,317,0,9,350
219,115,126,315,0,9,344
219,112,0,317,0,3,163
219,112,0,317,0,3,306
219,112,0,317,0,12,220
219,112,0,317,0,9,350
219,112,126,315,0,9,344
219,112,126,315,0,3,70
219,109,0,317,0,3,163
219,109,0,317,0,3,306
219,109,126,320,1,3,70
219,107,0,317,0,3,163
219,107,0,317,0,3,306
219,24,0,317,0,3,306
219,22,0,317,1,3,305
219,22,0,317,0,3,218
219,16,70,328,0,0,15
219,16,75,328,0,0,497
219,16,0,317,1,0,280
219,15,0,317,0,0,281
219,21,0,317,0,0,280
220,190,0,318,0,9,282
220,190,0,318,0,3,463
220,190,27,322,0,3,313
220,190,128,329,0,3,466
220,190,0,318,0,3,462
220,190,27,322,0,3,291
221,1,58,329,0,5,20
221,115,109,313,0,12,70
221,115,0,319,0,12,302
221,115,109,313,0,12,568
221,115,0,319,0,3,304
221,115,0,319,0,12,250
221,115,109,313,0,12,104
221,115,70,328,0,12,59
221,115,0,319,0,9,350
221,115,126,315,0,9,344
221,115,77,329,0,3,2
221,112,0,319,0,3,163
221,112,0,319,0,3,306
221,112,0,319,0,12,221
221,112,0,319,0,9,350
221,112,126,315,0,9,344
221,112,126,315,0,3,70
221,109,0,319,0,3,163
221,109,0,319,0,3,306
221,109,126,320,0,3,70
221,107,0,319,0,3,163
221,107,0,319,0,3,306
221,45,0,319,0,3,159
221,24,0,319,0,3,306
221,22,0,319,1,3,305
221,22,0,319,0,3,218
221,16,70,328,0,0,15
221,16,75,328,0,0,497
221,16,0,319,1,0,280
221,15,0,319,0,0,281
221,21,0,319,0,0,280
222,71,90,171,0,12,112
223,61,0,324,0,3,271
223,61,102,265,0,3,528
223,61,102,265,0,3,17
223,67,102,329,0,9,13
223,67,37,329,0,9,542
223,67,0,324,0,12,167
223,67,28,327,0,12,429
223,67,38,327,0,12,430
223,67,98,298,0,12,432
223,67,50,327,0,12,413
223,67,1,307,0,12,431
223,67,38,327,0,3,0
223,67,0,324,0,12,166
223,67,102,329,0,12,66
223,67,37,329,0,12,543
223,67,98,298,0,12,433
223,67,50,327,0,12,414
223,67,1,307,0,12,434
223,67,102,329,0,3,7
223,67,37,329,0,3,1
223,67,74,328,0,3,33
223,63,0,324,0,12,159
223,63,0,324,0,12,216
223,63,28,327,0,12,0
223,63,50,327,0,12,0
223,63,28,327,0,12,0
223,63,45,320,1,3,17
223,63,74,328,0,3,33
223,62,0,324,0,12,325
223,62,1,301,0,12,17
223,62,0,324,1,3,213
223,62,74,328,0,3,33
223,46,0,324,0,12,159
223,46,28,327,0,12,0
223,46,0,324,0,12,216
223,46,50,327,0,12,0
223,46,38,327,0,12,0
223,46,37,320,1,3,17
223,115,0,324,1,3,204
223,115,0,324,1,3,159
223,112,0,324,0,12,204
223,112,0,324,0,12,159
223,112,126,315,0,12,70
223,109,0,324,0,12,159
223,109,0,324,0,12,204
223,109,126,320,0,3,70
223,107,0,324,0,12,159
223,107,0,324,0,12,204
223,179,0,324,1,3,272
223,179,0,324,1,3,273
223,179,0,324,1,3,159
223,91,0,324,0,12,204
224,179,0,325,1,12,272
224,179,0,325,1,12,273
224,179,0,325,0,12,203
224,61,0,325,0,3,271
224,61,102,265,0,3,17
224,61,102,265,0,3,528
224,115,0,325,0,3,203
224,115,0,325,0,3,204
224,112,0,325,0,12,204
224,112,0,325,0,12,203
224,112,126,315,0,12,70
224,109,0,325,0,12,203
224,109,0,325,0,12,204
224,109,126,320,0,3,70
224,107,0,325,0,12,204
224,107,0,325,0,12,203
224,66,0,325,0,12,203
224,66,28,327,0,12,0
224,66,50,327,0,12,0
224,66,17,327,0,12,0
224,66,0,325,1,12,227
224,66,98,282,1,12,479
224,66,1,207,1,12,480
224,66,38,327,0,12,0
224,66,38,327,0,3,0
224,66,74,328,0,3,33
224,63,0,325,0,12,203
224,63,28,327,0,12,0
224,63,50,327,0,12,0
224,63,0,325,0,12,227
224,63,98,298,0,12,479
224,63,1,207,0,12,480
224,63,28,327,0,12,0
224,63,74,328,0,3,33
224,73,45,320,1,3,17
224,75,45,320,1,12,17
224,62,0,325,0,12,325
224,62,1,207,0,12,17
224,62,0,325,1,3,213
224,62,74,328,0,3,33
224,91,0,325,0,12,204
225,71,84,171,0,12,114
