47,281,250,170,0,17,377
2,149,112,39,0,2,1069
56,236,5,95,0,17,972
85,414,238,198,0,13,102
60,132,194,25,0,2,42
49,347,450,191,1,17,1495
54,68,534,134,0,17,997
68,280,304,88,0,8,1188
91,388,526,170,0,17,377
16,132,304,88,0,17,1187
62,185,99,198,1,2,403
85,373,5,159,0,19,1218
38,359,33,8,0,2,43
94,132,304,88,1,2,1189
64,279,116,170,0,2,742
9,271,368,25,0,2,43
49,236,5,89,0,17,972
57,331,82,191,1,17,180
49,341,5,89,0,2,610
27,45,304,88,1,2,1195
57,336,70,191,1,17,219
69,388,526,134,0,2,1969
90,132,304,88,1,2,1188
99,81,526,134,0,17,472
85,402,5,159,1,2,1219
2,38,410,25,1,2,948
84,65,291,170,0,17,1907
71,132,122,170,0,17,43
60,118,455,198,0,13,1649
49,340,5,89,0,7,594
60,276,142,134,0,2,43
85,414,82,191,0,2,201
88,65,463,134,0,17,377
2,44,112,39,1,2,1213
27,281,361,188,0,2,0
44,163,238,198,0,2,225
49,342,5,89,0,2,1143
19,132,526,134,0,17,462
32,403,357,134,0,2,43
7,101,238,198,0,13,145
44,127,87,170,0,14,1381
84,291,286,97,0,2,1067
49,233,5,89,1,2,672
44,127,127,198,0,13,116
99,191,510,177,0,17,521
7,380,161,49,0,2,43
85,396,5,159,1,2,1105
57,336,491,191,1,17,182
57,324,246,198,0,17,1501
99,81,478,170,0,17,1010
57,339,526,200,0,17,69
49,333,84,191,1,17,216
85,414,82,191,0,2,204
77,285,204,170,0,2,1606
85,407,467,190,0,2,1230
47,376,131,170,0,2,1004
57,336,435,191,0,17,1545
44,127,162,198,0,14,1388
49,342,5,89,0,2,916
10,388,366,134,0,17,377
85,388,497,170,0,17,377
77,119,98,25,0,2,1465
7,314,5,5,0,17,1313
40,411,381,159,1,2,1208
27,281,395,188,0,2,0
1,34,194,25,1,2,349
72,132,526,134,0,17,377
54,156,125,134,0,17,502
61,71,515,26,0,7,1001
62,388,358,25,0,2,39
2,33,165,25,0,2,317
49,327,84,191,1,2,159
57,332,82,191,0,17,1
22,371,184,69,0,14,43
77,95,238,198,0,13,96
64,388,225,170,0,2,377
49,268,5,89,0,2,605
99,81,526,134,0,17,377
61,71,515,26,0,2,992
85,414,445,191,1,2,12
49,338,84,191,1,2,428
1,25,112,39,0,2,690
99,123,338,170,0,17,1018
54,316,196,64,0,17,377
2,148,194,25,1,2,948
7,101,5,5,0,13,1678
49,333,84,191,1,7,174
2,149,410,25,1,2,239
70,293,5,131,0,2,792
99,80,526,134,0,8,531
85,400,466,198,1,2,228
85,414,82,191,0,2,204
13,128,162,198,0,14,403
49,267,5,89,0,17,631
49,330,84,191,0,17,178
44,127,87,170,0,14,1383
83,120,98,25,0,2,1465
77,95,5,146,0,2,567
11,388,238,198,0,2,12
99,239,412,170,0,17,769
49,346,218,188,0,7,0
22,293,282,78,0,14,43
64,388,225,170,1,2,43
60,276,196,64,0,8,377
2,148,194,25,1,2,330
49,346,487,172,0,17,377
70,293,5,131,0,2,693
49,347,5,89,1,2,661
1,24,199,65,1,2,833
61,168,14,86,0,7,43
49,232,84,191,0,2,194
69,388,114,108,0,2,1133
27,281,304,88,0,8,1190
85,414,82,191,0,2,202
100,255,5,186,0,17,959
27,281,452,188,0,2,0
49,348,5,89,1,2,635
13,128,162,198,0,14,403
13,128,87,170,0,14,1381
9,271,385,198,0,2,11
61,71,53,170,0,2,377
27,281,366,118,0,2,854
1,32,455,198,0,13,1649
27,281,507,198,0,17,288
45,145,169,49,0,13,43
12,277,304,88,1,2,1187
53,388,238,198,0,2,12
77,117,194,25,0,17,234
99,115,416,25,1,2,909
84,67,5,158,0,17,843
77,119,14,87,0,2,728
7,190,161,49,0,13,43
69,388,411,110,0,2,43
1,25,238,198,0,13,105
60,132,5,100,0,2,1789
94,116,5,176,0,2,2009
3,131,429,25,1,17,903
7,113,494,50,0,13,1658
54,357,140,136,0,2,498
57,329,5,96,1,2,971
99,220,328,130,0,2,1709
46,132,507,198,0,17,288
58,421,366,134,0,17,472
49,329,5,89,0,17,640
7,410,238,82,0,2,43
57,332,204,192,0,17,1497
84,67,291,170,0,17,1635
60,182,313,198,0,14,169
1,27,194,25,1,2,951
62,388,414,134,0,2,460
85,414,82,191,0,2,209
57,329,82,191,1,17,428
49,330,84,191,1,2,257
54,142,125,134,0,17,377
49,340,5,89,0,7,592
2,21,410,25,1,2,1402
22,150,238,78,0,14,43
93,162,57,190,0,2,996
1,25,238,198,0,13,105
7,314,291,134,0,17,771
27,281,112,144,0,2,377
69,388,447,97,0,2,1958
44,129,35,198,1,17,1265
57,336,129,191,0,17,1540
57,336,545,191,0,17,1533
99,251,98,25,0,17,43
38,359,100,33,0,2,43
49,326,84,191,1,17,428
69,388,366,134,0,2,1961
44,129,156,198,0,14,1583
27,281,510,177,0,17,350
55,311,5,94,1,2,711
57,336,5,96,0,17,653
12,282,507,198,1,2,285
57,336,479,188,0,17,0
49,339,84,191,1,2,159
49,267,5,89,0,2,624
60,132,5,100,0,2,1789
17,132,304,88,1,2,1182
13,128,162,198,0,14,1923
85,394,526,51,0,17,377
60,133,194,25,1,2,368
49,343,84,191,0,2,178
27,281,5,45,0,7,1795
1,25,194,25,1,2,368
57,338,5,96,0,2,972
61,71,189,63,0,2,43
85,414,82,191,0,2,209
99,73,98,27,0,17,303
60,132,366,134,0,2,377
85,398,5,159,0,17,1218
49,232,427,198,0,15,122
2,44,225,170,1,2,43
2,120,199,65,0,2,807
25,73,478,170,0,17,1010
49,333,84,191,0,2,208
49,124,84,191,0,17,191
39,4,227,177,0,2,464
27,281,251,134,0,2,377
90,132,304,88,0,7,1168
27,271,510,177,1,2,1707
54,139,263,188,0,17,0
32,388,110,116,0,2,43
61,71,515,26,0,13,1658
62,388,414,134,1,2,503
85,414,82,191,0,2,428
49,328,84,191,1,2,428
44,136,464,198,0,14,137
49,325,84,191,0,17,178
2,120,5,1,0,2,819
57,336,504,171,0,2,1001
71,132,98,177,0,17,302
69,388,530,113,0,2,43
27,281,265,188,0,2,0
51,234,338,170,0,7,1010
49,327,84,191,0,2,177
57,336,488,191,1,17,257
1,32,455,198,0,13,1649
46,388,366,134,1,2,503
45,150,169,49,0,13,43
22,371,5,29,0,13,1657
57,100,436,191,0,17,3
83,204,95,170,0,17,1153
57,331,82,191,0,2,179
83,204,118,188,0,2,0
27,281,5,45,0,8,1797
57,338,526,198,0,17,69
99,216,14,98,0,17,377
27,281,304,88,0,7,1176
85,143,333,198,0,2,1828
99,91,478,170,0,17,1833
79,388,23,202,0,13,1658
15,388,381,159,0,2,943
25,388,225,42,0,2,377
13,128,444,198,0,2,403
1,36,451,188,1,2,0
7,314,291,134,0,17,43
69,388,517,188,0,2,0
13,128,127,198,0,13,101
7,301,161,49,0,17,893
55,137,350,198,0,2,11
77,173,418,177,1,17,465
77,119,30,188,0,2,0
49,326,84,191,1,2,216
49,333,84,191,0,17,8
49,332,5,89,0,17,640
61,71,515,26,0,2,997
25,388,366,134,0,17,377
47,376,216,157,0,2,43
64,274,523,198,1,2,408
49,323,5,89,1,2,627
44,127,163,198,0,13,1571
85,414,82,191,0,2,180
60,132,304,89,1,2,1047
49,267,5,89,0,17,620
73,378,23,85,0,17,377
77,119,30,188,0,2,0
66,388,541,188,0,2,0
7,296,354,198,0,17,225
13,128,127,198,0,2,116
57,358,503,191,0,2,179
54,286,284,134,0,17,466
85,414,82,191,0,2,203
9,1,208,177,1,2,521
7,314,5,5,0,17,1584
94,132,399,45,1,2,880
60,363,238,198,0,13,138
7,111,494,50,0,13,1658
59,70,5,99,0,17,711
7,315,355,134,0,17,506
77,173,98,25,1,2,294
58,112,5,97,0,17,1108
64,284,524,198,1,2,408
84,67,5,158,0,17,843
49,342,5,89,0,2,892
57,336,71,191,1,17,221
99,106,412,170,0,2,377
2,149,5,1,1,2,1564
84,292,39,13,1,2,43
49,327,84,191,1,17,216
62,388,5,102,0,2,1643
40,419,207,137,0,17,499
54,212,125,134,0,17,505
60,132,291,170,0,2,377
57,334,82,191,0,17,1
60,132,322,188,1,2,0
49,332,204,192,0,17,1496
35,243,5,59,0,17,889
57,100,436,191,0,17,400
47,376,406,188,0,17,0
35,417,449,161,1,2,377
4,132,304,88,0,2,927
62,388,189,63,0,2,377
85,400,351,198,0,17,417
54,211,412,170,0,17,1937
22,371,184,69,0,14,43
49,233,510,191,0,17,188
7,314,161,49,1,2,1902
95,132,304,88,0,7,1174
99,106,14,87,0,2,43
57,336,5,96,0,17,653
100,126,150,198,0,17,1579
98,20,76,177,0,2,377
2,44,5,1,1,2,1614
99,239,98,25,0,17,882
54,68,298,152,0,17,525
49,342,82,191,0,7,257
64,388,366,134,1,2,377
2,149,112,39,0,2,1213
99,73,417,177,0,17,335
27,272,48,184,0,7,992
100,126,152,198,0,17,445
2,21,410,25,1,2,388
54,139,263,188,0,17,0
19,388,441,198,1,2,225
85,414,82,191,0,2,159
60,182,99,198,1,2,69
39,153,5,65,0,2,804
12,277,304,88,1,2,1188
92,59,301,198,1,2,390
54,316,390,134,0,17,505
44,127,437,198,0,13,168
99,88,478,170,0,17,1010
49,339,5,89,0,2,972
49,328,84,191,1,2,428
27,281,5,45,0,7,1794
85,414,445,191,1,2,12
60,132,421,170,1,2,761
47,281,357,134,0,17,496
86,250,93,198,0,2,434
49,324,84,191,0,17,178
99,106,189,63,0,2,377
9,276,399,45,0,17,1035
35,249,326,129,0,17,1645
77,95,180,25,0,8,43
93,163,87,192,0,17,377
99,72,287,98,1,2,43
49,334,84,191,1,2,178
85,414,82,191,0,2,180
1,25,238,198,0,2,363
54,138,6,134,0,17,377
62,388,539,188,0,2,0
83,204,542,137,0,17,43
7,150,291,134,1,2,531
68,280,82,191,0,7,6
2,120,238,198,0,13,76
83,114,194,25,0,2,948
62,388,192,25,1,2,358
49,341,5,89,1,2,603
12,283,304,88,0,2,1179
61,71,14,87,0,2,377
85,398,351,198,0,17,417
54,141,5,93,0,13,1663
85,414,82,191,1,2,1392
49,323,5,89,1,2,625
61,179,5,101,0,2,1424
83,204,542,137,0,17,43
27,45,304,88,1,2,1195
49,232,5,89,1,2,672
1,32,194,25,1,2,1366
57,324,82,191,1,2,1735
12,283,507,198,1,2,285
83,120,328,130,0,2,43
60,245,453,199,0,17,377
11,132,238,198,0,13,88
69,388,170,134,1,2,377
2,120,228,66,0,13,1658
7,111,5,5,0,13,1678
49,349,5,89,1,17,609
49,335,84,191,1,17,428
49,329,84,191,1,2,159
69,388,405,111,0,2,43
49,333,458,198,0,2,48
1,22,238,198,0,13,136
49,327,5,89,0,17,640
2,149,5,1,0,2,1561
77,173,98,25,1,2,248
49,232,84,191,0,2,193
40,419,432,25,0,2,364
60,132,366,134,0,2,377
7,293,5,5,0,17,1313
85,400,5,159,1,2,1390
57,333,168,198,0,7,224
69,388,447,97,0,2,1958
49,332,238,198,1,2,1499
56,10,5,95,0,2,634
25,73,525,134,1,17,546
99,76,478,170,0,17,1833
61,71,190,87,0,2,1064
2,148,199,65,1,2,834
44,127,437,198,0,13,168
22,383,255,171,0,2,1001
57,370,5,96,1,17,1566
25,388,381,159,0,17,943
68,132,304,88,0,17,1189
60,363,291,170,0,17,377
47,62,302,198,0,2,1530
60,132,507,198,0,17,289
70,387,535,198,1,2,437
85,401,223,170,0,2,735
99,220,515,26,0,2,1713
57,338,84,191,1,2,159
44,127,162,198,0,14,403
44,127,438,198,0,17,225
27,281,366,118,0,17,1133
1,36,194,25,1,2,904
73,132,9,177,1,2,464
60,132,304,89,0,2,1190
49,341,259,188,1,2,0
68,280,304,88,0,17,931
57,96,545,191,0,17,4
85,415,82,191,0,2,181
2,148,5,1,1,2,1618
68,280,304,88,0,7,1171
62,388,5,102,0,2,1878
2,149,5,1,0,2,1564
8,388,366,134,0,17,377
99,165,5,179,0,2,2014
40,211,414,134,0,17,43
56,124,84,191,0,2,194
64,284,68,191,1,2,217
7,101,494,50,0,13,1658
99,106,412,170,0,2,1018
60,322,211,136,0,2,478
27,271,304,88,1,2,935
7,315,161,49,0,14,43
60,132,304,89,0,2,1046
56,269,84,191,0,2,188
85,396,291,170,0,13,1659
49,323,5,89,1,2,635
28,388,159,193,1,2,1371
44,129,457,198,0,17,1943
60,132,507,198,0,17,284
90,132,304,88,1,2,1182
60,276,5,100,0,13,1666
25,388,502,198,1,2,225
57,336,547,191,0,17,1535
57,336,74,191,0,17,181
55,226,5,94,0,7,711
57,336,426,198,1,17,230
66,388,238,198,0,2,12
49,325,84,191,1,2,159
77,364,409,170,0,17,1017
49,326,84,191,0,17,180
85,415,82,191,0,2,181
60,132,208,177,1,2,368
7,175,290,134,0,17,1774
13,128,127,198,0,13,116
61,71,5,101,0,2,1424
85,394,5,159,1,2,1215
49,342,345,198,0,2,1944
83,204,95,170,0,17,1154
99,220,254,26,0,2,993
77,173,98,25,1,2,903
99,247,328,130,0,17,377
73,378,103,25,1,2,903
2,33,5,1,1,2,1561
49,334,204,192,0,17,1496
54,139,262,188,0,17,0
85,414,473,198,0,13,1689
62,388,244,188,0,2,0
71,132,98,177,0,17,298
7,150,291,134,0,17,771
9,1,20,177,0,2,536
79,388,272,195,1,2,1378
2,21,410,25,1,2,364
62,388,238,198,0,13,108
49,330,84,191,0,17,8
27,271,304,88,0,14,1179
57,96,1,191,0,17,66
54,110,5,93,0,13,1663
49,341,5,89,1,2,617
90,132,304,88,1,2,1188
69,388,170,134,0,2,860
2,38,410,25,1,2,1402
49,348,5,89,1,2,632
2,44,194,25,0,2,1420
60,132,384,134,0,2,377
60,132,478,170,0,17,1010
85,415,5,159,0,2,1831
64,274,116,170,0,2,742
69,388,526,134,0,2,1967
49,325,84,191,1,2,428
13,128,301,198,0,13,1571
60,132,5,100,1,7,570
7,113,161,48,0,13,43
60,132,399,45,0,2,1113
99,106,412,170,0,2,377
85,415,82,191,0,2,200
99,80,526,134,0,17,377
75,140,355,134,0,17,377
56,124,84,191,0,2,193
56,370,371,198,0,17,225
18,304,5,18,0,2,1784
73,388,272,134,1,2,377
85,400,5,159,0,2,1390
49,323,5,89,1,2,613
57,324,5,96,0,17,680
66,388,541,188,1,2,0
7,175,5,5,0,17,1313
49,339,84,191,1,17,428
27,354,5,45,0,17,1024
60,132,209,134,1,2,377
25,73,478,170,0,2,1146
62,388,5,102,0,2,1878
99,184,14,98,0,2,43
49,332,84,191,1,2,257
57,124,5,96,1,17,1566
85,414,82,191,0,2,436
96,388,366,134,0,17,377
27,224,423,134,0,2,43
69,388,381,159,0,2,939
49,321,84,191,1,2,159
61,71,5,101,0,2,2009
62,388,414,134,1,2,377
49,324,84,191,1,17,214
49,267,5,89,0,2,626
83,204,98,25,1,2,948
64,279,68,191,1,2,217
73,132,510,177,1,2,489
99,220,5,179,0,17,1715
84,291,5,158,0,2,1067
54,104,401,170,0,9,377
2,120,341,188,0,2,0
13,128,81,198,0,2,1327
55,308,5,94,1,2,711
57,100,230,191,0,17,65
85,414,82,191,0,2,429
49,344,5,89,0,2,916
68,280,5,127,0,7,1795
2,149,5,1,1,2,1564
2,120,238,198,1,2,225
99,78,526,134,0,17,377
27,270,5,45,0,17,1800
99,73,98,27,0,3,377
64,132,497,170,1,2,1013
85,372,5,159,0,19,1218
27,281,304,88,1,2,1179
49,362,5,89,1,2,612
57,336,129,191,0,17,1540
60,276,199,65,0,8,1205
68,280,291,170,0,17,274
60,132,187,87,1,2,377
2,120,5,1,0,2,1614
44,127,162,198,0,13,1924
79,388,23,196,0,13,1658
85,415,466,198,0,2,406
57,338,343,188,0,2,0
54,286,291,170,0,2,531
57,336,73,191,1,2,218
97,221,301,198,0,14,1475
89,73,132,96,1,2,1119
49,345,84,191,0,7,200
69,388,477,170,0,2,1978
64,274,116,170,0,2,741
27,169,5,45,0,2,721
85,399,5,159,0,17,1218
99,89,526,134,0,17,462
84,67,286,97,0,17,1633
69,388,339,109,0,2,1133
72,132,98,177,0,8,388
99,73,510,177,0,17,521
2,120,5,1,0,2,1564
54,110,431,134,0,17,377
7,293,161,49,0,17,893
2,120,112,39,0,2,1213
69,388,366,134,0,17,1931
12,392,381,159,0,2,943
49,327,84,191,0,17,178
2,33,112,39,1,2,1069
54,110,125,134,0,17,377
77,173,98,25,1,2,1406
99,106,82,191,0,2,160
85,407,5,159,1,2,1491
57,336,492,191,0,17,3
77,117,144,25,0,2,340
2,39,194,25,1,2,330
44,127,162,198,0,13,1924
83,204,98,25,1,2,883
64,274,71,191,1,2,181
85,246,82,191,0,17,181
49,327,84,191,0,2,208
49,330,84,191,1,2,178
90,132,304,88,1,2,1189
49,333,84,191,1,2,216
60,132,322,188,0,8,0
61,71,14,87,0,2,377
49,333,371,198,1,2,1506
60,132,304,89,1,2,1047
99,91,478,170,1,2,1728
99,91,312,200,0,7,163
85,408,342,188,1,2,0
57,336,68,191,1,17,220
49,320,84,191,1,17,212
85,414,5,159,0,2,1831
61,71,52,130,0,2,377
57,333,5,96,1,2,1163
7,302,161,49,0,13,43
33,403,5,57,0,2,800
57,336,230,191,0,17,1542
57,338,84,191,1,17,159
85,401,91,188,0,2,0
27,281,5,45,0,8,1797
49,328,84,191,1,2,178
4,132,5,3,0,2,1793
9,276,366,134,1,2,377
27,224,195,64,0,2,43
60,215,442,136,0,17,498
2,148,194,25,0,2,1420
61,71,190,87,0,2,43
64,284,69,191,1,2,181
60,363,238,198,0,2,1729
27,271,510,177,1,2,1707
61,13,183,130,1,2,43
54,312,298,152,0,17,525
2,149,410,25,1,2,388
40,419,207,137,0,2,377
84,67,286,97,0,17,1103
37,69,526,170,0,2,43
1,23,138,38,1,2,1420
85,147,5,159,0,17,1219
44,127,162,198,0,13,1924
54,142,45,102,0,17,377
13,128,383,198,0,13,1925
1,23,138,38,0,17,1420
61,71,54,91,0,2,43
85,398,5,159,1,2,1214
27,272,10,177,0,8,536
47,62,5,84,0,2,1529
49,342,182,191,1,17,1495
2,39,194,25,1,2,364
2,37,410,25,1,2,364
44,127,301,198,0,13,1571
85,402,5,159,0,17,1831
39,186,386,142,0,13,43
44,127,437,198,0,14,100
99,89,478,170,0,17,1426
49,327,84,191,0,17,8
66,388,447,97,1,2,708
2,149,112,39,1,2,1069
95,132,304,88,0,7,1176
11,388,238,198,0,2,12
44,127,127,198,0,13,101
61,47,238,198,0,13,434
60,271,304,89,1,2,1179
99,87,316,118,0,17,1132
85,414,82,191,0,2,159
57,269,84,191,0,2,191
49,335,84,191,1,2,159
49,327,84,191,1,2,428
39,4,515,26,1,2,999
57,124,115,198,1,17,131
85,134,5,159,0,2,1483
85,396,5,159,1,2,1105
99,89,526,134,0,17,546
85,414,5,159,1,2,924
49,256,204,192,0,17,1496
49,338,84,191,1,17,180
49,347,84,191,0,2,1735
27,281,112,144,1,2,1073
49,328,84,191,0,2,208
27,271,5,45,0,7,1027
57,333,307,35,1,2,1130
56,236,84,191,0,17,1735
39,4,328,130,0,2,43
13,128,127,198,0,13,101
12,277,304,88,1,2,1187
7,150,5,5,0,17,1313
60,271,304,89,0,17,1191
85,414,445,191,0,2,12
64,284,65,191,0,2,187
62,388,539,188,0,2,0
85,407,167,198,0,13,1649
100,255,468,17,0,17,1727
2,44,199,65,1,2,807
79,388,5,147,0,13,1671
73,388,238,198,0,2,12
64,132,497,170,1,2,1013
70,386,281,188,1,2,0
85,414,82,191,0,2,181
2,33,166,177,0,2,465
60,132,208,177,1,2,349
22,259,427,78,0,2,377
60,363,82,191,0,2,179
56,229,83,191,0,17,257
49,347,371,198,1,2,1509
73,388,272,134,1,2,1931
44,129,269,188,1,17,0
85,414,5,159,0,2,1490
39,192,174,188,0,17,0
49,332,5,89,1,2,678
85,414,82,191,0,2,1391
61,181,189,63,0,17,43
49,258,510,25,1,17,906
68,280,112,144,0,2,43
85,391,351,198,0,17,417
85,408,342,188,0,2,0
61,71,14,87,0,2,43
57,336,68,191,1,2,179
1,34,194,25,1,2,376
85,134,57,190,0,2,995
90,132,291,170,1,7,1547
27,281,41,100,0,2,43
62,388,539,188,0,2,0
49,267,5,89,0,17,610
60,132,394,144,1,2,1073
49,332,480,170,0,2,899
49,233,510,191,0,17,194
49,342,84,191,1,17,362
60,133,194,25,1,2,376
35,243,326,129,0,17,1645
54,350,431,134,0,17,377
58,112,422,153,0,17,377
60,363,474,188,0,2,0
57,331,5,96,1,2,971
85,414,466,198,0,2,403
99,89,526,134,0,17,377
85,400,526,170,0,17,377
2,148,225,170,1,2,43
60,132,453,199,0,2,377
49,236,84,191,0,17,1735
2,21,410,25,1,2,349
49,331,84,191,0,2,179
94,132,304,88,0,2,1190
99,240,82,191,0,17,65
99,88,526,134,0,17,513
13,128,163,198,0,13,1571
49,323,5,89,0,7,594
90,132,304,88,0,2,1190
69,388,447,97,0,2,1972
57,269,84,191,0,2,193
54,130,45,102,0,10,43
1,25,202,198,0,2,1683
61,71,119,38,0,8,43
71,132,304,88,1,7,1188
79,388,5,147,0,13,1671
27,281,304,88,0,8,931
71,132,98,177,0,17,253
60,132,208,177,1,2,364
39,103,5,65,0,17,810
85,400,82,191,0,2,1392
99,220,254,26,0,2,1234
60,132,304,89,0,2,1046
4,132,304,88,1,2,1187
11,132,23,85,0,13,1665
99,73,417,177,0,17,234
27,271,5,45,1,2,1031
89,73,525,134,1,2,513
61,71,67,191,1,2,411
64,279,226,43,0,2,377
49,323,5,89,1,2,612
77,173,98,25,1,2,263
90,132,304,88,1,2,1189
60,132,304,89,1,17,1188
58,169,5,97,0,2,721
39,186,282,198,0,13,152
39,192,510,177,0,17,377
54,156,26,198,0,17,1414
13,128,81,198,0,2,1327
2,44,5,1,1,2,1618
54,68,298,152,0,17,451
7,175,291,134,0,17,771
64,279,116,170,0,2,741
99,184,461,188,0,2,0
77,119,98,25,0,2,951
85,388,5,159,0,12,1781
44,127,437,198,0,14,1386
64,284,68,191,1,2,181
49,362,5,89,1,2,605
61,179,14,86,0,7,43
77,55,279,171,0,17,377
99,73,98,27,1,2,243
85,135,57,190,0,2,377
2,120,353,188,0,2,0
77,119,5,146,0,2,820
1,25,194,25,1,2,349
99,81,478,170,1,2,1011
99,106,329,170,1,2,1020
57,332,82,191,1,2,216
2,33,112,39,1,2,1069
60,132,5,100,1,2,1790
60,363,196,64,0,2,377
57,336,1,191,0,17,1538
73,378,164,134,0,2,377
51,234,14,87,0,2,1064
7,293,233,198,0,17,1588
83,204,98,25,1,2,1406
85,388,497,170,1,2,377
49,343,84,191,1,17,386
72,132,98,177,0,8,349
2,21,410,25,1,2,368
2,149,112,39,0,2,1213
60,132,5,100,0,2,1789
39,4,227,177,0,2,39
2,149,112,39,0,2,1069
77,173,98,25,1,2,234
13,128,301,198,0,13,1571
83,108,447,137,0,17,377
94,116,515,26,0,2,999
69,388,381,159,0,2,939
44,127,127,198,0,13,101
85,388,5,159,1,2,1219
49,342,84,191,1,17,362
57,336,490,191,0,17,65
54,138,34,134,0,17,513
99,78,526,134,0,17,513
27,281,98,25,0,2,377
49,343,5,89,1,2,661
60,118,510,177,0,17,464
84,292,286,97,0,2,716
24,132,5,36,0,17,1893
85,388,282,198,0,13,118
22,383,5,29,0,2,1715
49,323,5,89,1,2,626
49,334,84,191,1,17,216
85,398,5,159,1,2,1105
64,274,69,191,1,2,181
1,26,194,25,1,2,364
9,271,304,88,0,2,1179
66,388,366,134,0,17,377
61,71,538,170,0,2,1010
49,338,84,191,1,17,159
56,93,5,95,0,17,587
85,414,5,159,1,2,1390
77,117,14,87,0,2,43
54,130,125,134,0,17,377
69,388,530,113,0,2,1133
77,119,14,87,0,2,1336
73,378,238,198,0,13,136
99,85,526,134,0,17,513
69,388,109,188,0,2,0
69,388,447,97,0,2,1960
77,48,338,170,0,17,377
2,148,194,25,1,2,1402
99,239,238,198,0,13,106
85,414,219,198,0,2,224
88,65,112,153,0,14,43
60,276,155,198,1,2,1321
49,328,84,191,0,2,177
49,320,181,191,1,17,1495
84,292,530,113,0,2,43
44,127,434,170,0,14,1382
49,267,5,89,0,17,609
85,400,82,191,0,2,435
2,42,112,39,1,2,1213
95,132,525,134,0,17,531
60,132,92,144,0,2,377
85,398,526,191,1,2,225
84,67,366,134,0,17,1634
54,286,98,25,0,17,903
49,328,84,191,0,2,179
54,352,125,134,0,17,502
83,120,287,98,0,17,43
70,386,19,198,0,2,225
62,66,5,102,0,17,1099
49,327,84,191,1,2,428
94,132,291,170,1,7,1397
57,96,129,198,0,17,65
89,73,525,134,1,2,546
27,281,304,88,0,2,926
91,132,526,134,0,17,377
99,166,5,179,0,2,2014
83,204,98,25,1,2,1402
49,330,5,89,0,2,1457
77,173,140,136,0,2,377
45,293,5,73,0,17,1773
47,62,87,190,0,2,996
69,388,5,128,0,2,562
100,254,468,17,0,17,1727
90,132,304,88,1,2,1188
57,324,82,191,1,2,178
3,131,515,26,0,13,1658
49,329,84,191,1,2,208
9,271,455,198,0,13,1649
54,350,298,152,0,17,451
57,336,135,198,0,17,1511
57,336,5,96,0,17,686
54,286,98,25,0,17,1429
61,71,515,26,0,8,1001
99,86,147,136,0,2,498
85,414,82,191,0,2,159
77,54,238,198,0,13,114
12,283,507,198,1,2,286
49,347,5,89,0,2,972
2,149,455,198,0,13,1649
99,85,526,134,0,17,377
27,281,82,191,1,2,197
61,71,264,188,0,7,0
56,124,84,191,0,2,191
49,267,5,89,0,17,635
39,186,208,177,0,17,521
49,333,5,89,0,17,640
2,44,5,1,1,2,1564
1,36,451,188,1,2,0
77,16,31,0,0,2,377
27,271,515,184,0,13,1658
27,281,501,134,1,2,516
62,388,5,102,0,13,1674
10,388,238,198,0,13,136
60,276,205,118,0,2,377
85,414,219,198,0,2,224
85,372,90,23,1,17,338
49,328,84,191,1,2,159
25,388,381,159,1,2,940
64,284,66,191,0,2,179
60,12,238,198,0,13,136
77,183,189,63,0,2,377
99,105,190,87,0,2,1123
49,330,84,191,1,17,216
60,133,455,198,0,13,1649
68,280,421,170,1,2,761
49,320,84,191,0,2,182
85,414,82,191,0,2,433
69,388,170,134,1,2,531
56,265,5,95,0,7,588
39,4,208,177,0,17,534
2,30,189,63,0,2,885
60,132,5,100,0,2,1789
27,281,82,191,1,2,428
49,342,84,191,0,17,213
86,250,94,28,0,17,377
60,182,236,198,0,14,1808
2,148,112,39,1,2,1069
56,269,84,191,0,2,191
95,132,82,191,0,2,400
1,32,238,198,0,13,136
82,379,5,153,1,17,1090
4,132,225,170,1,2,43
49,323,5,89,1,2,624
10,388,238,198,0,2,12
69,388,170,134,0,2,860
62,388,517,188,0,2,0
49,267,5,89,0,2,605
61,172,98,25,0,2,957
44,129,36,198,1,17,1248
49,327,23,196,0,2,1456
69,388,170,134,0,2,513
49,233,153,198,0,17,1917
1,25,194,25,0,17,353
26,276,5,44,0,2,837
49,324,84,191,1,17,212
85,401,5,159,0,2,923
62,388,189,63,0,2,43
77,119,146,25,0,17,31
49,267,5,89,1,7,916
40,411,5,67,1,2,1874
2,148,199,65,1,2,1289
61,168,119,38,0,7,43
27,271,510,177,1,2,330
7,293,161,49,0,13,43
93,162,302,198,0,2,1485
1,26,194,25,1,2,349
49,335,84,191,1,17,159
49,256,5,89,1,2,620
27,281,304,88,0,7,928
49,325,84,191,1,2,428
9,271,272,180,0,2,874
57,334,5,96,1,2,971
13,128,88,198,0,17,225
74,388,374,141,1,2,961
68,280,304,88,1,2,1189
4,132,270,96,0,2,1119
49,340,5,89,0,7,594
57,100,436,191,0,17,65
66,388,98,25,1,2,273
49,348,5,89,1,2,625
60,132,5,100,1,2,1919
49,344,5,89,0,2,892
7,113,5,5,0,13,1678
1,25,194,25,1,2,1366
54,156,26,198,0,17,1698
49,333,238,198,0,13,434
90,132,304,88,0,7,1171
27,281,82,191,1,7,199
27,281,208,177,0,2,43
44,127,437,198,0,14,1387
49,321,84,191,1,17,428
27,281,204,134,1,2,391
49,267,5,89,0,17,632
57,332,238,198,1,2,1499
60,133,82,191,1,2,159
49,236,84,191,0,2,257
58,412,394,153,0,17,43
57,333,82,191,1,17,216
69,388,170,134,1,2,377
85,415,238,198,0,13,102
49,345,84,191,0,7,257
58,412,430,153,1,2,1843
44,127,88,198,0,17,225
32,58,214,156,0,17,377
49,347,5,89,1,2,667
57,333,82,191,1,2,208
99,377,279,171,0,17,999
27,281,82,191,0,7,6
27,281,195,64,1,8,377
70,218,5,131,0,2,792
39,186,208,177,0,17,534
49,333,84,191,1,2,257
85,414,82,191,0,2,203
57,333,82,191,1,2,257
85,400,82,191,0,2,73
85,391,300,198,0,2,403
71,404,238,198,0,2,12
49,328,178,188,1,2,0
2,120,341,188,0,2,0
61,71,14,87,0,2,377
18,299,34,190,0,2,43
49,332,84,191,1,2,208
60,132,194,25,1,2,376
77,95,5,146,0,8,567
49,330,23,199,0,2,1456
49,267,5,89,0,17,637
13,128,127,198,0,2,116
49,328,84,191,0,2,208
49,331,84,191,1,2,208
27,272,10,177,0,17,521
49,328,84,191,1,2,178
83,120,5,155,0,2,551
54,113,125,134,0,17,492
84,67,366,134,0,17,1634
49,361,5,89,1,17,624
49,340,5,89,1,2,632
99,220,238,198,0,13,153
49,325,84,191,1,2,178
57,336,488,191,1,17,173
90,132,304,88,0,2,1190
49,338,84,191,1,17,361
47,281,90,23,0,2,377
51,234,388,26,0,8,998
49,333,5,89,1,2,658
54,350,298,152,0,17,525
27,281,5,45,0,2,1031
17,132,304,88,1,2,1194
60,363,196,64,0,2,377
61,160,56,25,0,17,340
89,74,525,134,0,17,531
49,328,84,191,1,17,216
56,265,5,95,0,17,587
99,73,478,170,0,17,1010
79,388,272,193,1,2,1372
99,73,357,134,0,17,377
7,314,233,198,0,17,1588
77,95,180,25,0,2,43
49,233,427,200,0,17,439
27,271,515,184,0,2,1684
2,148,194,25,1,2,376
49,342,238,198,0,13,434
85,391,5,159,0,17,1218
57,331,5,96,1,2,971
99,73,478,170,0,17,1833
1,25,194,25,1,2,376
61,105,190,87,0,2,727
62,388,456,188,0,2,0
7,302,5,5,0,17,1585
39,186,12,184,0,2,377
2,148,165,25,0,2,1420
35,248,510,25,0,17,377
99,377,279,171,0,17,998
49,343,371,198,0,17,1506
47,62,87,190,1,2,377
54,312,397,134,0,17,466
13,128,437,198,0,13,168
2,120,238,198,0,13,76
48,159,526,134,0,17,377
27,281,204,134,0,2,377
85,388,5,159,0,12,1781
7,410,238,82,0,14,891
85,415,167,198,0,13,1649
60,132,238,198,0,13,136
94,132,304,88,1,2,1188
99,73,357,134,0,17,505
83,108,447,137,0,17,499
2,33,5,1,0,2,1564
39,186,98,25,0,17,377
49,256,5,89,1,2,619
77,119,30,188,0,2,0
57,100,435,191,1,17,186
39,103,356,188,0,17,0
73,388,404,25,1,2,1549
85,414,82,191,1,2,81
77,95,180,25,0,7,43
69,388,170,134,0,2,860
99,106,67,191,1,2,212
54,352,246,198,1,2,434
85,408,5,159,1,2,1219
57,336,230,191,0,17,1542
85,414,82,191,0,2,73
69,388,477,170,0,2,1965
49,326,84,191,1,2,159
57,333,5,96,0,14,971
60,133,238,198,0,13,136
27,271,510,177,1,2,1433
99,89,440,96,1,2,1120
77,95,180,25,0,8,43
47,62,302,198,1,2,165
47,271,304,88,1,2,915
85,400,466,198,0,2,406
27,272,5,45,0,17,1035
60,12,455,198,0,13,1649
85,414,5,159,1,2,1490
57,336,436,191,0,17,1546
83,120,98,25,0,2,306
99,82,526,134,0,17,513
44,127,162,198,0,14,403
99,81,526,134,0,17,462
51,194,526,134,0,17,377
68,280,304,88,0,7,928
57,329,5,96,0,17,638
99,87,478,170,0,2,897
49,267,5,89,0,17,603
27,271,5,45,0,14,1031
49,333,480,170,0,2,899
38,359,33,8,0,2,43
79,388,238,198,0,2,12
2,149,5,1,0,2,1564
85,414,5,159,1,2,1390
1,25,194,25,1,2,364
46,388,98,25,1,2,242
1,27,266,188,1,2,0
77,95,5,146,0,13,1650
1,22,455,198,0,13,1649
70,15,177,171,0,2,43
72,132,98,177,0,17,242
62,412,112,153,0,17,377
49,362,5,89,1,2,625
25,388,366,134,1,2,472
69,388,170,134,1,2,377
49,344,5,89,0,2,892
57,336,1,191,0,17,1538
77,119,194,25,0,2,1423
99,238,510,177,0,17,464
57,331,82,191,1,2,208
79,388,23,189,0,13,1658
57,336,503,191,0,2,196
99,87,316,118,0,17,702
57,336,493,191,0,17,3
49,332,84,191,0,17,1
85,414,497,170,0,13,1659
39,186,238,198,0,13,152
49,328,343,188,0,2,0
60,132,5,100,0,2,1894
84,65,414,134,0,17,1908
1,34,194,25,1,2,368
92,59,486,170,0,17,43
100,126,152,198,0,17,445
85,400,5,159,1,2,1490
60,276,453,199,0,17,43
73,388,381,159,0,17,939
83,108,526,188,1,2,0
38,359,5,64,1,2,820
99,106,13,126,0,2,43
99,87,526,134,0,17,377
2,33,5,1,1,2,1561
99,239,238,198,0,17,1910
95,132,525,134,0,17,377
12,283,291,170,1,2,789
57,336,5,96,0,2,1991
51,174,526,134,0,17,377
83,120,14,87,0,2,1126
60,132,194,25,1,2,948
60,182,330,198,0,17,1729
54,312,397,134,0,17,377
57,339,84,191,1,2,159
85,401,526,195,1,2,1378
1,34,199,65,0,2,1058
7,314,407,49,1,2,359
99,220,5,179,0,2,901
99,73,417,177,0,17,262
85,414,351,198,0,2,417
39,4,227,177,0,17,43
57,124,84,191,0,2,194
49,326,84,191,1,2,428
27,281,430,144,1,2,1073
74,388,374,139,1,2,961
49,343,371,198,1,2,1520
4,132,525,134,0,2,377
1,25,208,177,1,17,521
54,113,125,134,0,17,377
61,172,98,25,0,2,1423
49,328,84,191,0,17,197
54,113,271,79,0,14,891
2,31,410,25,1,2,1366
0,205,113,28,0,17,43
55,365,5,94,1,2,711
56,265,371,198,0,2,403
51,234,14,87,0,2,1064
7,301,291,104,0,17,771
44,127,162,198,0,14,1923
54,156,246,198,1,17,434
49,268,5,89,0,2,625
69,388,5,128,0,2,558
47,281,186,62,0,2,43
19,388,502,198,1,2,225
57,336,426,198,0,17,230
27,281,5,45,0,2,710
77,231,97,25,0,17,377
57,96,548,191,0,17,65
56,124,371,198,0,2,224
49,325,84,191,1,2,208
54,352,246,198,1,2,434
57,339,84,191,0,2,1735
13,128,162,198,0,14,1923
85,400,5,159,0,17,1831
49,342,371,198,1,2,1520
99,86,98,27,0,17,298
84,292,414,134,0,2,513
85,102,5,159,0,2,586
69,388,366,134,0,2,1961
2,37,112,39,0,17,1213
2,148,112,39,1,2,1069
85,400,5,159,1,2,1389
99,73,98,27,0,17,358
61,71,199,65,0,2,43
77,51,338,170,0,17,770
49,341,5,89,1,2,603
62,185,313,198,0,14,169
25,388,208,177,0,17,1846
57,100,435,191,1,17,428
25,388,237,198,1,2,225
99,73,98,27,0,17,364
49,329,84,191,1,17,428
1,26,194,25,1,2,234
49,267,5,89,0,2,625
66,388,307,107,0,17,1130
49,328,84,191,1,2,428
57,324,5,96,1,2,971
99,209,412,170,0,17,1606
64,274,66,191,1,2,181
68,280,82,191,1,17,216
77,95,95,170,0,7,1160
57,329,82,191,1,2,159
49,348,5,89,1,2,624
2,44,112,39,1,2,1213
49,325,84,191,0,2,179
54,130,195,67,0,8,43
85,414,82,191,0,2,433
93,162,421,165,0,17,377
62,388,414,134,1,2,486
64,284,66,191,1,2,180
2,39,194,25,1,2,376
44,163,239,198,0,2,225
1,25,194,25,1,2,948
70,293,5,131,0,2,693
49,232,84,191,0,2,188
60,118,5,100,0,8,576
2,149,112,39,1,2,1213
57,334,82,191,1,2,257
57,370,115,198,1,17,131
49,233,427,200,0,17,122
2,39,194,25,1,2,948
7,150,161,49,0,17,1312
57,96,546,191,0,17,400
1,36,194,25,1,2,906
77,173,98,25,1,2,1436
27,281,204,134,0,2,491
49,348,5,89,0,7,592
76,379,5,144,1,2,831
61,105,335,198,0,2,1254
73,378,526,134,0,2,345
64,279,66,191,1,2,181
99,106,13,126,0,2,43
57,124,84,191,0,2,188
49,340,5,89,1,2,609
60,118,510,177,1,2,464
57,96,129,198,0,17,4
49,343,238,198,1,2,1499
85,391,300,198,0,2,403
47,271,367,138,1,2,377
7,175,5,5,0,17,1584
47,405,216,157,0,2,43
55,310,5,94,0,17,711
49,232,323,198,0,14,1649
2,39,194,25,1,2,349
77,119,30,188,0,17,0
77,95,238,198,0,13,84
7,293,290,134,0,17,1774
27,271,5,45,1,2,1035
85,393,158,170,0,2,735
54,350,443,152,1,2,525
2,29,409,65,0,2,832
57,336,479,188,0,17,0
46,132,507,198,1,2,283
54,352,246,198,0,2,1412
100,126,152,198,0,17,445
68,280,5,127,0,2,1792
2,149,410,25,1,2,1402
39,103,500,25,0,17,43
83,204,98,25,1,2,1436
7,297,238,80,0,13,891
83,204,542,137,0,17,43
74,132,526,46,1,17,377
77,95,95,170,0,8,1159
99,240,82,191,1,17,177
27,271,5,45,0,7,1030
2,148,112,39,0,2,1213
25,73,478,170,0,2,734
71,132,98,177,0,17,253
9,271,385,198,0,2,11
27,281,304,88,0,7,1168
60,276,238,198,0,13,138
99,166,208,177,0,2,465
97,155,79,191,1,2,189
64,279,69,191,0,2,179
57,92,149,198,0,13,1649
77,119,98,25,0,2,957
27,281,82,191,0,7,6
44,163,454,191,0,2,12
57,333,238,198,0,13,434
49,333,168,198,0,7,224
99,88,478,170,0,17,1426
57,333,246,198,1,2,1956
62,388,192,25,1,2,388
1,25,52,130,0,2,43
27,281,82,191,1,2,174
57,336,488,191,1,17,177
49,340,5,89,1,2,605
3,131,5,2,0,13,1681
27,271,238,198,0,13,153
27,281,304,88,1,2,935
62,388,192,25,1,2,349
94,132,304,88,0,17,1189
91,132,526,134,0,17,377
85,414,82,191,0,2,178
27,281,499,144,0,2,1089
44,102,543,31,0,2,43
68,280,98,25,0,17,1406
94,132,176,25,1,2,377
40,211,5,67,0,17,846
48,350,246,198,0,13,1649
85,388,301,198,0,12,417
7,150,290,134,0,17,1261
62,388,190,87,1,2,377
27,281,366,118,1,2,392
44,127,383,198,0,13,1925
45,150,5,73,0,17,1773
85,415,82,191,0,2,166
49,349,511,198,0,13,1649
85,414,5,159,1,2,1490
77,173,510,177,0,2,521
69,388,530,113,0,2,1133
13,128,437,198,0,13,168
60,132,366,134,0,2,377
57,336,135,198,0,17,1511
27,281,421,170,1,2,1332
57,336,488,191,1,17,222
49,321,84,191,1,17,159
69,388,526,134,0,2,377
27,281,82,191,1,7,257
99,106,412,170,0,2,377
99,79,526,134,0,17,531
99,213,510,177,1,17,465
99,83,357,134,0,17,531
68,280,304,88,0,7,1168
61,47,427,198,1,2,69
27,281,5,45,0,7,1027
99,220,321,188,0,2,0
1,26,194,25,1,2,294
85,394,5,159,0,2,1215
27,57,5,45,0,2,1114
61,71,5,101,0,2,1053
85,388,82,191,0,2,200
85,399,5,159,0,17,1831
49,340,5,89,1,2,623
27,46,304,88,0,7,1174
71,388,366,134,0,17,377
49,253,238,198,0,2,120
2,149,410,25,1,2,376
7,0,248,198,0,3,69
38,359,100,33,0,2,43
99,106,67,191,1,2,411
85,396,238,198,0,13,115
57,336,73,191,1,2,222
49,331,204,192,0,17,1496
89,73,478,170,0,17,1010
85,388,82,191,0,2,174
57,336,68,191,0,17,211
51,159,526,134,0,17,377
44,163,238,198,0,14,438
49,340,5,89,1,2,623
44,129,36,198,1,17,1248
1,25,238,198,0,2,363
49,345,232,188,0,2,0
99,87,77,19,0,17,43
69,388,477,170,0,2,1965
57,329,82,191,1,2,428
22,259,120,134,1,17,531
48,195,526,134,0,17,495
57,336,403,198,0,17,224
77,119,30,188,0,2,0
57,329,82,191,1,2,216
49,333,307,35,1,2,1130
99,73,357,134,0,17,377
49,334,84,191,0,17,178
44,127,87,192,0,14,1385
60,132,304,89,1,2,1047
57,269,84,191,0,2,194
71,132,98,177,0,8,464
60,276,320,198,0,2,1791
49,330,84,191,0,2,179
85,108,475,188,1,2,0
60,132,5,100,1,2,1790
85,414,82,191,0,2,81
61,71,14,87,0,2,727
79,388,238,198,0,13,87
57,368,5,96,1,17,892
44,163,238,200,0,2,69
49,349,5,89,0,17,632
2,148,455,198,0,13,1649
67,132,507,198,1,2,286
97,221,301,198,0,14,1475
12,277,304,88,0,2,1179
54,357,390,134,0,17,505
85,407,232,188,1,2,0
49,341,5,89,0,2,610
85,414,466,198,0,2,406
54,286,447,137,0,8,499
61,105,413,148,0,2,43
7,310,238,198,0,13,136
49,334,84,191,1,2,257
44,127,301,198,0,13,1571
64,284,116,170,1,2,743
99,106,189,63,0,2,377
2,149,5,1,1,2,1561
49,340,5,89,1,2,627
85,134,57,190,0,2,377
57,336,3,191,0,17,400
49,334,84,191,1,2,208
40,411,381,159,1,2,1105
57,96,546,191,0,17,65
55,137,5,94,0,17,711
57,336,68,191,1,2,181
85,407,301,198,0,13,1649
70,293,238,198,0,13,104
72,132,98,177,0,17,325
77,54,279,171,0,13,1658
49,233,510,191,0,17,7
20,132,526,134,0,17,531
85,400,82,191,0,2,206
57,331,82,191,1,17,159
85,414,82,191,0,2,181
44,127,127,198,0,13,116
85,415,497,170,0,13,1659
64,274,68,191,1,2,217
39,4,5,65,1,2,2009
84,65,5,158,0,17,1100
94,116,515,26,0,2,1222
94,132,304,88,0,2,1190
61,71,5,101,0,2,1424
2,148,194,25,1,2,368
85,414,82,191,0,2,174
72,132,98,177,0,17,255
99,220,483,25,0,17,1417
60,132,5,100,0,2,1789
2,38,410,25,1,2,358
49,334,84,191,0,17,200
85,400,5,159,1,2,1490
9,271,304,88,0,2,1191
99,79,526,134,0,17,539
7,150,233,198,0,17,1588
54,130,316,119,0,17,707
56,10,5,95,0,2,584
22,263,427,78,0,2,377
57,336,490,191,0,17,400
57,329,82,191,0,17,178
7,113,526,134,0,17,377
49,326,5,89,0,17,640
57,100,315,191,0,17,3
27,224,455,198,0,13,1649
99,89,478,170,0,17,1010
49,320,84,191,0,2,1735
49,342,238,198,1,2,1499
61,13,138,38,1,2,43
49,330,84,191,1,2,159
57,100,230,191,0,17,400
77,183,189,63,0,2,377
47,375,284,134,0,17,466
64,274,497,170,0,2,1019
99,239,213,171,0,13,1658
57,336,229,191,0,17,1541
38,359,33,10,0,2,43
77,48,338,170,0,17,1010
4,132,304,88,1,2,1189
1,22,220,188,0,2,0
83,204,542,137,0,17,377
77,173,510,177,0,2,536
9,1,520,184,0,2,998
39,186,514,182,0,13,1658
27,281,5,45,1,2,1625
77,183,61,191,0,2,433
1,34,276,177,1,2,330
57,336,435,191,0,17,1545
2,148,5,1,1,2,1561
1,26,194,25,1,2,1366
99,106,329,170,0,2,1150
49,348,5,89,1,2,613
71,132,304,88,0,7,2015
49,328,343,188,0,2,0
69,388,170,134,0,2,860
27,271,5,45,0,2,1023
57,332,480,170,0,2,899
29,132,478,170,0,17,1010
61,172,98,25,0,17,1417
44,127,163,198,0,13,1571
60,132,304,89,0,2,1046
62,392,512,170,0,2,377
77,95,512,170,0,17,377
69,388,170,134,1,2,377
27,271,238,198,1,2,393
40,419,381,159,0,17,941
99,85,316,118,0,17,701
49,268,5,89,0,2,622
85,415,82,191,1,2,181
27,46,304,88,0,2,1179
69,388,170,134,0,2,513
57,324,5,96,0,17,680
60,276,203,198,0,2,1254
99,87,478,170,0,17,1833
70,385,246,198,1,2,437
54,312,424,188,0,2,0
2,39,194,25,1,2,348
85,413,5,159,1,2,1208
89,74,525,134,0,17,377
49,233,323,198,0,14,1649
2,44,199,65,1,2,1289
79,388,366,134,0,17,377
60,133,194,25,1,2,330
49,362,5,89,1,2,626
49,320,84,191,1,2,183
40,419,5,67,0,17,846
39,103,5,65,0,17,1836
83,204,98,25,1,2,1366
99,106,190,87,0,2,987
7,302,161,49,0,17,986
77,119,483,25,0,2,377
99,81,526,134,0,17,513
54,350,348,134,0,2,43
63,132,510,177,0,17,464
85,398,5,159,0,17,1831
49,326,84,191,1,2,257
2,21,410,25,1,2,353
66,388,381,159,0,17,939
60,118,5,100,0,17,575
7,293,291,104,0,17,1314
1,27,266,188,1,2,0
85,414,82,191,0,2,429
64,132,225,170,0,2,43
49,362,5,89,1,2,623
99,88,526,134,0,17,377
54,156,246,198,1,17,434
92,59,486,170,0,17,1780
99,106,200,124,0,2,707
77,95,5,146,0,8,567
11,132,23,85,0,13,1665
62,388,539,188,0,2,0
60,133,194,25,1,2,358
49,338,343,188,0,2,0
64,274,71,191,1,2,179
99,85,478,170,0,17,1426
60,182,99,198,1,2,403
99,106,190,87,0,2,43
60,133,82,191,1,2,213
27,287,5,45,0,17,1024
100,126,150,198,0,17,1579
69,388,170,134,1,2,531
49,347,84,191,0,17,200
51,234,338,170,0,7,1157
24,388,238,198,0,2,549
49,326,84,191,1,2,159
85,414,82,191,0,2,162
61,71,413,148,0,2,43
57,334,82,191,1,2,216
85,393,5,159,0,2,923
2,31,410,25,1,2,1427
49,345,5,89,0,17,609
64,132,304,88,1,17,1188
85,388,282,198,0,2,12
38,359,33,11,0,2,43
83,120,29,188,0,8,0
49,339,84,191,1,17,180
27,281,5,45,0,2,1793
46,388,381,159,0,2,943
60,132,304,89,1,2,1047
57,329,5,96,1,2,971
13,128,163,198,0,13,1571
60,132,366,134,0,8,377
21,388,60,191,1,2,225
49,325,204,192,0,17,1496
77,119,98,25,0,2,1423
99,220,14,87,0,17,43
57,333,246,198,1,2,1956
60,132,507,198,0,17,287
49,332,84,191,0,17,178
49,338,84,191,1,17,428
49,347,84,191,0,17,1
22,383,238,198,0,13,113
49,345,232,188,1,2,0
49,335,84,191,0,17,180
46,132,507,198,1,7,286
79,388,5,147,0,13,1671
99,106,67,191,1,2,1358
77,95,95,170,0,17,1159
1,24,5,0,1,2,1617
69,388,366,134,0,2,1963
38,359,5,64,1,2,816
54,68,238,198,0,13,132
49,340,5,89,1,2,626
61,71,515,26,0,2,999
60,363,453,199,0,2,1731
49,361,5,89,1,17,612
54,360,431,134,0,17,377
99,251,95,170,0,17,377
85,414,5,159,1,2,1390
54,286,284,134,0,17,377
2,21,410,25,1,2,330
85,388,370,198,1,6,69
60,132,430,144,0,14,1089
62,388,539,188,1,2,0
44,127,127,198,0,13,101
47,375,447,137,0,8,499
77,95,180,25,0,7,43
12,283,291,170,1,2,788
85,414,5,159,0,17,1831
57,333,5,96,0,17,638
12,392,5,12,0,2,1881
99,220,515,26,0,2,1711
56,124,84,191,0,2,188
47,375,280,83,0,14,891
57,336,69,191,1,2,180
49,328,23,196,0,2,1456
85,414,167,198,0,13,1649
49,321,84,191,1,2,428
49,267,5,89,0,17,620
85,414,5,159,0,17,921
27,271,304,88,0,2,1179
62,388,381,159,0,2,939
85,415,5,159,0,2,1831
1,26,194,25,1,2,358
9,271,5,6,0,2,1792
57,332,82,191,1,2,208
77,119,30,188,0,17,0
57,331,82,191,1,2,257
85,398,5,159,1,2,920
73,388,272,134,1,2,1931
27,272,10,177,0,17,464
1,25,194,25,1,2,376
60,118,5,100,1,7,570
27,224,423,134,0,2,854
39,103,5,65,0,17,1837
2,33,5,1,1,2,1564
85,415,5,159,0,17,1831
99,84,478,170,0,17,1426
99,73,98,27,0,17,350
99,106,412,170,0,2,1623
61,71,14,87,0,2,727
57,329,82,191,1,2,178
58,354,5,97,0,2,1108
45,150,169,49,0,17,1772
2,149,410,25,1,2,349
71,132,5,132,1,7,1894
62,66,296,170,0,17,1905
85,414,82,191,0,2,77
44,307,301,198,0,2,69
49,326,84,191,1,2,159
79,388,238,198,0,2,12
54,141,238,198,0,13,132
57,336,2,191,0,17,65
60,132,268,188,0,17,0
19,388,502,198,1,2,403
60,363,238,198,0,13,115
94,116,5,176,0,2,2007
99,220,5,179,0,2,1710
7,150,290,134,0,17,1774
57,336,167,191,0,17,1
69,388,405,111,0,2,1133
49,233,238,198,0,14,120
60,132,507,198,0,2,289
57,96,129,198,0,17,400
85,388,5,159,0,2,1831
39,351,5,65,0,17,1050
49,327,5,89,0,2,1459
57,333,82,191,0,14,1735
57,100,230,191,0,17,65
95,132,304,88,0,7,1173
2,28,5,1,1,2,1564
99,251,113,28,0,17,43
68,280,304,88,0,2,1190
57,333,82,191,1,7,174
77,173,140,136,0,17,43
99,89,478,170,1,2,1728
1,25,194,25,1,2,330
47,281,408,145,0,2,43
57,336,72,191,1,2,218
99,181,483,25,0,17,26
13,128,163,198,0,13,1571
61,71,67,191,1,2,209
64,274,63,191,0,2,173
61,71,329,170,0,2,1150
12,283,304,88,1,2,1188
95,132,525,134,1,17,513
60,322,5,100,1,17,1790
85,400,82,191,1,2,206
57,96,545,191,0,17,5
66,388,447,97,1,2,708
85,415,466,198,1,2,228
57,96,547,191,0,17,400
60,276,5,100,0,8,1622
13,128,437,198,0,14,100
49,327,178,188,1,2,0
64,284,63,191,1,2,195
54,138,34,134,0,17,377
99,77,526,134,0,17,377
90,132,304,88,1,2,1194
49,327,343,188,0,2,0
49,267,5,89,0,17,635
49,253,323,198,0,2,1649
27,281,421,170,1,2,761
49,345,5,89,0,2,1143
22,371,238,198,0,13,113
83,120,189,63,0,2,885
1,25,194,25,1,2,349
1,26,194,25,1,2,368
85,414,238,198,0,13,102
94,132,304,88,0,2,926
9,271,276,177,0,2,521
7,314,290,134,0,17,1774
64,279,68,191,0,2,220
23,388,366,134,0,17,377
57,334,82,191,1,2,198
85,400,82,191,1,2,207
60,363,238,198,0,13,138
9,271,386,142,0,2,878
61,13,512,170,1,2,1004
49,328,24,198,0,2,441
39,103,355,65,0,17,808
85,414,82,191,1,2,181
99,164,510,177,0,17,534
1,25,222,198,1,2,228
61,71,14,87,1,2,43
49,347,84,191,1,17,387
61,47,272,65,0,2,876
60,363,5,100,0,2,965
71,132,98,177,0,17,326
57,336,75,191,0,17,176
39,186,238,198,0,17,2003
99,73,271,79,0,13,891
71,132,365,134,0,17,496
49,311,82,191,0,2,10
57,336,5,96,0,17,686
99,75,478,170,0,17,1010
61,71,14,87,0,2,43
2,120,199,65,1,2,1050
60,276,518,64,0,8,43
27,281,5,45,0,17,1036
57,331,526,200,0,17,69
60,132,194,25,1,2,364
62,388,192,25,1,2,376
72,132,98,177,0,8,325
85,414,238,198,0,13,147
99,86,105,146,0,2,377
54,104,289,93,0,2,377
69,388,366,134,0,2,1977
64,388,186,198,0,2,1258
99,106,5,179,0,2,1053
57,336,546,191,0,17,1534
85,414,82,191,0,2,201
99,84,478,170,0,17,1010
85,414,82,191,0,2,162
49,343,307,35,1,2,1130
99,73,98,27,0,8,1351
7,175,291,134,0,17,43
60,12,455,198,0,13,1649
99,239,213,171,0,17,1909
85,400,351,198,0,2,417
99,106,5,179,1,2,698
85,414,445,191,0,2,12
13,128,162,198,0,14,1923
27,271,5,45,0,2,1037
1,25,202,198,0,13,1649
9,271,276,177,1,2,534
61,71,14,87,0,2,377
30,388,161,53,0,14,890
49,253,305,200,0,15,1916
49,233,343,188,1,16,0
62,388,192,25,0,2,348
60,132,194,25,1,2,365
92,59,301,198,0,13,1649
12,273,304,88,1,2,1188
99,220,254,26,0,2,993
54,110,238,198,0,13,132
57,339,84,191,1,17,180
15,388,5,15,0,2,1881
9,271,513,180,0,2,1742
59,137,350,198,0,2,11
57,338,181,191,1,17,1495
64,279,524,198,1,2,408
49,324,204,192,0,17,1496
1,40,507,198,1,2,283
57,100,314,191,1,17,158
64,388,447,97,0,2,940
57,269,84,191,0,2,189
7,111,238,198,0,13,145
74,132,526,116,1,17,377
49,348,5,89,1,2,622
54,312,5,93,0,2,1685
85,388,5,159,1,2,1219
93,163,302,198,0,2,1530
69,388,170,134,0,2,1980
60,118,5,100,0,7,818
99,239,238,198,0,17,1910
77,48,338,170,0,17,770
61,105,190,87,0,2,1064
57,336,66,191,1,2,179
99,84,526,134,0,17,531
79,388,23,199,0,13,1658
60,132,194,25,1,2,273
2,21,410,25,1,2,239
99,73,98,27,0,17,325
27,281,5,45,1,2,1800
99,78,526,134,0,17,531
99,87,478,170,0,17,1426
56,269,84,191,0,2,189
7,314,291,134,0,17,1314
61,47,189,65,0,2,876
49,343,5,89,0,17,658
73,132,304,88,0,17,1188
85,396,291,170,0,17,377
99,73,478,170,0,17,1833
4,132,304,88,0,7,2015
94,132,175,175,0,2,377
24,388,381,159,0,2,943
85,418,90,23,1,17,338
60,132,204,134,0,2,531
57,100,230,191,0,17,65
7,175,291,134,0,17,1314
57,331,82,191,1,2,1735
57,100,314,191,1,17,186
57,336,489,191,0,17,65
9,271,368,25,0,2,43
44,127,127,198,0,2,116
2,39,194,25,1,2,239
49,335,84,191,1,2,159
64,274,69,191,1,2,180
85,414,82,191,0,2,202
61,105,335,198,0,2,1253
54,156,246,198,0,17,118
99,73,357,134,0,17,505
85,398,526,188,1,2,0
57,334,82,191,1,2,178
40,419,432,25,1,2,255
85,414,82,191,0,2,209
72,132,98,177,0,17,358
49,330,84,191,1,2,178
89,73,525,134,1,17,531
27,281,5,45,0,2,1023
2,35,112,39,0,2,1213
73,132,304,88,0,17,1189
85,407,82,191,1,2,141
27,271,5,45,0,2,1037
49,338,84,191,0,2,1735
85,414,5,159,0,2,1831
27,281,5,45,1,2,1842
57,333,458,198,0,2,48
99,73,20,177,0,17,536
85,388,238,198,1,2,225
73,388,455,198,0,13,1649
79,388,238,198,0,13,87
40,419,190,87,1,2,1126
55,311,304,88,1,2,1183
49,340,5,89,1,2,624
57,336,73,191,1,2,222
58,412,430,153,0,2,1090
85,414,238,198,0,13,449
99,91,526,134,0,17,462
3,381,387,25,1,17,962
85,400,219,198,0,2,224
49,327,84,191,1,2,159
49,330,84,191,1,2,428
27,272,47,177,0,17,464
47,281,419,198,0,2,224
44,127,444,198,0,2,403
3,131,429,25,1,17,962
44,127,87,192,0,14,1384
68,280,430,144,0,14,1089
0,237,123,28,0,14,43
60,132,212,125,0,17,377
49,343,84,191,0,2,208
94,116,515,26,0,2,997
13,128,127,198,0,2,116
13,128,437,198,0,14,1386
57,358,5,96,0,2,1991
49,343,238,198,0,13,434
77,119,194,25,0,2,948
2,44,5,1,1,2,1290
49,343,84,191,0,17,213
47,63,302,198,0,2,1530
44,129,35,198,1,17,1266
49,342,480,170,0,2,899
72,132,98,177,0,8,388
30,388,272,134,0,2,377
99,85,478,170,0,17,1833
42,132,304,88,0,17,1187
89,74,132,96,1,2,1119
49,330,84,191,1,2,208
49,253,84,191,0,2,188
9,271,455,198,0,13,1649
4,132,291,170,0,2,1397
99,220,5,179,0,2,1710
73,388,98,25,1,2,381
77,119,14,87,0,2,43
69,388,5,128,0,2,562
49,334,84,191,1,2,216
77,51,5,146,0,17,1825
85,407,5,159,0,2,1831
49,333,5,89,1,2,661
68,280,5,127,0,17,1797
85,414,167,198,0,13,1649
54,68,427,134,0,17,466
64,279,66,191,0,2,179
99,106,413,148,0,2,43
60,132,304,89,1,2,1047
55,310,5,94,0,17,711
85,414,299,191,1,2,206
1,26,194,25,1,2,903
85,415,497,170,0,17,377
44,125,117,32,0,2,968
92,59,238,198,0,13,116
85,414,82,191,0,2,202
85,400,5,159,1,2,1390
57,332,458,198,0,2,48
40,419,432,25,1,2,358
99,106,13,126,0,2,43
57,331,82,191,1,17,428
62,388,102,188,0,2,0
54,211,125,134,0,17,505
60,132,366,134,0,2,43
27,271,357,134,1,2,377
99,220,515,26,0,2,1713
77,95,180,25,0,7,910
99,164,510,177,0,17,521
49,349,5,89,1,2,632
61,71,515,26,0,13,1658
49,330,24,198,0,2,441
99,87,526,134,0,17,513
36,403,5,60,0,2,800
47,271,497,170,0,17,377
47,271,507,198,1,2,288
77,109,409,170,0,2,1593
99,73,478,170,0,17,1426
2,120,287,98,0,2,43
12,283,304,88,0,2,1190
38,359,33,10,0,2,43
30,388,5,55,0,2,1881
27,272,10,177,0,8,534
56,93,5,95,0,7,588
49,327,115,198,1,2,74
49,361,5,89,1,17,607
57,336,157,191,1,17,180
49,341,5,89,1,2,637
57,331,204,192,0,17,1497
77,119,30,188,0,2,0
19,132,130,40,0,17,377
25,73,132,96,0,17,1120
68,121,510,177,0,17,262
49,349,5,89,1,2,609
68,280,5,127,0,8,1797
18,304,302,198,0,2,53
60,132,208,177,0,2,348
9,271,369,177,0,2,521
49,331,84,191,1,2,428
27,281,395,188,1,2,0
2,38,410,25,1,2,364
57,336,4,191,0,17,400
13,128,162,198,0,14,1388
1,36,451,188,1,2,0
49,325,5,89,0,17,640
85,391,163,198,0,13,1922
39,192,509,182,0,13,1658
39,150,5,65,0,17,1050
99,86,309,25,0,0,377
49,342,82,191,0,2,198
56,265,5,95,0,8,1702
67,388,366,134,1,2,377
85,400,5,159,0,2,1490
57,96,1,191,0,17,3
77,119,194,25,0,2,1420
57,336,60,191,0,2,65
77,173,510,177,0,17,521
99,87,526,134,0,17,531
99,105,190,87,0,2,1064
77,95,7,170,0,8,1548
69,388,339,109,0,2,43
39,4,515,26,1,2,1222
49,325,84,191,1,17,428
99,85,478,170,0,17,1010
49,253,323,198,0,14,1649
45,293,291,104,0,17,360
49,342,5,89,0,2,892
64,132,304,88,0,17,1189
85,407,5,159,0,17,1831
64,388,208,177,1,2,296
49,330,5,89,0,17,640
54,286,301,198,0,13,1649
73,388,447,97,1,2,708
7,228,291,170,0,13,1659
27,281,82,191,1,2,215
49,333,5,89,1,2,678
27,281,304,88,0,17,1189
99,73,98,27,0,17,241
2,148,166,177,0,2,465
60,215,482,100,0,17,43
49,332,84,191,1,17,216
11,132,238,198,0,13,88
90,132,5,168,0,2,1792
99,123,338,170,0,17,1010
77,119,483,25,0,2,306
69,388,170,134,0,2,860
57,96,1,191,0,17,400
60,132,304,89,0,2,1179
39,192,510,177,0,12,43
57,336,314,191,0,17,1543
54,68,238,198,0,13,157
49,268,5,89,0,2,623
7,150,291,134,0,17,1314
60,132,304,89,0,2,1046
49,345,5,89,0,17,606
11,388,238,198,0,13,116
54,139,6,133,0,17,458
77,173,95,170,0,2,748
3,99,60,191,0,17,180
49,343,5,89,1,2,667
85,414,5,159,0,17,1218
44,136,160,198,0,14,99
47,375,98,25,0,17,1429
85,408,5,159,0,17,1831
7,175,233,198,0,17,1588
72,132,98,177,0,17,242
85,393,91,188,0,2,0
1,25,238,198,1,2,225
60,132,194,25,1,2,369
64,132,497,170,1,2,1014
54,68,431,134,0,17,377
9,271,272,180,0,2,874
99,84,478,170,0,2,897
99,106,189,63,0,2,43
57,339,84,191,1,17,428
45,293,169,49,0,17,1772
57,324,246,198,0,17,1501
7,314,161,49,0,17,1312
57,329,82,191,1,17,180
49,345,5,89,1,2,1071
2,149,112,39,0,2,1213
57,324,82,191,1,17,212
99,73,98,27,0,17,330
54,156,125,134,0,17,859
2,120,238,198,1,2,225
99,105,412,170,0,2,377
2,29,112,39,0,17,1213
68,280,304,88,0,17,1188
49,333,84,191,1,2,213
69,388,447,97,0,2,1974
7,296,238,80,0,13,891
29,132,507,198,1,17,288
79,388,238,198,0,2,12
77,173,140,136,0,17,43
61,71,191,188,0,17,0
57,333,238,198,1,2,1499
57,336,314,191,0,17,1543
99,75,526,134,0,17,377
60,363,5,100,0,2,965
49,233,5,89,0,2,1071
85,400,82,191,1,2,81
30,388,366,134,0,17,377
60,271,82,191,1,2,197
71,404,271,81,0,14,891
27,281,366,118,1,2,392
99,77,478,170,0,17,1010
2,148,238,198,0,13,136
44,127,437,198,0,13,168
7,293,291,104,0,17,771
68,280,316,121,0,17,1130
1,25,194,25,1,2,368
60,132,5,100,1,2,1790
2,43,5,1,1,2,1564
57,336,488,191,1,17,218
54,212,45,102,0,10,43
92,59,301,198,0,17,390
60,118,5,100,0,17,576
69,388,366,134,0,17,377
57,336,4,191,0,2,159
69,388,170,134,0,2,1966
57,369,115,198,1,17,131
90,132,304,88,1,2,1189
57,324,82,191,1,2,216
35,225,326,129,0,17,43
57,329,82,191,1,2,1735
69,388,170,134,0,2,860
54,156,526,134,0,2,377
77,95,7,170,0,17,1548
85,414,82,191,0,2,201
17,132,526,134,0,17,377
1,34,194,25,1,2,348
49,323,5,89,0,7,592
49,345,5,89,0,17,635
49,331,84,191,0,17,178
64,279,116,170,1,2,743
1,32,455,198,0,13,1649
39,153,5,65,0,2,1050
99,115,416,25,1,2,907
27,281,304,88,0,8,931
52,132,506,198,1,2,280
2,30,328,130,1,2,43
49,232,238,198,0,2,120
49,329,343,188,0,17,0
73,378,455,198,0,13,1649
49,327,84,191,1,2,216
83,120,5,155,0,2,550
85,414,219,198,0,2,224
1,25,194,25,1,2,348
27,271,5,45,1,7,1029
61,71,329,170,0,2,1157
77,173,98,25,1,2,324
49,340,5,89,1,2,605
4,132,5,3,1,7,1897
2,148,5,1,0,2,1564
99,81,132,96,0,17,1120
1,32,238,198,0,13,136
12,282,291,170,0,2,1397
49,342,371,198,1,2,1509
95,132,478,170,0,17,1010
39,103,5,65,0,17,808
49,327,84,191,1,2,159
60,132,5,100,1,2,1790
69,388,170,134,0,2,1966
64,284,116,170,0,2,741
85,408,238,200,0,17,299
86,250,306,170,0,2,1010
77,119,195,136,0,2,478
99,73,98,27,0,17,260
77,95,98,25,0,7,1592
49,311,89,198,0,13,1649
39,103,5,65,0,17,810
79,388,23,201,0,13,1658
71,388,366,134,1,17,506
1,34,199,65,1,2,1050
77,117,144,25,0,17,377
56,93,246,198,0,8,443
85,415,5,159,0,17,1218
64,279,69,191,1,2,180
49,343,371,198,1,2,1506
77,55,279,171,0,13,1658
71,388,365,134,1,2,531
49,343,371,198,1,2,1509
71,388,358,25,1,2,246
60,132,304,89,1,2,1047
86,250,306,170,0,2,377
99,115,416,25,1,2,248
57,336,479,188,1,17,0
54,68,238,198,0,2,385
99,75,526,134,0,17,458
49,321,84,191,1,2,159
69,388,530,113,0,2,43
1,25,238,198,0,13,105
49,328,84,191,1,2,257
99,85,526,134,0,17,531
85,391,163,198,0,13,1922
2,38,410,25,1,2,239
49,321,445,191,1,17,1495
62,388,381,159,0,2,941
57,11,5,96,0,2,634
49,347,371,198,1,2,1520
54,316,40,100,0,17,43
7,0,310,195,0,3,1378
59,365,5,99,0,2,710
44,127,81,198,0,2,1327
61,71,14,87,0,2,1064
71,388,358,25,1,17,326
49,253,343,188,1,16,0
60,118,399,45,0,7,43
2,120,5,1,1,2,1619
39,192,510,177,0,17,521
49,253,5,89,0,2,1071
62,388,228,68,0,2,1001
24,388,5,36,0,2,1881
48,174,526,134,0,17,377
99,107,124,25,0,13,43
2,149,112,39,0,2,1213
99,106,66,191,1,2,212
49,347,5,89,1,2,658
94,132,176,25,0,7,1436
77,173,14,98,0,17,43
60,182,291,170,0,17,377
64,274,71,191,1,2,179
57,324,82,191,1,17,216
85,414,82,191,0,2,1392
14,406,445,191,0,2,2
39,4,14,87,1,2,43
2,149,238,198,0,13,136
90,132,304,88,1,2,1189
54,139,261,188,0,17,0
69,388,5,128,0,2,1884
99,106,190,87,0,2,1064
69,388,366,134,0,2,1977
62,185,291,170,0,17,377
54,211,45,102,0,10,43
57,338,84,191,0,2,1735
60,132,194,25,1,2,330
57,338,84,191,1,2,428
99,73,417,177,1,2,324
85,407,82,191,0,2,1945
85,414,82,191,0,2,436
47,270,250,190,0,17,997
57,333,82,191,0,14,1735
57,331,82,191,1,17,178
6,406,445,191,0,2,2
49,340,5,89,1,2,635
49,326,84,191,1,17,159
1,25,194,25,1,2,348
57,336,547,191,0,17,1535
60,132,304,89,1,2,1047
85,414,82,191,0,2,433
49,267,5,89,0,17,627
57,336,3,191,0,2,159
13,128,438,198,0,17,225
54,110,431,134,0,17,377
99,78,478,170,0,17,1833
27,272,12,184,0,7,992
57,336,157,191,0,2,196
61,71,183,130,1,8,43
56,368,371,198,0,4,69
49,341,5,89,1,2,603
60,363,82,191,1,2,209
89,74,525,134,0,17,513
54,312,238,198,0,2,385
51,189,526,134,0,17,377
27,271,5,45,1,2,1800
1,36,194,25,1,2,909
60,132,507,198,0,17,288
71,132,304,88,0,17,1189
17,132,304,88,1,2,1187
39,153,16,173,0,2,377
47,63,87,192,0,2,996
85,414,5,159,0,2,967
49,347,450,191,1,17,1495
7,293,291,104,0,17,377
27,45,507,198,1,2,1803
1,25,238,198,0,2,363
27,281,82,191,1,17,216
57,338,84,191,1,17,428
57,336,71,191,1,2,181
60,276,196,64,0,2,377
7,0,248,198,0,2,415
51,161,526,134,0,17,377
59,366,5,99,0,2,710
39,103,267,188,0,17,0
49,361,5,89,0,17,635
2,38,410,25,1,2,376
27,271,5,45,0,17,1035
1,25,202,198,0,13,1649
64,274,66,191,0,2,179
49,342,458,198,0,2,48
49,328,178,188,0,2,0
27,354,5,45,0,17,1024
62,388,192,25,1,2,368
26,276,366,134,1,2,377
68,280,82,191,0,14,178
85,401,5,159,0,2,922
56,269,371,198,0,2,224
94,132,98,25,0,2,1436
2,149,410,25,1,2,948
57,336,5,96,0,17,685
77,109,409,170,1,2,1992
62,388,366,134,0,17,377
85,388,5,159,0,2,1831
49,256,5,89,0,17,640
49,324,84,191,1,2,257
57,336,492,191,0,17,3
99,123,338,170,0,17,377
68,280,204,134,0,2,491
49,330,84,191,1,2,428
60,132,194,25,1,2,358
49,323,5,89,1,2,605
57,336,503,191,1,17,179
99,106,329,170,1,2,1362
85,135,5,159,0,2,1483
40,5,14,87,0,2,43
60,118,393,170,0,2,1891
49,330,204,192,0,17,1496
7,380,468,50,0,13,1750
66,388,238,198,0,2,12
85,415,82,191,1,2,200
49,233,238,198,1,17,424
49,233,427,200,0,17,117
61,105,107,188,0,2,0
71,388,381,159,0,17,943
60,132,145,136,0,2,377
99,184,376,171,1,2,43
27,281,5,45,1,2,1919
57,324,82,191,1,2,1735
60,132,5,100,1,2,1790
62,388,228,68,0,13,1658
49,361,5,89,1,17,612
1,22,220,188,0,2,0
1,25,194,25,0,17,1366
62,388,381,159,0,2,939
44,127,434,170,0,14,1380
44,136,156,198,0,14,1583
12,388,366,134,0,17,377
49,324,371,198,0,17,1522
99,81,312,200,0,8,69
99,239,238,198,0,13,106
62,388,5,102,0,2,1878
44,127,437,198,0,14,100
44,127,301,198,0,2,1571
13,128,301,198,0,2,1571
85,414,82,191,1,2,1392
18,305,86,198,0,13,1649
99,82,526,134,0,17,377
61,71,52,130,0,7,377
44,127,163,198,0,13,1571
61,105,485,188,0,2,0
49,320,371,198,1,2,1506
49,334,5,89,0,17,640
60,363,453,199,0,2,1731
4,132,399,45,1,7,880
27,270,304,88,0,17,935
99,239,213,171,0,13,1658
85,407,351,198,0,17,417
27,281,304,88,1,2,1179
99,82,526,134,0,17,531
69,388,170,134,0,2,860
21,388,526,22,0,17,377
99,382,510,177,0,17,521
60,132,304,89,0,2,1190
60,132,510,177,0,17,278
7,301,291,104,0,17,1314
2,148,112,39,1,2,1213
99,76,478,170,0,17,1010
57,331,82,191,1,2,159
85,414,82,191,0,2,435
54,139,6,133,0,17,459
49,327,84,191,1,2,159
68,280,506,198,0,17,282
60,118,5,100,0,17,690
44,127,162,198,0,14,1387
100,126,35,198,1,17,1265
85,388,351,198,0,2,417
68,280,304,88,0,7,1176
69,388,170,134,1,2,531
49,340,5,89,1,2,627
2,39,194,25,1,2,353
39,4,189,63,0,2,43
49,253,427,200,0,15,122
99,76,526,134,0,17,377
99,106,243,188,0,2,0
57,324,82,191,1,2,208
12,282,304,88,0,2,1190
54,139,263,188,0,17,0
57,96,1,191,0,17,4
1,25,276,177,1,2,464
69,388,170,134,0,2,513
49,328,84,191,1,17,159
2,37,410,25,1,2,368
44,163,238,198,0,2,69
44,163,238,198,0,2,225
67,132,507,198,1,2,283
83,204,542,137,0,2,377
69,388,5,128,0,2,560
57,333,204,192,0,17,1497
85,397,5,159,0,2,1831
83,204,98,25,1,2,1351
13,128,444,198,0,2,403
27,271,5,45,1,2,1687
27,281,82,191,0,7,6
85,388,5,159,0,2,1831
85,407,232,188,0,2,0
49,267,5,89,0,17,603
49,258,510,25,1,17,904
49,324,5,89,0,17,640
27,271,515,184,0,8,997
48,194,526,134,0,17,377
69,388,170,134,1,2,377
38,359,33,11,0,2,43
2,39,194,25,1,2,1402
60,363,291,170,0,13,1659
99,87,478,170,0,17,1010
61,71,190,87,0,7,377
60,132,304,89,0,2,1046
99,220,321,188,0,2,0
42,388,366,134,0,17,377
27,271,5,45,1,2,1793
62,185,99,198,1,2,69
99,91,478,170,0,17,1010
99,209,193,123,0,17,707
85,414,82,191,0,2,200
32,403,5,56,0,2,800
85,414,82,191,0,2,178
1,25,202,198,0,2,1683
99,82,478,170,0,17,1010
99,73,510,177,0,17,534
54,139,261,188,0,17,0
1,26,297,188,1,2,0
69,388,114,108,0,2,43
85,415,351,198,0,17,417
25,73,525,134,0,17,377
58,355,5,97,0,2,723
84,65,366,134,0,17,1906
57,336,70,191,1,17,221
56,269,84,191,0,2,193
61,71,515,26,0,2,1222
2,33,165,25,0,2,306
10,388,455,198,0,13,1649
94,116,138,38,0,17,43
27,271,510,177,0,2,464
99,80,478,170,0,17,1010
7,293,291,104,1,2,531
60,132,194,25,1,2,260
57,332,82,191,1,2,178
1,26,194,25,1,2,330
69,388,517,188,0,2,0
99,106,5,179,1,2,698
49,332,84,191,1,2,216
99,85,316,118,0,17,702
49,339,526,200,0,17,69
99,86,98,27,0,17,951
49,340,5,89,1,2,635
44,129,35,198,1,17,1267
49,233,510,191,0,17,194
47,63,302,198,1,2,165
61,172,138,38,0,2,377
49,344,84,191,0,7,257
49,267,5,89,0,17,620
85,398,5,159,0,17,1218
11,388,301,198,0,13,1649
7,228,238,198,0,13,115
51,195,526,134,0,17,531
69,388,170,134,0,2,513
60,132,304,89,0,2,1046
0,251,318,25,0,17,43
2,21,410,25,1,2,348
49,327,84,191,0,2,179
27,281,82,191,1,8,215
83,120,29,188,0,2,0
99,85,316,118,0,17,1132
58,287,5,97,0,2,710
1,25,238,198,1,2,228
7,301,290,134,0,17,1261
62,388,5,102,1,2,1874
27,281,82,191,1,17,216
99,165,10,177,0,2,536
99,73,98,27,0,17,255
55,310,5,94,0,17,711
2,148,5,1,0,2,1564
38,359,5,64,1,2,820
57,336,73,191,1,2,218
47,271,304,88,1,2,1189
84,65,414,134,0,17,1908
57,258,510,25,1,17,904
49,340,5,89,1,2,609
60,276,198,198,0,17,1729
49,331,84,191,1,17,216
61,71,329,170,1,2,1362
57,96,129,198,0,17,66
85,414,82,191,0,2,205
62,388,414,134,0,2,43
49,329,84,191,1,2,216
49,329,84,191,1,17,159
77,95,139,170,0,7,1548
60,132,5,100,1,2,1790
99,90,526,134,0,17,377
13,128,437,198,0,14,1387
49,345,232,188,0,2,0
95,132,132,96,1,2,1119
60,132,5,100,1,2,1790
49,335,84,191,1,2,159
49,343,458,198,0,2,48
55,309,5,94,1,2,711
49,340,5,89,1,2,622
85,414,5,159,0,2,1831
69,388,366,134,0,2,1975
85,398,526,170,1,2,377
85,407,467,190,0,2,1230
100,126,150,198,0,17,1579
99,220,5,179,0,2,901
38,359,5,64,1,2,814
12,132,304,88,0,7,1171
49,342,5,89,1,2,658
49,329,84,191,1,2,257
69,388,317,198,0,2,1303
85,414,82,191,1,2,207
49,345,5,89,1,2,1138
49,233,510,191,0,17,188
85,398,5,159,0,17,1218
79,388,238,198,0,2,12
68,121,510,177,0,17,521
69,388,366,134,0,2,1975
72,132,304,88,0,8,1186
62,392,98,25,0,2,1443
60,132,5,100,1,2,1890
61,71,5,101,0,2,1088
67,388,208,177,0,2,42
77,173,510,177,0,17,465
85,400,82,191,0,2,432
24,388,98,25,0,2,300
62,390,286,97,0,2,578
13,128,127,198,0,13,116
85,414,82,191,0,2,205
68,280,304,88,0,7,929
99,89,5,179,1,2,960
85,414,5,159,1,2,1389
91,132,526,134,0,17,377
91,132,304,88,0,17,1188
69,388,217,188,0,2,0
57,336,503,191,1,17,177
99,73,417,177,0,17,294
56,92,87,192,0,13,1658
2,21,410,25,1,2,376
2,44,112,39,1,2,1069
85,407,301,198,0,17,225
49,341,5,89,0,2,615
49,344,5,89,1,2,1138
77,173,95,170,0,2,1153
27,281,82,191,1,7,179
49,327,84,191,1,17,159
64,388,208,177,0,2,377
25,388,331,198,1,2,12
85,414,82,191,0,2,436
44,129,464,198,0,17,137
49,232,5,89,0,2,1071
1,25,274,25,1,2,330
94,116,515,26,0,2,998
49,334,84,191,0,2,198
85,398,5,159,1,2,1215
57,100,315,191,0,17,65
1,34,194,25,1,2,358
64,388,320,198,0,2,1303
49,232,5,89,1,17,1688
66,388,455,198,0,13,1649
27,270,270,96,0,17,1119
68,132,510,177,1,17,521
85,398,351,198,0,17,417
49,253,84,191,0,2,194
54,139,260,188,0,17,0
60,132,304,89,0,7,1176
27,281,5,45,1,2,710
99,83,357,134,0,17,513
40,419,5,67,0,17,1884
57,332,82,191,1,2,257
99,87,526,134,0,17,505
100,254,5,186,0,17,959
57,100,229,191,1,17,183
64,274,65,191,0,2,187
19,388,237,198,1,2,225
85,414,82,191,0,2,181
2,120,238,198,0,13,108
85,407,467,190,1,2,1489
4,132,304,88,1,2,1187
84,292,5,158,0,2,716
2,38,410,25,1,2,388
62,388,5,102,0,2,1884
39,4,98,25,0,17,43
49,342,182,191,1,17,1495
68,280,82,191,0,7,6
2,148,165,25,1,2,1420
13,128,434,170,0,14,1380
69,388,447,97,0,2,1972
49,335,84,191,1,2,428
47,281,5,84,0,17,1706
64,279,71,191,0,2,181
49,253,427,200,0,15,117
54,360,238,198,0,13,132
54,211,125,134,0,17,502
51,234,338,170,1,7,1152
49,232,238,198,0,14,120
99,73,98,27,0,17,376
68,280,304,88,0,17,1190
7,301,291,104,0,17,43
25,388,5,41,1,2,1879
2,39,194,25,1,2,358
32,388,111,129,0,2,377
1,26,194,25,0,2,373
71,132,95,170,0,8,748
69,388,526,134,0,2,377
27,281,304,88,1,2,1187
49,233,510,191,0,17,7
71,132,98,177,0,17,246
25,388,5,41,0,17,1881
49,328,84,191,1,17,428
47,271,497,170,0,17,377
57,96,547,191,0,17,65
99,239,5,179,0,13,1673
2,39,194,25,1,2,368
57,329,204,192,0,17,1497
77,95,5,146,0,13,1652
2,120,199,65,0,2,810
60,132,5,100,0,7,575
57,96,129,198,0,17,3
73,132,364,183,0,2,1235
69,388,114,108,0,2,43
26,188,5,44,0,7,837
85,407,82,191,0,2,141
25,73,525,134,0,17,531
27,271,5,45,0,7,1030
2,149,5,1,0,2,1564
2,148,194,25,1,2,364
85,398,526,198,0,17,272
54,130,125,134,0,17,502
77,54,5,146,0,13,1675
99,73,417,177,0,17,303
54,142,125,134,0,17,516
9,271,513,180,0,2,1742
49,268,5,89,0,2,624
49,326,84,191,0,17,178
83,120,14,87,0,2,1206
49,327,84,191,1,2,257
85,414,5,159,0,2,1390
27,271,5,45,0,2,1031
2,35,5,1,0,2,1564
27,281,291,170,0,2,377
57,336,71,191,1,2,179
69,388,170,134,1,2,377
84,292,414,134,1,2,513
56,93,426,198,0,2,403
39,4,189,63,1,2,43
85,415,351,198,0,2,417
85,398,351,198,0,17,417
39,4,189,63,0,2,43
54,312,238,198,0,13,132
57,96,0,191,1,17,183
2,33,165,25,1,2,43
61,71,14,87,0,2,43
57,358,504,171,0,2,1001
99,239,5,179,0,13,1673
74,132,526,76,1,17,377
72,132,98,177,0,17,255
57,331,5,96,0,17,638
85,407,82,191,0,2,141
73,378,107,188,0,2,0
85,391,5,159,0,17,1831
49,329,84,191,1,2,178
67,132,311,116,0,17,377
49,342,5,89,1,2,1138
85,414,82,191,1,2,206
39,4,515,26,1,2,1227
77,95,5,146,0,13,1652
49,327,178,188,0,2,0
49,328,84,191,1,2,159
77,95,95,170,0,7,1160
2,120,5,1,0,13,1674
49,320,5,89,1,2,658
85,400,82,191,1,2,181
93,163,87,192,0,2,996
85,414,351,198,0,2,417
57,336,5,96,0,17,685
27,271,5,45,0,2,1792
85,246,82,191,0,17,200
39,103,355,65,0,17,808
61,71,53,170,0,2,1010
27,281,5,45,0,14,1920
54,357,40,100,0,17,43
44,129,37,198,1,17,1248
57,336,436,191,0,17,1546
85,393,159,193,1,2,1371
3,99,338,170,0,13,1659
49,339,84,191,0,2,1735
57,339,84,191,1,2,428
68,280,82,191,1,7,174
49,331,526,200,0,17,69
77,95,238,198,0,13,84
9,271,273,184,0,2,998
28,388,366,134,0,17,377
27,97,5,45,0,2,1112
99,73,98,27,0,17,273
60,132,194,25,1,2,366
49,345,345,198,0,2,1944
49,342,5,89,0,2,1142
27,281,145,136,0,2,498
99,106,5,179,0,2,1058
49,326,84,191,1,17,216
57,336,2,191,0,17,400
99,106,14,87,0,2,377
69,388,170,134,0,2,1980
73,388,238,198,0,13,102
49,321,84,191,1,2,428
84,292,414,134,0,2,43
60,118,396,170,0,2,776
44,129,35,198,1,2,434
85,413,5,159,1,2,1208
99,105,412,170,0,2,1623
2,44,5,1,1,2,1561
60,276,210,136,1,8,498
22,383,255,171,0,2,43
67,388,526,200,0,2,439
57,331,82,191,1,2,428
85,398,5,159,1,2,1208
27,281,82,191,1,8,197
85,414,167,198,0,13,1649
57,336,545,191,0,17,1533
13,128,437,198,0,14,100
51,234,14,87,0,2,43
54,211,278,134,1,2,466
57,336,62,191,0,17,189
85,407,467,190,0,2,1489
2,44,112,39,1,2,1213
61,71,5,101,0,13,1681
57,336,66,191,1,2,180
85,398,5,159,1,2,921
85,400,526,170,0,13,1659
71,388,5,132,0,17,1881
54,68,428,25,1,2,903
69,388,5,128,0,2,556
85,414,82,191,0,2,200
57,269,84,191,0,2,188
77,119,98,25,0,2,951
85,400,299,191,1,2,207
99,73,478,170,0,17,1010
2,149,410,25,1,2,364
99,73,98,27,0,17,903
54,350,352,152,0,2,451
49,326,84,191,1,2,178
39,103,267,188,0,17,0
18,294,302,198,0,2,53
49,342,5,89,1,2,678
73,388,366,134,0,17,377
61,71,329,170,0,2,1007
57,336,60,191,0,2,400
2,149,410,25,1,2,358
66,388,272,134,1,2,1931
2,148,194,25,1,2,358
85,414,351,198,0,17,417
49,339,182,191,1,17,1495
60,133,304,88,0,7,1172
44,129,457,198,0,14,1943
54,139,34,133,0,17,459
57,333,82,191,0,2,178
60,118,396,170,1,2,776
49,327,204,192,0,17,1496
57,336,67,191,0,17,214
15,132,304,88,0,17,1187
71,388,247,74,0,2,43
54,286,98,25,0,17,948
49,327,84,191,1,2,178
25,388,441,198,1,2,225
99,88,478,170,0,17,1833
60,132,208,177,1,2,388
49,324,84,191,1,2,216
78,290,338,170,0,17,1010
49,345,5,89,0,2,1142
57,336,61,191,0,17,181
85,415,238,198,0,13,449
49,330,5,89,0,2,1459
69,388,170,134,0,2,513
57,334,5,96,0,17,638
77,119,194,25,0,2,957
2,28,112,39,1,2,1213
2,42,5,1,1,2,1564
99,105,190,87,0,2,987
85,414,238,198,0,13,102
60,132,304,89,1,2,1047
85,407,238,198,0,13,116
58,169,5,97,0,2,723
49,340,5,89,1,2,625
49,232,343,188,1,16,0
57,333,82,191,1,2,178
91,132,304,88,0,17,1188
99,239,213,171,1,17,1001
49,343,445,191,1,17,1495
83,120,98,25,0,2,317
83,120,32,137,0,17,43
54,142,125,134,0,17,859
2,149,410,25,1,2,368
39,103,355,65,0,17,810
99,73,357,134,0,17,531
77,16,392,28,1,2,377
40,419,5,67,0,2,846
26,188,14,87,1,7,728
85,414,82,191,0,2,432
85,396,5,159,1,2,1208
85,414,82,191,0,2,160
85,400,5,159,0,2,967
47,270,250,190,0,17,377
49,349,5,89,1,2,635
54,350,238,198,0,13,132
79,388,238,198,0,13,87
1,26,194,25,1,2,948
60,132,304,89,0,2,1046
79,388,5,147,0,13,1671
57,100,230,191,0,17,400
61,179,183,130,0,7,43
49,343,5,89,1,2,678
49,328,84,191,0,17,180
47,270,497,170,0,17,377
57,324,204,192,0,17,1497
24,388,366,134,0,17,377
49,331,84,191,1,17,159
49,348,5,89,1,2,623
49,322,338,170,0,17,377
7,301,161,49,0,13,43
64,274,497,170,0,2,1012
68,280,506,198,0,17,289
19,388,334,198,1,2,225
12,132,304,88,0,17,1189
85,407,467,190,0,2,1489
62,388,414,134,1,2,474
64,274,64,191,0,2,187
57,333,82,191,1,17,178
85,414,5,159,1,2,920
27,98,5,45,0,2,1112
60,132,5,100,0,2,1789
27,270,5,45,0,17,1793
57,336,229,191,0,17,1541
16,388,366,134,0,17,377
97,221,50,192,0,14,1237
99,77,478,170,0,17,1833
9,1,5,6,0,2,2014
99,77,478,170,0,17,1426
44,127,301,198,0,13,1571
27,271,304,88,0,2,926
27,281,304,88,1,17,1190
57,329,82,191,1,2,1735
90,132,304,88,1,2,1189
62,388,517,188,0,2,0
38,359,5,64,1,2,815
22,262,427,78,0,2,377
27,281,304,88,0,7,929
99,106,190,87,0,2,987
7,175,161,49,0,17,1312
60,363,238,198,0,2,1729
77,54,279,171,0,17,377
85,398,526,170,1,2,377
38,359,5,64,1,2,816
62,388,381,159,0,2,939
2,148,5,1,1,2,1561
54,156,125,134,0,17,505
57,332,82,191,1,2,178
24,388,5,36,0,2,1881
60,118,112,144,0,7,377
60,132,5,100,0,2,1789
57,336,3,191,0,17,65
44,127,127,198,0,2,116
85,415,5,159,1,2,924
99,73,98,27,0,17,948
57,100,435,191,1,17,158
22,259,120,134,1,17,491
2,148,112,39,0,2,1213
49,330,84,191,1,2,159
49,341,5,89,1,2,637
77,95,5,146,0,13,1650
54,350,397,134,0,17,377
2,37,410,25,1,2,349
47,375,284,134,0,17,505
60,132,507,198,0,17,284
44,127,127,198,0,13,116
85,407,82,191,1,2,1945
99,73,357,134,0,17,466
42,132,526,134,0,17,377
57,336,548,191,0,17,1536
72,132,525,200,0,17,167
84,67,286,97,0,17,1633
99,106,190,87,0,2,1123
85,400,529,198,0,13,1649
54,350,42,100,1,17,43
1,25,194,25,1,2,358
2,38,410,25,1,2,353
1,26,202,198,0,13,1649
71,132,365,134,1,2,377
62,66,5,102,0,17,1099
60,133,194,25,1,2,373
62,66,5,102,0,17,988
27,281,304,88,1,17,1190
47,281,250,170,0,17,377
12,282,291,170,1,2,789
13,128,127,198,0,13,101
85,414,82,191,1,2,81
99,238,510,177,0,17,521
93,163,5,174,0,2,1529
85,407,346,198,0,2,417
99,86,526,133,1,2,377
85,414,82,191,1,2,1392
83,120,189,63,0,2,43
64,274,116,170,1,2,743
2,31,410,25,1,2,330
57,336,5,96,0,2,589
60,12,238,198,0,13,136
60,132,304,89,0,7,1183
85,395,5,159,1,2,1208
99,73,357,134,0,17,531
49,344,84,191,0,7,200
60,132,92,144,0,2,43
83,204,542,137,0,2,377
77,95,98,25,1,17,1592
2,37,410,25,1,2,348
13,128,301,198,0,2,1571
49,328,84,191,1,2,178
49,325,84,191,1,2,159
69,388,170,134,1,2,531
99,86,17,134,0,17,531
18,294,5,18,0,2,1784
57,339,5,96,0,2,972
15,132,304,88,0,17,1186
49,328,5,89,0,2,1459
27,224,5,45,0,17,1114
99,89,526,134,0,8,531
49,323,5,89,1,2,623
13,128,162,198,0,13,1924
54,357,196,64,0,17,377
57,336,4,191,0,17,65
1,25,202,198,0,2,1683
49,267,5,89,0,2,612
100,254,337,198,0,13,1649
49,267,5,89,0,17,627
27,271,5,45,1,2,1034
57,334,82,191,1,17,216
40,419,432,25,0,2,260
85,399,351,198,0,17,417
83,204,542,137,0,17,43
77,119,5,146,0,2,566
1,24,199,65,1,2,833
57,336,128,191,0,17,1539
25,388,366,134,0,17,851
61,71,61,191,0,2,1358
85,398,5,159,0,17,1105
24,388,381,159,0,2,943
12,132,304,88,0,7,1168
57,336,504,171,0,2,1001
49,327,459,188,0,17,0
60,132,194,25,1,2,241
99,85,526,134,0,17,491
49,320,84,191,1,17,214
27,97,23,33,1,2,502
51,234,388,26,0,8,997
49,348,5,89,1,2,627
2,149,410,25,1,2,353
71,132,304,88,0,2,1179
40,419,5,67,0,17,1215
57,329,526,198,0,17,69
57,336,0,191,0,17,1537
77,173,5,146,0,2,983
99,73,478,170,0,17,1010
64,284,71,191,1,2,179
54,139,260,188,0,17,0
13,128,162,198,0,13,1924
85,398,5,159,0,17,1831
99,89,478,170,0,17,1833
1,34,194,25,1,2,330
22,257,427,78,0,2,377
27,281,304,88,0,2,927
85,414,82,191,0,2,206
49,267,5,89,0,17,609
27,281,82,191,0,14,178
71,132,486,170,0,17,43
60,132,198,198,0,2,138
85,388,308,198,0,13,1649
85,415,5,159,0,2,924
60,132,304,89,1,2,1047
60,276,155,198,1,2,1791
51,234,338,170,0,7,1010
94,132,291,170,0,2,377
57,336,70,191,1,2,179
27,281,82,191,1,7,174
94,132,304,88,0,7,1171
7,314,161,49,0,14,43
49,333,84,191,1,2,178
49,343,480,170,0,2,899
60,132,430,144,1,2,1073
70,218,5,131,0,2,693
2,33,5,1,0,2,1561
49,232,336,200,0,15,1915
69,388,405,111,0,2,43
27,281,194,25,1,2,330
39,186,282,198,0,2,2003
54,357,390,134,0,17,502
51,8,375,188,1,2,0
85,414,82,191,0,2,203
7,315,407,49,1,2,359
49,361,5,89,0,17,607
77,183,189,63,0,2,377
49,321,84,191,1,2,159
49,343,84,191,1,2,208
49,327,84,191,1,2,428
39,186,514,182,0,13,1750
49,267,5,89,0,2,622
69,388,170,134,0,2,513
49,253,336,200,0,15,1915
99,89,312,200,0,7,163
99,220,5,179,0,13,1681
51,196,526,134,0,17,531
9,271,238,198,0,13,136
57,324,5,96,0,17,638
57,332,82,191,1,17,178
71,132,304,88,0,7,1173
49,338,84,191,1,2,159
4,132,304,88,1,2,1188
69,388,526,134,0,2,1967
60,363,196,64,0,2,377
1,34,194,25,1,2,1366
27,271,270,96,1,2,1119
50,388,366,134,0,17,377
13,128,87,192,0,14,1384
48,161,526,134,0,17,377
68,121,510,177,0,17,303
62,388,228,68,0,2,1001
99,115,510,177,1,2,521
54,68,534,134,0,17,377
99,84,478,170,0,17,1833
99,220,515,26,0,13,1658
86,250,522,54,0,14,890
57,332,5,96,0,17,638
2,31,410,25,1,2,903
12,273,304,88,1,2,1187
85,414,82,191,0,2,77
27,214,5,45,0,2,1114
99,106,413,148,0,2,43
27,271,5,45,1,2,1034
77,55,238,198,0,13,114
49,233,238,198,0,2,120
69,388,170,134,1,2,531
95,132,258,188,0,17,0
94,132,5,176,0,2,1792
2,120,5,1,0,2,1564
2,148,165,25,1,2,330
49,335,84,191,1,2,428
99,106,329,170,0,2,1152
49,344,84,191,0,2,199
40,419,190,87,1,2,43
38,359,316,118,0,2,43
64,279,523,198,1,2,408
49,340,5,89,1,2,624
97,155,79,191,1,2,193
85,388,5,159,0,2,1831
49,329,84,191,1,17,216
85,414,497,170,0,13,1659
40,419,414,134,1,2,377
85,400,219,198,0,2,224
40,419,5,67,0,17,1214
61,71,56,25,0,7,43
77,119,483,25,0,2,377
11,388,301,198,0,13,1649
23,388,301,198,0,2,69
56,236,84,191,0,2,257
68,280,5,127,0,7,1794
85,414,82,191,0,2,200
2,120,287,98,0,2,377
85,414,82,191,0,2,204
54,211,125,134,0,17,377
49,331,84,191,1,2,257
26,276,359,144,0,2,43
44,127,383,198,0,13,1925
85,418,5,159,1,17,1531
99,91,526,134,0,17,546
60,133,194,25,1,2,348
60,132,304,89,0,2,1046
49,342,5,89,1,2,667
57,124,84,191,0,2,191
49,267,5,89,0,17,606
57,338,84,191,1,17,180
57,324,82,191,1,2,257
2,120,112,39,0,2,1213
45,145,293,170,0,17,1547
60,132,208,177,1,2,376
57,336,68,191,1,17,217
49,329,84,191,0,17,178
49,232,238,198,1,17,424
85,388,526,188,1,2,0
77,95,180,25,0,7,910
2,148,194,25,1,2,388
2,38,410,25,1,2,349
77,173,510,177,0,2,534
39,103,380,25,0,17,43
54,286,284,134,0,17,505
40,419,414,134,0,17,377
99,73,417,177,0,17,324
59,60,350,198,0,2,11
60,118,238,198,0,13,136
85,414,82,191,0,2,174
54,312,298,152,0,17,451
99,81,478,170,0,2,1146
2,149,5,1,0,2,1564
49,323,5,89,1,2,622
64,279,68,191,0,2,181
57,96,129,198,0,17,400
7,301,161,49,0,17,1312
99,77,526,134,0,17,531
99,213,510,177,1,17,521
9,271,304,88,0,14,1179
46,132,507,198,1,2,285
49,342,82,191,0,7,200
49,267,5,89,0,2,623
39,103,5,65,0,17,1836
27,281,304,88,1,2,1179
27,281,507,198,0,17,287
60,118,393,170,1,2,1891
62,388,194,25,1,2,330
47,271,497,170,0,17,377
7,314,290,134,0,17,1261
57,324,82,191,1,2,178
54,352,246,198,0,2,89
69,388,366,134,0,2,1963
83,120,14,87,0,2,1336
54,68,5,93,0,13,1663
99,191,510,177,0,17,464
99,106,189,63,0,2,43
49,343,84,191,1,2,213
60,276,203,198,0,2,1253
68,280,82,191,0,7,6
54,286,238,198,0,13,116
61,71,14,87,0,2,727
90,132,304,88,1,2,1189
49,330,84,191,1,2,208
28,388,159,193,1,2,1372
62,388,366,134,0,2,43
25,73,525,134,1,17,513
49,338,5,89,0,2,972
60,132,194,25,1,2,300
2,148,208,177,1,2,464
39,186,22,184,0,13,1658
85,246,82,191,0,17,174
83,120,5,155,0,2,552
13,128,162,198,0,14,1386
57,329,82,191,0,2,179
69,388,339,109,0,2,43
99,240,82,191,0,17,400
85,18,5,159,1,2,584
61,71,14,87,0,2,1064
1,32,238,198,0,13,136
99,184,108,188,1,2,0
85,391,434,198,0,13,101
79,388,238,198,0,13,87
73,388,5,135,0,17,1878
49,333,238,198,1,2,1499
54,352,26,198,0,2,1414
69,388,5,128,0,2,560
32,403,540,188,1,2,0
49,321,84,191,1,2,428
99,88,526,134,0,17,531
64,274,68,191,1,2,179
99,251,94,28,0,17,43
68,132,294,177,1,17,1433
49,345,5,89,0,7,918
85,134,59,198,0,2,1485
49,327,84,191,1,2,178
27,271,5,45,0,8,2007
85,407,238,198,0,13,116
57,329,82,191,1,2,257
49,343,5,89,1,2,658
49,323,5,89,1,2,632
25,388,334,198,1,2,225
94,116,80,38,0,17,43
44,127,301,198,0,2,1571
1,34,5,0,1,2,1619
54,352,26,198,0,2,1698
99,106,190,87,0,2,43
85,415,82,191,0,2,199
99,240,238,198,1,17,12
62,388,207,67,1,2,1275
48,158,526,134,0,17,377
3,381,387,25,1,17,903
69,388,217,188,0,2,0
2,33,112,39,1,2,1069
85,415,82,191,0,2,200
22,371,325,131,0,14,43
26,276,369,177,0,2,521
57,329,82,191,1,2,216
100,126,35,198,1,17,1266
62,185,236,198,0,14,1808
27,281,421,170,1,2,1328
7,315,161,49,0,17,893
49,324,84,191,1,2,178
54,156,125,134,0,17,377
69,388,316,119,0,2,1133
99,86,283,100,0,7,377
84,292,39,13,0,2,43
69,388,447,97,0,2,1974
49,325,84,191,1,2,428
13,128,162,198,0,13,1924
90,132,304,88,0,17,1189
99,81,478,170,0,2,734
17,388,526,16,0,17,377
85,393,5,159,0,2,922
54,139,263,188,0,17,0
39,171,5,65,0,17,1050
69,388,411,110,0,2,1133
85,415,5,159,0,2,924
49,347,84,191,1,17,387
55,366,5,94,1,2,711
77,117,194,25,0,17,294
49,332,84,191,1,2,178
49,233,336,200,0,17,1915
9,271,238,198,0,13,136
49,329,84,191,1,2,428
98,20,21,184,0,13,1658
99,239,98,25,0,17,883
2,37,410,25,0,2,358
44,163,239,198,0,14,438
49,338,526,198,0,17,69
69,388,5,128,0,2,558
39,103,355,65,0,17,810
49,343,5,89,0,17,661
62,388,414,134,0,2,377
38,359,5,64,0,17,819
63,132,103,177,1,17,464
99,87,316,118,0,17,701
49,343,5,89,0,17,667
49,345,415,191,0,2,1495
61,71,238,198,0,13,153
49,342,84,191,0,17,1
85,407,467,190,1,2,1230
49,333,5,89,1,2,667
85,400,299,191,1,2,206
29,176,172,198,0,17,69
49,325,84,191,1,2,159
85,391,58,198,0,17,225
85,388,232,188,0,17,0
60,363,5,100,0,2,965
54,312,5,93,0,13,1663
77,119,30,188,0,2,0
7,293,5,5,0,17,1584
57,369,5,96,1,17,1566
100,126,35,198,1,17,434
57,336,315,191,0,17,1544
84,292,225,170,1,2,43
85,414,466,198,1,2,228
62,218,526,134,0,2,43
27,354,5,45,0,17,1024
49,347,371,198,1,2,1506
85,402,351,198,0,17,417
73,388,167,198,0,17,224
85,408,351,198,0,17,417
73,132,364,183,0,13,1658
1,25,194,25,1,2,369
54,68,427,134,0,9,377
49,328,84,191,1,2,208
99,73,98,27,0,17,349
2,120,238,198,1,2,228
44,127,162,198,0,14,403
27,281,304,88,0,17,1190
9,271,304,88,0,2,926
79,388,238,198,0,2,12
44,129,160,198,0,14,99
99,86,105,146,0,2,377
56,265,246,198,0,8,443
57,329,82,191,1,17,159
1,25,222,198,0,13,1649
64,284,68,191,1,2,179
62,388,192,25,1,2,364
57,333,82,191,1,2,213
64,274,68,191,1,2,179
39,186,514,182,0,17,1235
69,388,5,128,0,2,1878
29,132,507,198,1,8,286
1,25,202,198,0,13,1649
60,132,304,89,0,17,915
66,388,5,114,0,17,1878
61,71,138,38,0,2,43
27,271,304,88,1,2,927
1,26,194,25,1,2,376
1,25,202,198,0,2,12
99,73,98,27,0,17,239
84,65,286,97,0,17,1101
27,281,304,88,1,2,1187
1,34,194,25,1,2,353
10,388,272,134,1,2,377
90,132,304,88,1,7,1188
99,91,478,170,0,17,1426
60,132,52,130,0,17,377
57,336,315,191,0,17,1544
99,86,18,134,0,17,377
84,65,5,158,0,17,1100
99,220,255,26,0,17,1001
57,331,82,191,1,2,178
13,128,301,198,0,13,1571
84,292,414,134,1,2,460
62,187,195,67,0,7,377
85,388,351,198,0,2,417
49,268,5,89,0,2,626
90,132,291,170,1,7,274
27,281,82,191,1,7,178
99,106,98,25,0,2,948
77,95,98,25,0,7,1592
61,71,5,101,0,13,1681
83,120,328,130,0,2,881
90,132,304,88,1,2,1189
99,166,208,177,1,2,521
47,405,131,170,0,2,43
60,132,5,100,1,2,1790
57,258,510,25,1,17,906
99,238,484,177,0,17,306
49,327,84,191,1,17,428
99,105,413,148,0,2,43
49,348,5,89,1,2,609
85,414,5,159,1,2,921
70,293,5,131,0,2,792
99,239,213,171,0,17,1909
39,4,208,177,0,2,464
69,388,170,134,1,2,531
27,281,5,45,0,2,1792
60,132,304,89,0,2,926
49,328,115,198,1,2,74
99,91,526,134,0,8,531
2,37,410,25,1,2,388
49,325,84,191,1,2,159
99,82,478,170,0,2,897
99,73,417,177,1,2,335
38,359,189,63,0,2,43
64,388,225,170,0,2,377
90,132,304,88,1,2,1188
57,336,69,191,1,2,179
49,343,84,191,0,17,8
60,132,112,144,0,2,43
99,77,526,134,0,17,513
99,76,526,134,0,17,474
49,333,371,198,1,2,1520
61,71,67,191,1,2,1358
77,119,14,87,0,2,1206
2,148,194,25,1,2,349
61,71,55,91,0,2,43
62,388,199,65,0,2,832
49,340,5,89,1,2,626
2,149,5,1,0,2,1561
2,33,5,1,1,2,1561
44,127,301,198,0,2,1571
99,73,357,134,0,17,531
77,173,140,136,0,17,43
64,132,510,177,1,17,296
57,96,128,198,1,17,182
57,339,343,188,0,2,0
49,267,5,89,0,7,918
40,419,432,25,1,17,1427
69,388,405,111,0,2,1133
49,328,204,192,0,17,1496
94,132,510,177,0,2,43
69,388,170,134,0,2,513
99,166,10,177,0,2,536
99,73,510,177,0,17,464
49,232,427,198,0,15,117
27,281,82,191,1,2,179
60,363,5,100,0,13,1666
63,132,510,177,0,17,489
99,91,5,179,1,2,960
27,271,515,184,1,2,1684
20,132,526,134,0,8,466
85,394,5,159,1,2,1214
3,235,536,170,0,17,377
57,331,82,191,1,17,216
49,327,24,198,0,2,441
54,141,431,134,0,17,377
44,129,37,198,1,17,1248
62,66,286,97,0,17,988
44,163,238,198,0,2,69
68,280,304,88,1,2,1188
7,315,161,49,1,2,1902
2,120,98,25,0,7,962
54,360,5,93,0,13,1663
85,407,301,198,0,13,1649
99,85,526,134,0,17,460
49,253,5,89,1,2,672
83,120,5,155,0,2,552
51,158,526,134,0,17,377
39,103,5,65,0,17,1837
77,119,138,38,0,2,377
85,407,351,198,0,2,417
83,120,14,87,0,2,847
1,34,194,25,1,2,388
69,388,170,134,1,2,531
27,275,5,45,0,2,1112
85,400,82,191,1,2,1391
7,190,5,5,0,17,1585
47,271,507,198,1,2,282
94,132,304,88,1,2,1188
99,165,274,25,0,7,1420
38,359,526,134,0,17,377
60,363,238,198,0,13,138
64,274,69,191,0,2,179
13,128,383,198,0,13,1925
7,301,233,198,0,17,1588
57,336,2,191,0,17,400
85,414,473,198,0,13,1689
85,407,5,159,0,2,1831
49,335,84,191,1,2,428
66,388,238,198,0,13,136
39,4,296,170,1,2,43
77,119,30,188,0,2,0
63,132,103,177,0,2,534
99,87,133,96,0,2,1120
79,388,238,198,0,13,87
99,73,98,27,0,17,300
57,331,82,191,1,2,1735
49,340,5,89,1,2,625
25,73,98,177,0,17,243
64,274,524,198,1,2,408
69,388,5,128,0,2,1878
83,120,14,87,0,2,377
99,106,412,170,0,2,377
49,348,5,89,1,2,626
2,33,165,25,0,2,1420
99,206,14,98,0,17,377
54,211,125,134,0,17,462
54,211,238,198,0,13,118
85,398,526,14,1,2,377
71,132,98,177,0,2,521
64,132,497,170,1,2,1011
11,132,5,9,0,17,1893
27,271,510,177,1,2,273
85,414,82,191,0,2,428
70,293,5,131,0,13,1654
77,95,5,146,0,7,567
27,281,304,88,1,17,1190
77,95,238,198,0,13,96
99,240,476,170,0,13,1659
77,119,483,25,0,2,1420
39,186,510,177,0,17,377
13,128,301,198,0,2,1571
68,280,304,88,0,7,1171
60,118,394,144,0,2,1073
97,155,79,191,1,17,176
7,293,290,134,0,17,1261
27,281,5,45,0,2,710
58,412,394,153,0,17,1843
47,375,98,25,0,17,948
2,33,165,25,0,2,43
3,99,238,198,0,13,124
85,400,466,198,0,2,403
9,271,277,136,0,2,377
56,265,420,198,0,2,225
60,363,194,25,0,2,241
72,132,98,177,0,17,388
85,414,82,191,0,2,1733
49,328,84,191,1,2,159
1,25,194,25,1,2,388
99,220,515,26,0,2,1711
85,415,473,198,0,13,1689
99,84,526,134,0,17,513
99,85,526,134,0,17,505
2,120,5,1,0,2,818
83,108,526,188,1,2,0
60,132,421,170,1,2,1328
69,388,170,134,1,2,531
71,388,208,177,0,17,1846
85,415,82,191,1,2,166
49,267,5,89,0,17,631
85,374,5,159,0,19,1218
32,388,111,129,0,2,43
60,132,304,89,0,2,1190
49,326,204,192,0,17,1496
2,30,328,130,0,2,881
27,281,204,134,1,2,391
19,388,366,134,0,17,377
64,284,497,170,0,2,1012
48,189,526,134,0,17,377
85,414,82,191,0,2,207
49,320,5,89,0,2,972
85,102,5,159,0,2,1218
1,25,194,25,1,2,366
12,282,304,88,1,17,1188
60,132,507,198,0,2,280
54,312,125,134,0,2,377
7,301,290,134,0,17,1774
27,271,5,45,0,13,1681
83,204,95,170,0,17,1155
2,148,194,25,1,2,353
83,120,5,155,0,2,566
60,271,82,191,1,2,178
99,220,238,198,0,2,1712
2,29,5,1,0,17,1564
27,281,452,188,0,2,0
54,312,431,134,0,17,377
56,93,5,95,0,8,1702
85,388,301,198,0,12,417
60,118,195,64,0,2,377
44,127,444,198,0,2,403
13,128,162,198,0,14,1387
27,281,366,118,0,2,854
49,325,84,191,1,2,216
72,132,98,177,0,17,349
94,116,327,38,0,17,43
20,132,7,188,0,7,0
57,336,5,96,0,2,1991
99,106,412,170,0,2,377
57,331,82,191,0,2,178
85,414,82,191,0,2,81
60,118,106,38,1,2,43
99,105,13,126,0,2,43
61,71,413,148,0,2,43
49,349,5,89,1,2,627
77,173,98,25,0,2,302
49,335,445,191,1,17,1495
67,388,526,200,0,2,167
49,333,371,198,1,2,1509
64,284,66,191,1,2,181
44,163,454,191,0,2,12
13,128,127,198,0,13,116
49,253,5,89,1,17,1688
27,271,5,45,0,2,1687
49,327,84,191,1,2,428
85,407,238,198,0,13,102
85,396,234,188,1,2,0
54,211,307,106,0,13,1665
64,284,497,170,0,2,1019
51,195,526,134,0,17,495
85,246,82,191,0,17,173
85,408,342,188,1,2,0
66,388,98,25,1,2,300
83,120,29,188,0,2,0
85,400,5,159,0,2,1831
12,282,304,88,0,2,1179
83,120,5,155,0,2,550
99,73,98,27,0,17,388
61,71,264,188,0,8,0
2,148,194,25,1,2,348
77,364,409,170,0,17,43
99,76,478,170,0,17,1426
71,132,399,45,1,7,1113
68,132,510,177,0,17,278
49,146,61,191,0,7,159
2,43,112,39,1,2,1213
49,325,84,191,1,2,428
1,26,194,25,1,2,353
77,183,61,191,0,2,162
49,300,5,89,0,2,1138
99,106,66,191,1,2,209
1,34,5,0,0,2,1621
60,132,321,188,1,2,0
54,156,246,198,0,17,1412
54,130,125,134,0,17,505
85,135,57,190,0,2,995
61,71,5,101,0,8,2010
49,332,458,198,0,2,48
49,331,84,191,1,17,180
68,280,238,198,0,2,12
61,71,190,87,0,2,727
81,359,23,134,0,2,43
56,124,84,191,0,2,189
49,340,5,89,1,2,622
49,329,204,192,0,17,1496
27,271,257,188,1,7,0
57,124,84,191,0,2,193
46,388,526,133,0,17,377
7,380,161,49,0,12,43
60,363,453,199,0,2,1731
83,204,98,25,0,17,1347
49,253,238,198,0,14,120
2,148,165,25,0,2,43
99,76,526,134,0,17,486
99,239,412,170,0,17,769
19,388,5,20,1,2,1879
69,388,114,108,0,2,1133
83,204,98,25,1,2,903
39,171,5,65,0,17,804
57,336,71,191,1,17,219
69,388,170,134,1,2,531
99,86,18,134,1,17,531
61,13,287,98,1,2,43
48,196,526,134,0,17,496
90,132,304,88,0,2,926
79,388,366,134,0,17,539
57,336,2,191,0,17,65
83,120,29,188,0,2,0
13,128,88,198,0,17,225
69,388,170,134,1,2,377
69,388,381,159,0,2,941
57,324,5,96,1,2,971
57,333,82,191,1,8,197
47,405,131,170,0,2,1004
30,388,238,198,0,2,549
22,383,5,29,0,13,1657
60,276,205,134,0,2,377
78,290,338,170,0,17,377
40,419,432,25,0,17,1366
57,331,82,191,0,2,216
49,325,84,191,1,17,159
27,281,82,191,1,2,178
68,280,5,127,0,14,1920
85,398,5,159,1,2,1215
77,119,14,87,0,2,847
99,72,512,170,0,2,1010
2,148,112,39,1,2,1069
62,412,197,198,0,17,1258
85,407,5,159,0,17,1218
2,33,165,25,1,2,1420
44,125,117,32,0,2,968
49,327,23,196,0,2,1458
49,326,84,191,1,2,208
2,120,238,198,1,2,228
2,148,455,198,0,17,225
1,41,328,130,1,2,43
85,400,5,159,0,17,1218
83,204,98,25,0,17,1443
85,415,82,191,0,2,199
25,388,502,198,1,2,403
2,38,410,25,1,2,348
92,59,233,198,0,17,389
83,120,5,155,0,2,551
1,27,194,25,1,2,951
27,271,5,45,1,2,1037
54,313,347,198,0,17,69
32,403,5,56,0,2,800
99,86,316,125,1,2,496
54,350,352,152,1,17,525
39,350,5,65,0,17,1050
49,342,168,198,0,7,224
94,132,472,169,0,2,43
57,334,82,191,1,17,178
49,329,84,191,1,17,180
71,132,478,170,0,17,377
57,329,82,191,0,17,216
49,343,371,198,0,17,1509
91,132,304,88,0,17,1188
77,55,5,146,0,13,1675
39,186,510,177,1,2,521
27,281,5,45,0,2,1031
85,407,351,198,0,2,417
60,132,195,64,0,2,43
57,100,229,191,1,17,182
44,136,127,191,1,2,1356
44,136,60,191,1,11,1356
85,400,526,170,1,2,377
57,332,238,198,0,13,434
67,388,5,117,0,2,1881
56,369,115,198,0,18,69
84,53,214,156,0,17,377
7,301,5,5,0,17,1584
84,67,291,170,0,17,1635
44,127,162,198,0,14,1923
1,34,194,25,1,2,364
57,100,229,191,1,17,184
51,234,14,87,0,2,43
1,32,194,25,0,2,962
61,71,329,170,1,2,1020
73,378,526,134,0,2,495
99,91,440,96,1,2,1120
99,89,526,134,0,2,513
49,339,84,191,1,2,428
83,204,5,155,0,2,1072
49,331,5,89,0,17,640
66,388,272,134,1,2,377
49,329,526,198,0,17,69
49,327,24,198,0,2,32
49,324,5,89,0,17,642
54,142,125,134,0,17,466
20,132,304,88,0,17,1187
85,400,82,191,0,2,81
85,414,238,198,0,13,147
99,240,82,191,1,17,179
54,68,5,93,0,2,1685
71,132,98,177,0,8,270
54,9,401,170,0,9,1010
38,359,526,134,0,2,43
64,274,68,191,1,2,181
57,333,480,170,0,2,899
20,132,304,88,0,17,1188
64,279,497,170,0,2,1011
2,33,112,39,1,2,1213
57,336,3,191,0,2,428
61,71,5,101,0,7,2010
85,414,82,191,0,2,429
77,173,5,146,0,2,568
64,279,66,191,1,2,180
64,284,226,43,0,2,377
56,93,5,95,0,17,587
69,388,5,128,0,2,1881
49,253,153,198,0,15,1917
90,132,304,88,1,2,1188
60,118,5,100,0,7,575
49,330,24,198,0,2,32
49,324,84,191,1,17,216
4,132,304,88,1,2,1188
60,132,5,100,0,14,1920
79,388,238,198,0,2,12
59,60,5,99,0,17,711
61,71,329,170,0,2,1007
44,127,81,198,0,2,1327
83,204,5,155,0,2,1072
57,100,314,191,1,17,428
49,232,153,198,0,15,1917
57,336,128,191,0,17,1539
49,332,168,198,0,7,224
62,66,296,170,0,17,1905
7,314,161,49,0,17,893
2,39,194,25,1,2,388
42,132,304,88,0,17,1186
57,338,84,191,1,17,361
57,336,68,191,1,2,179
49,325,84,191,0,2,177
36,411,288,170,0,2,43
85,400,5,159,1,2,924
94,132,510,177,0,2,464
95,132,304,88,0,8,1179
2,44,194,25,0,2,1429
99,106,329,170,0,2,1007
49,343,84,191,1,17,1
38,359,5,64,1,2,815
72,132,98,177,0,17,349
77,173,98,25,0,2,1347
64,284,116,170,0,2,742
39,4,296,170,1,2,1017
11,388,238,198,0,13,116
49,253,238,198,1,17,424
57,336,5,96,0,2,589
4,132,478,170,1,2,1012
44,129,464,198,0,14,137
57,96,128,198,1,17,184
99,115,416,25,1,2,906
94,132,304,88,0,2,1179
57,336,0,191,0,17,1537
54,142,125,134,0,17,505
60,132,194,25,1,2,348
99,220,238,198,0,13,153
49,341,5,89,0,2,617
54,130,307,106,0,13,1665
66,388,5,114,1,2,976
62,389,286,97,0,2,553
64,284,63,191,0,2,173
57,332,5,96,1,2,678
7,315,233,198,0,17,1588
62,390,5,102,0,2,578
85,400,82,191,0,2,207
60,132,194,25,1,2,255
73,132,103,177,1,2,534
85,402,238,198,0,17,272
77,173,95,170,0,2,1155
54,156,246,198,0,17,89
54,68,534,134,0,13,1658
85,414,82,191,0,2,174
49,267,5,89,0,17,631
60,276,199,65,1,8,804
49,334,84,191,0,17,1
47,375,284,134,0,17,377
39,4,189,63,0,2,43
47,63,87,192,1,2,377
17,132,252,198,1,2,228
1,36,194,25,1,2,907
22,264,427,78,0,2,377
69,388,170,134,0,2,513
39,103,356,188,0,17,0
1,41,5,0,0,2,1621
64,274,497,170,1,2,668
29,132,252,198,0,7,69
57,336,548,191,0,17,1536
2,33,112,39,0,2,1213
71,388,360,134,1,2,531
38,359,328,130,1,2,43
49,267,5,89,0,17,631
36,416,288,170,0,2,43
74,132,526,134,0,17,377
85,391,434,198,0,13,101
51,234,338,170,0,7,1010
49,328,84,191,0,17,8
1,26,238,198,0,13,105
92,59,486,170,0,17,1647
69,388,170,134,1,2,377
1,26,274,25,1,2,330
54,139,262,188,0,17,0
61,71,14,87,0,2,43
57,96,0,191,1,17,182
27,271,5,45,1,2,1035
49,233,5,89,1,17,1688
99,220,515,26,0,13,1658
2,44,5,1,1,2,1564
49,341,5,89,1,2,619
49,331,84,191,1,17,428
60,133,194,25,1,2,364
49,340,5,89,1,2,632
49,321,84,191,1,17,386
49,325,84,191,0,2,211
12,273,304,88,0,2,1179
92,59,233,198,1,2,389
84,65,5,158,0,17,1101
49,327,5,89,0,2,1457
84,67,5,158,0,17,1103
60,132,194,25,1,2,368
93,222,137,24,0,2,377
92,59,486,170,1,2,1780
85,414,82,191,0,2,181
27,281,5,45,1,2,710
44,127,81,198,0,2,1327
85,414,5,159,0,2,924
44,127,437,198,0,14,100
38,359,5,64,1,2,814
13,128,87,170,0,14,1383
49,330,23,199,0,2,1458
99,220,5,179,0,13,1681
60,132,5,100,0,2,1789
7,150,161,49,0,17,893
90,132,291,170,0,2,377
54,352,98,25,0,17,903
99,83,338,170,0,17,1010
49,331,84,191,1,2,159
27,271,510,177,1,2,1433
74,388,374,140,1,2,961
92,227,238,198,0,13,116
1,26,194,25,1,2,348
55,310,5,94,0,17,711
2,148,165,25,1,2,43
60,132,304,89,1,2,1047
89,73,525,134,0,17,377
60,132,455,198,0,13,1649
85,417,5,159,0,19,1218
85,400,82,191,0,2,1733
77,173,98,25,1,2,1366
49,327,84,191,1,2,208
57,336,491,191,1,17,187
100,126,35,198,1,17,1267
77,95,98,25,0,8,43
61,71,138,38,0,8,377
85,414,497,170,0,17,377
56,368,5,95,1,5,892
60,363,5,100,0,13,1666
83,120,448,25,0,17,31
47,270,5,84,0,17,1706
39,186,85,188,0,17,0
85,394,478,170,1,2,43
85,398,526,200,0,17,299
56,370,115,198,0,18,69
97,221,370,198,0,14,1472
2,37,5,1,0,17,1564
54,130,238,198,0,13,118
2,44,199,65,1,2,834
30,388,381,159,0,2,943
57,332,82,191,1,2,216
57,96,548,191,0,17,400
2,39,194,25,0,2,962
64,284,69,191,0,2,179
57,336,426,198,0,13,1649
49,327,343,188,0,2,0
99,73,98,27,0,17,242
99,106,190,87,0,2,1123
69,388,411,110,0,2,1133
61,71,5,101,0,2,1088
2,21,410,25,1,2,948
69,388,98,25,1,2,381
99,166,520,184,0,2,998
13,128,437,198,0,14,1388
27,281,194,25,1,2,368
88,19,5,164,0,2,976
49,325,84,191,1,17,216
93,163,421,166,0,17,377
44,127,88,198,0,17,225
47,376,131,170,0,2,43
51,217,526,134,0,17,377
51,219,526,134,0,17,377
60,132,304,89,0,2,1046
92,227,301,198,0,13,1649
49,328,5,89,0,2,1457
99,73,357,134,0,17,492
94,132,5,176,1,2,1897
2,33,166,177,1,2,330
77,51,338,170,0,17,377
60,271,82,191,1,2,197
99,84,526,134,0,17,377
49,325,84,191,0,17,180
2,148,5,1,1,2,1290
49,333,84,191,1,2,208
1,25,194,25,1,2,330
99,239,287,98,0,17,43
1,24,5,0,1,2,1617
7,113,238,198,0,13,145
54,313,125,134,0,17,502
27,281,82,191,1,7,159
57,96,1,191,0,17,5
57,333,465,188,0,2,0
99,77,526,134,0,17,460
2,148,5,1,1,2,1561
39,186,188,177,0,2,534
77,173,140,136,0,17,43
57,336,546,191,0,17,1534
2,149,112,39,1,2,1213
85,246,82,191,0,17,10
22,260,427,78,0,2,377
69,388,477,170,0,2,1978
99,73,98,27,0,17,348
85,398,5,159,0,17,1831
62,388,5,102,0,2,1643
7,175,161,49,0,13,43
13,128,444,198,0,2,403
85,388,497,170,1,2,377
64,284,71,191,1,2,179
84,65,291,170,0,17,1907
44,129,36,198,1,17,1248
99,73,98,27,0,17,306
39,4,328,130,1,2,43
77,119,287,98,0,17,43
85,414,82,191,0,2,178
85,414,82,191,0,2,160
51,196,526,134,0,17,496
57,333,5,96,1,2,678
51,162,526,134,0,17,377
56,265,5,95,0,17,587
27,281,5,45,0,2,1036
57,336,488,191,1,17,195
4,132,304,88,1,7,1188
27,281,395,188,0,2,0
1,25,194,25,1,2,364
85,414,82,191,0,2,205
99,78,478,170,0,17,1426
49,333,204,192,0,17,1496
54,9,401,170,0,9,377
73,388,238,198,0,13,136
1,25,194,25,1,2,388
27,281,121,144,0,2,43
60,363,238,198,0,2,1729
35,249,5,59,0,17,889
58,420,366,134,0,17,377
49,328,84,191,1,2,428
49,267,5,89,0,17,606
1,41,199,65,0,2,1058
64,274,63,191,1,2,195
62,388,5,102,0,2,1622
27,281,5,45,1,2,1842
68,280,421,170,1,2,1328
60,133,194,25,1,2,948
49,348,5,89,1,2,605
2,44,5,1,1,2,1564
47,375,238,198,0,13,116
44,129,38,198,1,17,1248
27,281,270,96,0,2,1119
2,38,410,25,1,2,330
99,75,526,134,0,17,459
68,280,304,88,0,17,1190
99,105,200,124,0,2,707
46,388,5,77,0,2,1881
89,74,478,170,0,17,1010
49,232,323,198,0,2,1649
85,400,82,191,1,2,1392
70,15,238,198,0,13,104
85,388,351,198,0,2,417
57,334,82,191,1,2,1735
64,274,68,191,0,2,220
7,293,161,49,0,17,1312
49,333,84,191,1,2,208
44,127,444,198,0,2,403
77,16,31,0,0,2,377
62,388,414,134,1,2,491
85,414,351,198,0,2,417
60,322,171,52,0,17,377
77,173,510,177,0,2,377
49,256,5,89,1,2,631
31,353,96,120,0,17,377
99,220,238,198,0,2,1712
60,132,212,125,0,2,377
13,128,437,198,0,14,100
47,375,301,198,0,13,1649
99,105,190,87,0,2,43
