0,205,113,28,0,17,43
0,251,318,25,0,17,43
0,237,94,28,0,17,377
0,237,123,28,0,14,43
1,119,98,25,0,3,962
1,26,238,198,0,13,105
1,26,202,198,0,13,1649
1,26,194,25,1,2,368
1,26,194,25,1,2,349
1,26,194,25,1,2,388
1,26,194,25,1,2,376
1,26,194,25,1,2,348
1,26,194,25,1,2,364
1,26,194,25,1,2,358
1,26,194,25,1,2,353
1,26,194,25,1,2,330
1,26,194,25,1,2,948
1,26,194,25,1,2,1366
1,26,274,25,1,2,330
1,26,194,25,1,2,234
1,26,194,25,1,2,294
1,26,194,25,1,2,903
1,26,194,25,0,2,373
1,26,297,188,1,2,0
1,25,194,25,0,17,353
1,25,194,25,0,17,1366
1,25,208,177,1,17,521
1,25,276,177,1,2,464
1,25,238,198,0,13,105
1,25,202,198,0,13,1649
1,25,238,198,0,13,105
1,25,202,198,0,13,1649
1,25,194,25,1,2,349
1,25,194,25,1,2,388
1,25,194,25,1,2,368
1,25,194,25,1,2,348
1,25,194,25,1,2,376
1,25,194,25,1,2,364
1,25,194,25,1,2,358
1,25,194,25,1,2,330
1,25,238,198,0,13,105
1,25,202,198,0,13,1649
1,25,194,25,1,2,348
1,25,194,25,1,2,349
1,25,194,25,1,2,388
1,25,194,25,1,2,368
1,25,194,25,1,2,376
1,25,194,25,1,2,364
1,25,194,25,1,2,358
1,25,194,25,1,2,330
1,25,194,25,1,2,369
1,25,194,25,1,2,365
1,25,194,25,1,2,366
1,25,194,25,1,2,948
1,25,194,25,1,2,1366
1,25,274,25,1,2,330
1,25,238,198,0,2,363
1,25,202,198,0,2,1683
1,25,238,198,0,2,363
1,25,202,198,0,2,1683
1,25,238,198,0,2,363
1,25,202,198,0,2,1683
1,25,112,39,0,2,690
1,25,52,130,0,2,43
1,25,202,198,0,2,12
1,25,222,198,1,2,228
1,25,222,198,0,13,1649
1,25,238,198,1,2,225
1,25,238,198,1,2,228
1,23,138,38,1,2,1420
1,22,238,198,0,13,136
1,22,455,198,0,13,1649
1,22,220,188,0,2,0
1,22,220,188,0,2,0
1,34,194,25,1,2,348
1,34,194,25,1,2,349
1,34,194,25,1,2,388
1,34,194,25,1,2,353
1,34,194,25,1,2,368
1,34,194,25,1,2,376
1,34,5,0,1,2,1619
1,34,199,65,1,2,1050
1,34,5,0,0,2,1621
1,34,199,65,0,2,1058
1,34,194,25,1,2,364
1,34,194,25,1,2,358
1,34,194,25,1,2,330
1,34,194,25,1,2,948
1,34,194,25,1,2,1366
1,34,276,177,1,2,330
1,41,328,130,1,2,43
1,41,5,0,0,2,1621
1,41,199,65,0,2,1058
1,27,194,25,1,2,951
1,27,266,188,1,2,0
1,27,194,25,1,2,951
1,27,266,188,1,2,0
1,40,507,198,1,2,283
1,40,507,198,1,2,284
1,36,194,25,1,2,904
1,36,451,188,1,2,0
1,36,451,188,1,2,0
1,36,194,25,1,2,906
1,36,194,25,1,2,909
1,36,194,25,1,2,907
1,36,451,188,1,2,0
1,24,5,0,1,2,1617
1,24,199,65,1,2,833
1,24,5,0,1,2,1617
1,24,199,65,1,2,833
1,32,238,198,0,13,136
1,32,455,198,0,13,1649
1,32,238,198,0,13,136
1,32,455,198,0,13,1649
1,32,194,25,0,2,962
1,32,194,25,1,2,1366
1,32,238,198,0,13,136
1,32,455,198,0,13,1649
1,23,138,38,0,17,1420
2,120,98,25,0,7,962
2,120,5,1,0,2,818
2,120,5,1,0,2,819
2,120,5,1,0,13,1674
2,120,238,198,0,13,108
2,120,228,66,0,13,1658
2,120,5,1,0,2,1614
2,120,199,65,0,2,810
2,120,199,65,0,2,807
2,120,5,1,1,2,1619
2,120,199,65,1,2,1050
2,120,287,98,0,2,43
2,120,238,198,0,13,76
2,120,238,198,1,2,225
2,120,238,198,1,2,228
2,120,5,1,0,2,1564
2,120,112,39,0,2,1213
2,120,341,188,0,2,0
2,120,287,98,0,2,377
2,120,5,1,0,2,1564
2,120,353,188,0,2,0
2,120,112,39,0,2,1213
2,120,341,188,0,2,0
2,120,238,198,0,13,76
2,120,238,198,1,2,225
2,120,238,198,1,2,228
2,148,455,198,0,17,225
2,148,238,198,0,13,136
2,148,455,198,0,13,1649
2,148,194,25,1,2,388
2,148,194,25,1,2,349
2,148,194,25,1,2,368
2,148,194,25,1,2,376
2,148,194,25,1,2,364
2,148,194,25,1,2,358
2,148,194,25,1,2,348
2,148,194,25,1,2,353
2,148,194,25,1,2,330
2,148,194,25,1,2,948
2,148,194,25,1,2,1402
2,148,208,177,1,2,464
2,148,166,177,0,2,465
2,148,165,25,0,2,306
2,148,5,1,1,2,1564
2,148,165,25,1,2,330
2,148,112,39,1,2,1213
2,148,165,25,0,2,43
2,148,165,25,0,2,1420
2,148,5,1,0,2,1564
2,148,112,39,0,2,1213
2,148,5,1,1,2,1561
2,148,112,39,1,2,1069
2,148,5,1,1,2,1561
2,148,112,39,1,2,1069
2,148,5,1,1,2,1561
2,148,112,39,1,2,1069
2,148,165,25,1,2,1420
2,148,165,25,1,2,43
2,148,5,1,0,2,1564
2,148,194,25,0,2,1420
2,148,112,39,0,2,1213
2,148,225,170,1,2,43
2,148,5,1,1,2,1618
2,148,5,1,1,2,1290
2,148,199,65,1,2,834
2,148,199,65,1,2,1289
2,149,5,1,0,2,1564
2,149,112,39,0,2,1213
2,149,231,188,1,2,0
2,149,5,1,0,2,1561
2,149,112,39,0,2,1069
2,149,5,1,1,2,1564
2,149,112,39,1,2,1213
2,149,5,1,1,2,1561
2,149,112,39,1,2,1069
2,149,5,1,0,2,1561
2,149,112,39,0,2,1069
2,149,5,1,1,2,1564
2,149,112,39,1,2,1213
2,149,5,1,0,2,1564
2,149,112,39,0,2,1213
2,149,5,1,0,2,1564
2,149,112,39,0,2,1213
2,149,238,198,0,13,136
2,149,455,198,0,13,1649
2,149,410,25,1,2,349
2,149,410,25,1,2,368
2,149,410,25,1,2,388
2,149,410,25,1,2,376
2,149,410,25,1,2,364
2,149,410,25,1,2,358
2,149,410,25,1,2,348
2,149,410,25,1,2,353
2,149,410,25,1,2,330
2,149,410,25,1,2,239
2,149,410,25,1,2,1402
2,149,410,25,1,2,948
2,149,5,1,0,2,1564
2,149,112,39,0,2,1213
2,149,5,1,0,2,1561
2,149,112,39,0,2,1069
2,28,5,1,1,2,1564
2,28,112,39,1,2,1213
2,30,328,130,1,2,43
2,30,328,130,0,2,881
2,30,189,63,0,2,885
2,42,5,1,1,2,1564
2,42,112,39,1,2,1213
2,33,166,177,0,2,465
2,33,165,25,0,2,306
2,33,165,25,0,2,317
2,33,5,1,0,2,1561
2,33,112,39,0,2,1069
2,33,5,1,1,2,1564
2,33,166,177,1,2,330
2,33,112,39,1,2,1213
2,33,165,25,0,2,43
2,33,165,25,0,2,1420
2,33,5,1,0,2,1564
2,33,112,39,0,2,1213
2,33,5,1,1,2,1561
2,33,112,39,1,2,1069
2,33,5,1,1,2,1561
2,33,112,39,1,2,1069
2,33,5,1,1,2,1561
2,33,112,39,1,2,1069
2,33,165,25,1,2,1420
2,33,165,25,1,2,43
2,29,409,65,0,2,832
2,29,5,1,0,17,1564
2,29,112,39,0,17,1213
2,35,5,1,0,2,1564
2,35,112,39,0,2,1213
2,44,5,1,1,2,1564
2,44,112,39,1,2,1213
2,44,194,25,0,2,1429
2,44,194,25,0,2,1420
2,44,5,1,1,2,1561
2,44,5,1,1,2,1564
2,44,112,39,1,2,1069
2,44,112,39,1,2,1213
2,44,5,1,1,2,1564
2,44,112,39,1,2,1213
2,44,225,170,1,2,43
2,44,5,1,1,2,1618
2,44,5,1,1,2,1290
2,44,199,65,1,2,834
2,44,199,65,1,2,1289
2,44,5,1,1,2,1614
2,44,199,65,1,2,807
2,37,5,1,0,17,1564
2,37,112,39,0,17,1213
2,37,410,25,1,2,348
2,37,410,25,1,2,349
2,37,410,25,1,2,388
2,37,410,25,1,2,368
2,37,410,25,1,2,376
2,37,410,25,1,2,364
2,37,410,25,0,2,358
2,21,410,25,1,2,349
2,21,410,25,1,2,388
2,21,410,25,1,2,368
2,21,410,25,1,2,353
2,21,410,25,1,2,376
2,21,410,25,1,2,364
2,21,410,25,1,2,358
2,21,410,25,1,2,348
2,21,410,25,1,2,239
2,21,410,25,1,2,330
2,21,410,25,1,2,948
2,21,410,25,1,2,1402
2,39,194,25,0,2,962
2,39,194,25,1,2,349
2,39,194,25,1,2,388
2,39,194,25,1,2,368
2,39,194,25,1,2,353
2,39,194,25,1,2,376
2,39,194,25,1,2,364
2,39,194,25,1,2,358
2,39,194,25,1,2,348
2,39,194,25,1,2,239
2,39,194,25,1,2,330
2,39,194,25,1,2,948
2,39,194,25,1,2,1402
2,38,410,25,1,2,349
2,38,410,25,1,2,388
2,38,410,25,1,2,368
2,38,410,25,1,2,353
2,38,410,25,1,2,376
2,38,410,25,1,2,364
2,38,410,25,1,2,358
2,38,410,25,1,2,348
2,38,410,25,1,2,239
2,38,410,25,1,2,330
2,38,410,25,1,2,948
2,38,410,25,1,2,1402
2,31,14,87,0,2,43
2,31,410,25,1,2,330
2,31,410,25,1,2,1427
2,31,410,25,1,2,241
2,31,410,25,1,2,903
2,31,410,25,1,2,1366
2,43,5,1,1,2,1564
2,43,112,39,1,2,1213
3,235,536,170,0,17,377
3,131,5,2,0,13,1681
3,131,238,198,0,13,153
3,131,515,26,0,13,1658
3,131,429,25,1,17,962
3,131,429,25,1,17,903
3,381,387,25,1,17,903
3,381,387,25,1,17,962
3,99,238,198,0,13,124
3,99,338,170,0,13,1659
3,99,60,191,0,17,180
4,132,304,88,1,2,1187
4,132,304,88,1,2,1188
4,132,225,170,1,2,43
4,132,478,170,1,2,1012
4,132,525,134,0,2,377
4,132,5,3,0,2,1793
4,132,304,88,0,2,927
4,132,270,96,0,2,1119
4,132,304,88,1,2,1189
4,132,304,88,1,2,1188
4,132,291,170,0,2,1397
4,132,510,25,0,2,43
4,132,304,88,1,2,1187
4,132,5,3,1,7,1897
4,132,399,45,1,7,880
4,132,304,88,1,7,1188
4,132,304,88,0,7,2015
6,406,445,191,0,2,2
7,228,238,198,0,13,115
7,228,291,170,0,13,1659
7,0,248,198,0,3,69
7,0,248,198,0,2,415
7,0,310,195,0,3,163
7,0,310,195,0,3,1378
7,150,291,134,0,17,377
7,150,291,134,1,2,531
7,150,161,49,0,13,43
7,150,5,5,0,17,1313
7,150,5,5,0,17,1584
7,150,290,134,0,17,1261
7,150,290,134,0,17,1774
7,150,161,49,0,17,1312
7,150,161,49,0,17,893
7,150,233,198,0,17,1588
7,150,291,134,0,17,1314
7,150,291,134,0,17,771
7,190,161,49,0,13,43
7,190,5,5,0,17,1585
7,190,161,49,0,17,986
7,175,161,49,0,13,43
7,175,5,5,0,17,1584
7,175,5,5,0,17,1313
7,175,290,134,0,17,1774
7,175,290,134,0,17,1261
7,175,161,49,0,17,893
7,175,161,49,0,17,1312
7,175,233,198,0,17,1588
7,175,291,134,0,17,771
7,175,291,134,0,17,43
7,175,291,134,0,17,1314
7,293,291,104,0,17,377
7,293,291,104,1,2,531
7,293,161,49,0,13,43
7,293,5,5,0,17,1313
7,293,5,5,0,17,1584
7,293,290,134,0,17,1774
7,293,290,134,0,17,1261
7,293,161,49,0,17,1312
7,293,161,49,0,17,893
7,293,233,198,0,17,1588
7,293,291,104,0,17,771
7,293,291,104,0,17,1314
7,302,161,49,0,13,43
7,302,5,5,0,17,1585
7,302,161,49,0,17,986
7,301,161,49,0,13,43
7,301,5,5,0,17,1313
7,301,5,5,0,17,1584
7,301,290,134,0,17,1774
7,301,290,134,0,17,1261
7,301,161,49,0,17,1312
7,301,161,49,0,17,893
7,301,233,198,0,17,1588
7,301,291,104,0,17,771
7,301,291,104,0,17,1314
7,301,291,104,0,17,43
7,297,238,80,0,13,891
7,380,468,50,0,13,1750
7,380,161,49,0,2,43
7,380,161,49,0,12,43
7,296,354,198,0,17,225
7,296,495,198,0,2,415
7,296,495,198,0,14,1828
7,296,238,80,0,13,891
7,314,161,49,0,14,43
7,314,5,5,0,17,1584
7,314,5,5,0,17,1313
7,314,290,134,0,17,1774
7,314,290,134,0,17,1261
7,314,233,198,0,17,1588
7,314,161,49,0,17,893
7,314,161,49,0,17,1312
7,314,291,134,0,17,43
7,314,291,134,0,17,771
7,314,291,134,0,17,1314
7,314,407,49,1,2,359
7,314,161,49,1,2,1902
7,315,355,134,0,17,506
7,315,161,49,0,14,43
7,315,5,5,0,17,1584
7,315,233,198,0,17,1588
7,315,161,49,0,17,893
7,315,407,49,1,2,359
7,315,161,49,1,2,1902
7,101,5,5,0,13,1678
7,101,238,198,0,13,145
7,101,494,50,0,13,1658
7,113,526,134,0,17,377
7,113,5,5,0,13,1678
7,113,238,198,0,13,145
7,113,494,50,0,13,1658
7,113,161,48,0,13,43
7,111,5,5,0,13,1678
7,111,238,198,0,13,145
7,111,494,50,0,13,1658
7,111,161,48,0,13,43
7,410,238,82,0,2,43
7,410,238,82,0,14,891
7,310,238,198,0,13,136
7,310,455,198,0,13,1649
8,388,366,134,0,17,377
9,1,208,177,1,2,521
9,1,20,177,0,2,536
9,1,5,6,0,2,2014
9,1,520,184,0,2,998
9,276,5,6,0,17,1893
9,276,399,45,0,17,1035
9,276,366,134,1,2,377
9,271,369,177,0,2,521
9,271,276,177,1,2,534
9,271,386,142,0,2,878
9,271,368,25,0,2,43
9,271,238,198,0,13,136
9,271,455,198,0,13,1649
9,271,272,180,0,2,874
9,271,513,180,0,2,1742
9,271,385,198,0,2,11
9,271,276,177,0,2,521
9,271,273,184,0,2,998
9,271,386,142,0,2,878
9,271,368,25,0,2,43
9,271,238,198,0,13,136
9,271,455,198,0,13,1649
9,271,272,180,0,2,874
9,271,513,180,0,2,1742
9,271,385,198,0,2,11
9,271,277,136,0,2,377
9,271,5,6,0,2,1792
9,271,304,88,0,2,926
9,271,304,88,0,14,1179
9,271,304,88,0,2,1191
9,271,304,88,0,2,1179
9,271,277,136,0,2,377
10,388,366,134,0,17,377
10,388,238,198,0,13,136
10,388,455,198,0,13,1649
10,388,238,198,0,2,12
10,388,272,134,1,2,377
11,388,366,134,0,17,377
11,388,238,198,0,13,116
11,388,301,198,0,13,1649
11,388,238,198,0,2,12
11,388,238,198,0,13,116
11,388,301,198,0,13,1649
11,388,238,198,0,2,12
11,132,5,9,0,17,1893
11,132,399,45,0,17,1035
11,132,238,198,0,13,88
11,132,23,85,0,13,1665
11,132,238,198,0,13,88
11,132,23,85,0,13,1665
12,388,366,134,0,17,377
12,392,5,12,0,2,1881
12,392,381,159,0,2,943
12,132,304,88,0,17,1189
12,132,304,88,0,7,1168
12,132,304,88,0,7,1171
12,277,304,88,0,2,1190
12,277,304,88,1,2,1188
12,277,304,88,1,2,1188
12,277,304,88,1,2,1187
12,277,304,88,1,2,1187
12,277,304,88,0,2,1179
12,273,304,88,0,2,1190
12,273,304,88,1,2,1188
12,273,304,88,1,2,1187
12,273,304,88,0,2,1179
12,283,304,88,0,2,1190
12,283,304,88,1,2,1188
12,283,507,198,1,2,286
12,283,507,198,1,2,285
12,283,291,170,1,2,788
12,283,291,170,1,2,789
12,283,304,88,0,2,1179
12,282,304,88,0,2,1190
12,282,304,88,1,17,1188
12,282,291,170,0,2,1397
12,282,507,198,1,2,286
12,282,507,198,1,2,285
12,282,291,170,1,2,788
12,282,291,170,1,2,789
12,282,304,88,0,2,1179
13,128,88,198,0,17,225
13,128,437,198,0,14,100
13,128,437,198,0,14,1387
13,128,162,198,0,14,1923
13,128,87,192,0,14,1385
13,128,162,198,0,14,403
13,128,162,198,0,14,1387
13,128,87,192,0,14,1384
13,128,163,198,0,13,1571
13,128,127,198,0,13,101
13,128,81,198,0,2,1327
13,128,444,198,0,2,403
13,128,301,198,0,2,1571
13,128,127,198,0,2,116
13,128,437,198,0,13,168
13,128,162,198,0,13,1924
13,128,383,198,0,13,1925
13,128,301,198,0,13,1571
13,128,127,198,0,13,116
13,128,88,198,0,17,225
13,128,437,198,0,14,1386
13,128,437,198,0,14,100
13,128,162,198,0,14,1923
13,128,87,170,0,14,1383
13,128,162,198,0,14,1386
13,128,162,198,0,14,403
13,128,87,170,0,14,1381
13,128,163,198,0,13,1571
13,128,127,198,0,13,101
13,128,81,198,0,2,1327
13,128,444,198,0,2,403
13,128,301,198,0,2,1571
13,128,127,198,0,2,116
13,128,437,198,0,13,168
13,128,162,198,0,13,1924
13,128,383,198,0,13,1925
13,128,301,198,0,13,1571
13,128,127,198,0,13,116
13,128,438,198,0,17,225
13,128,437,198,0,14,1388
13,128,437,198,0,14,100
13,128,162,198,0,14,1923
13,128,434,170,0,14,1382
13,128,162,198,0,14,1388
13,128,162,198,0,14,403
13,128,434,170,0,14,1380
13,128,163,198,0,13,1571
13,128,127,198,0,13,101
13,128,81,198,0,2,1327
13,128,444,198,0,2,403
13,128,301,198,0,2,1571
13,128,127,198,0,2,116
13,128,437,198,0,13,168
13,128,162,198,0,13,1924
13,128,383,198,0,13,1925
13,128,301,198,0,13,1571
13,128,127,198,0,13,116
14,406,445,191,0,2,2
15,388,366,134,1,2,377
15,388,5,15,0,2,1881
15,388,381,159,0,2,943
15,132,304,88,0,17,1187
15,132,304,88,0,17,1186
16,388,366,134,0,17,377
16,132,304,88,0,17,1187
17,388,526,16,0,17,377
17,132,304,88,1,2,1194
17,132,304,88,1,2,1182
17,132,304,88,1,2,1187
17,132,252,198,1,2,228
17,132,526,134,0,17,377
18,294,5,18,0,2,1784
18,294,302,198,0,2,53
18,304,5,18,0,2,1784
18,304,302,198,0,2,53
18,305,86,198,0,13,1649
18,299,34,190,0,2,43
19,388,366,134,0,17,377
19,388,5,20,1,2,1879
19,388,381,159,1,2,940
19,388,331,198,1,2,12
19,388,237,198,1,2,225
19,388,334,198,1,2,225
19,388,441,198,1,2,225
19,388,502,198,1,2,225
19,388,502,198,1,2,403
19,132,526,134,0,17,462
19,132,130,40,0,17,377
20,132,304,88,0,17,1188
20,132,304,88,0,17,1187
20,132,526,134,0,17,531
20,132,526,134,0,8,466
20,132,7,188,0,7,0
21,388,526,22,0,17,377
21,388,60,191,1,2,225
22,383,5,29,0,2,1715
22,383,255,171,0,2,1001
22,383,255,171,0,2,43
22,383,5,29,0,13,1657
22,383,238,198,0,13,113
22,371,184,69,0,14,43
22,371,325,131,0,14,43
22,371,5,29,0,13,1657
22,371,238,198,0,13,113
22,371,184,69,0,14,43
22,371,325,131,0,14,43
22,259,120,134,1,17,491
22,259,427,78,0,2,377
22,259,120,134,1,17,531
22,264,427,78,0,2,377
22,257,427,78,0,2,377
22,260,427,78,0,2,377
22,261,427,78,0,2,377
22,263,427,78,0,2,377
22,262,427,78,0,2,377
22,150,238,78,0,14,43
22,293,295,198,0,13,434
22,293,282,78,0,14,43
23,388,366,134,0,17,377
23,388,301,198,0,2,69
24,388,366,134,0,17,377
24,388,5,36,0,2,1881
24,388,381,159,0,2,943
24,388,5,36,0,2,1881
24,388,381,159,0,2,943
24,388,238,198,0,2,549
24,388,98,25,0,2,273
24,388,98,25,0,2,300
24,388,5,36,0,2,1881
24,388,381,159,0,2,943
24,132,5,36,0,17,1893
24,132,399,45,0,17,1035
25,388,366,134,0,17,377
25,388,366,134,1,2,472
25,388,225,42,0,2,377
25,388,5,41,0,17,1881
25,388,381,159,0,17,943
25,388,366,134,0,17,851
25,388,208,177,0,17,1846
25,388,5,41,1,2,1879
25,388,381,159,1,2,940
25,388,331,198,1,2,12
25,388,237,198,1,2,225
25,388,334,198,1,2,225
25,388,441,198,1,2,225
25,388,502,198,1,2,225
25,388,502,198,1,2,403
25,73,525,134,0,17,377
25,73,525,134,1,17,546
25,73,525,134,1,17,513
25,73,525,134,0,17,531
25,73,478,170,0,17,1010
25,73,132,96,0,17,1120
25,73,98,177,0,17,243
25,73,478,170,0,2,734
25,73,478,170,0,2,1146
26,188,5,44,0,7,837
26,188,14,87,1,7,728
26,188,14,87,1,7,43
26,276,5,44,0,2,837
26,276,369,177,0,2,521
26,276,359,144,0,2,43
26,276,366,134,1,2,377
27,169,5,45,0,2,721
27,2,82,198,1,2,215
27,2,82,198,1,2,197
27,281,304,88,0,17,1189
27,281,304,88,0,17,1190
27,281,304,88,0,7,1168
27,281,304,88,0,7,1171
27,281,5,45,0,2,1792
27,281,304,88,0,2,926
27,281,82,191,0,14,178
27,281,82,191,1,7,174
27,281,82,191,0,7,6
27,281,82,191,1,17,216
27,281,452,188,0,2,0
27,281,5,45,1,2,1625
27,281,5,45,1,2,710
27,281,5,45,1,2,1842
27,281,366,118,1,2,392
27,281,204,134,1,2,391
27,281,112,144,0,2,377
27,281,82,191,1,7,199
27,281,5,45,0,7,1794
27,281,304,88,0,7,928
27,281,82,191,0,7,6
27,281,82,191,1,7,257
27,281,82,191,1,7,178
27,281,82,191,1,7,179
27,281,82,191,1,7,159
27,281,82,191,1,7,428
27,281,304,88,1,2,1187
27,281,82,191,0,7,6
27,281,82,191,1,2,197
27,281,82,191,1,2,215
27,281,5,45,0,7,1795
27,281,304,88,0,7,929
27,281,82,191,0,7,6
27,281,265,188,0,2,0
27,281,5,45,0,8,1797
27,281,291,134,0,8,274
27,281,304,88,0,8,931
27,281,98,25,0,2,377
27,281,304,88,0,8,1190
27,281,145,136,0,2,498
27,281,251,134,0,2,377
27,281,5,45,0,2,710
27,281,204,134,0,2,491
27,281,366,118,0,17,1133
27,281,5,45,0,8,1797
27,281,304,88,0,8,931
27,281,304,88,1,8,1188
27,281,421,170,1,2,1332
27,281,5,45,0,2,710
27,281,501,134,1,2,516
27,281,499,144,0,2,1089
27,281,421,170,1,2,1328
27,281,112,144,1,2,1073
27,281,421,170,1,2,761
27,281,5,45,0,14,1920
27,281,430,144,0,14,1089
27,281,5,45,1,2,1919
27,281,430,144,1,2,1073
27,281,304,88,0,7,1176
27,281,452,188,0,2,0
27,281,5,45,1,2,1625
27,281,5,45,1,2,710
27,281,5,45,1,2,1842
27,281,366,118,1,2,392
27,281,204,134,1,2,391
27,281,112,144,0,2,377
27,281,366,118,0,2,854
27,281,82,191,1,2,174
27,281,5,45,0,2,1793
27,281,304,88,0,2,927
27,281,270,96,0,2,1119
27,281,82,191,1,2,159
27,281,82,191,1,2,428
27,281,82,191,1,2,179
27,281,304,88,1,2,1187
27,281,82,191,1,8,197
27,281,204,134,0,2,377
27,281,5,45,1,2,1800
27,281,304,88,1,2,935
27,281,304,88,1,17,1190
27,281,304,88,1,2,1179
27,281,82,191,1,8,215
27,281,395,188,0,2,0
27,281,208,177,0,2,43
27,281,361,188,0,2,0
27,281,121,144,0,2,43
27,281,366,118,1,2,854
27,281,395,188,0,2,0
27,281,304,88,1,17,1190
27,281,304,88,1,2,1179
27,281,395,188,1,2,0
27,281,366,118,0,2,854
27,281,304,88,1,17,1190
27,281,304,88,1,2,1179
27,281,82,191,1,2,178
27,281,82,191,1,17,216
27,281,507,198,0,17,288
27,281,507,198,0,17,287
27,281,510,177,0,17,350
27,271,5,45,0,7,1029
27,271,510,177,1,2,1707
27,271,510,177,1,2,1433
27,271,5,45,0,2,1023
27,271,5,45,0,14,1031
27,271,5,45,0,2,1037
27,271,510,177,1,2,1707
27,271,510,177,1,2,1433
27,271,5,45,1,2,1034
27,271,357,134,1,2,377
27,271,5,45,1,2,1035
27,271,5,45,0,2,1031
27,271,5,45,0,17,1035
27,271,5,45,0,7,1029
27,271,5,45,0,8,2007
27,271,515,184,0,8,997
27,271,5,45,0,7,1030
27,271,5,45,0,13,1681
27,271,238,198,0,13,153
27,271,515,184,0,13,1658
27,271,5,45,1,2,1035
27,271,510,177,1,2,273
27,271,510,177,1,2,368
27,271,510,177,1,2,330
27,271,5,45,1,2,1034
27,271,5,45,0,2,1687
27,271,238,198,0,2,393
27,271,515,184,0,2,1684
27,271,510,177,0,2,464
27,271,5,45,1,7,1029
27,271,257,188,1,7,0
27,271,5,45,0,7,1030
27,271,5,45,1,2,1031
27,271,5,45,1,2,1037
27,271,5,45,0,2,1037
27,271,5,45,0,7,1027
27,271,5,45,1,2,1687
27,271,238,198,1,2,393
27,271,515,184,1,2,1684
27,271,5,45,0,7,1030
27,281,147,136,0,2,498
27,281,5,45,0,7,1027
27,281,291,170,0,2,377
27,281,5,45,0,2,1036
27,281,5,45,0,2,1031
27,281,5,45,0,2,1023
27,281,41,100,0,2,43
27,281,195,64,1,8,377
27,281,5,45,0,17,1036
27,281,194,25,1,2,368
27,281,194,25,1,2,330
27,281,194,25,1,2,376
27,281,5,45,0,2,1031
27,281,5,45,0,17,1036
27,272,5,45,0,17,1035
27,272,12,184,0,7,992
27,272,10,177,0,17,464
27,272,10,177,0,8,536
27,272,10,177,0,8,534
27,272,48,184,0,7,992
27,272,47,177,0,17,464
27,272,10,177,0,17,521
27,46,304,88,0,7,1174
27,46,304,88,0,2,1179
27,97,5,45,0,2,1112
27,97,23,33,1,2,502
27,98,5,45,0,2,1112
27,271,304,88,0,7,1172
27,271,5,45,0,2,1792
27,271,304,88,0,2,926
27,271,304,88,0,14,1179
27,271,5,45,1,2,1793
27,271,304,88,1,2,927
27,271,270,96,1,2,1119
27,271,5,45,1,2,1800
27,271,304,88,1,2,935
27,271,304,88,0,2,1179
27,214,5,45,0,2,1114
27,57,5,45,0,2,1114
27,354,5,45,0,17,1024
27,287,5,45,0,17,1024
27,354,5,45,0,17,1024
27,354,5,45,0,17,1024
27,270,5,45,0,17,1800
27,270,304,88,0,17,935
27,270,5,45,0,17,1793
27,270,304,88,0,17,927
27,270,270,96,0,17,1119
27,270,304,88,0,17,915
27,45,304,88,1,2,1195
27,45,507,198,1,2,1803
27,45,304,88,1,2,1195
27,45,507,198,1,2,1803
27,224,5,45,0,17,1114
27,224,238,198,0,13,136
27,224,455,198,0,13,1649
27,224,195,64,0,2,43
27,224,423,134,0,2,43
27,224,423,134,0,2,854
27,275,5,45,0,2,1112
28,388,366,134,0,17,377
28,388,159,193,1,2,1372
28,388,159,193,1,2,1371
29,3,282,198,0,13,124
29,3,173,201,0,13,1750
29,176,172,198,0,17,69
29,132,507,198,1,8,286
29,132,252,198,0,7,69
29,132,507,198,1,17,287
29,132,478,170,0,17,1010
29,132,507,198,1,17,288
30,388,366,134,0,17,377
30,388,5,55,0,2,1881
30,388,381,159,0,2,943
30,388,208,177,0,2,521
30,388,161,53,0,14,890
30,388,238,198,0,2,549
30,388,272,134,0,2,377
31,353,96,120,0,17,377
32,58,214,156,0,17,377
32,403,357,134,0,2,43
32,403,540,188,1,2,0
32,403,5,56,0,2,800
32,403,5,56,0,2,800
32,388,111,129,0,2,377
32,388,111,129,0,2,43
32,388,110,116,0,2,43
33,403,5,57,0,2,800
35,248,510,25,0,17,377
35,225,326,129,0,17,43
35,249,5,59,0,17,889
35,249,326,129,0,17,1645
35,417,449,161,1,2,377
35,243,5,59,0,17,889
35,243,326,129,0,17,1645
36,403,5,60,0,2,800
36,411,288,170,0,2,43
36,416,288,170,0,2,43
37,69,526,170,0,2,43
38,359,5,64,0,17,819
38,359,526,134,0,17,377
38,359,328,130,1,2,43
38,359,5,64,1,2,820
38,359,5,64,1,2,815
38,359,33,10,0,2,43
38,359,5,64,1,2,816
38,359,33,11,0,2,43
38,359,5,64,1,2,814
38,359,33,8,0,2,43
38,359,316,118,0,2,43
38,359,100,33,0,2,43
38,359,526,134,0,2,43
38,359,5,64,1,2,820
38,359,5,64,1,2,815
38,359,33,10,0,2,43
38,359,5,64,1,2,816
38,359,33,11,0,2,43
38,359,5,64,1,2,814
38,359,33,8,0,2,43
38,359,316,118,0,2,43
38,359,100,33,0,2,43
38,359,526,134,0,2,43
38,359,189,63,0,2,43
39,4,189,63,1,2,43
39,4,189,63,0,2,43
39,4,189,63,0,2,43
39,4,189,63,1,2,43
39,4,296,170,1,2,43
39,4,296,170,1,2,1017
39,4,14,87,1,2,43
39,4,328,130,0,2,43
39,4,189,63,0,2,43
39,4,328,130,1,2,43
39,4,5,65,1,2,2009
39,4,515,26,1,2,1227
39,4,515,26,1,2,1222
39,4,515,26,1,2,999
39,4,208,177,0,17,534
39,4,194,25,0,17,306
39,4,98,25,0,17,43
39,4,227,177,0,17,43
39,4,208,177,0,2,464
39,4,227,177,0,2,39
39,4,227,177,1,2,521
39,4,227,177,0,2,464
39,153,5,65,0,2,1050
39,153,5,65,0,2,804
39,153,16,173,0,2,377
39,186,98,25,0,17,377
39,186,510,177,0,17,377
39,186,208,177,0,17,489
39,186,208,177,0,17,534
39,186,238,198,0,13,152
39,186,514,182,0,13,1658
39,186,238,198,0,17,2003
39,186,514,182,0,17,1235
39,186,208,177,0,17,521
39,186,510,177,1,2,521
39,186,22,184,0,13,1658
39,186,386,142,0,13,43
39,186,188,177,0,2,534
39,186,282,198,0,13,152
39,186,514,182,0,13,1750
39,186,282,198,0,2,2003
39,186,12,184,0,2,377
39,186,85,188,0,17,0
39,192,510,177,0,12,43
39,192,510,177,0,17,377
39,192,510,177,0,17,521
39,192,174,188,0,17,0
39,192,509,182,0,13,1658
39,201,5,65,1,17,1050
39,171,5,65,0,17,1050
39,171,5,65,0,17,804
39,103,427,198,0,17,12
39,103,500,25,0,17,43
39,103,380,25,0,17,43
39,103,267,188,0,17,0
39,103,356,188,0,17,0
39,103,267,188,0,17,0
39,103,356,188,0,17,0
39,103,5,65,0,17,1837
39,103,5,65,0,17,810
39,103,355,65,0,17,810
39,103,5,65,0,17,810
39,103,5,65,0,17,1837
39,103,355,65,0,17,810
39,103,5,65,0,17,808
39,103,5,65,0,17,1836
39,103,355,65,0,17,808
39,103,5,65,0,17,1836
39,103,5,65,0,17,808
39,103,355,65,0,17,808
39,150,5,65,0,17,1050
39,350,5,65,0,17,1050
39,351,5,65,0,17,1050
40,5,14,87,0,2,43
40,411,381,159,1,2,1105
40,411,5,67,1,2,1874
40,411,381,159,1,2,1208
40,211,5,67,0,17,846
40,211,414,134,0,17,43
40,419,414,134,1,2,377
40,419,190,87,1,2,1126
40,419,190,87,1,2,43
40,419,5,67,0,2,846
40,419,432,25,1,2,358
40,419,432,25,1,2,255
40,419,432,25,0,2,260
40,419,432,25,0,2,364
40,419,207,137,0,2,377
40,419,414,134,0,17,377
40,419,432,25,1,17,1427
40,419,432,25,1,17,1433
40,419,432,25,0,17,1366
40,419,5,67,0,17,1884
40,419,381,159,0,17,941
40,419,207,137,0,17,499
40,419,5,67,0,17,1214
40,419,5,67,0,17,1215
40,419,5,67,0,17,846
40,419,533,137,0,17,499
42,388,366,134,0,17,377
42,132,304,88,0,17,1187
42,132,304,88,0,17,1186
42,132,526,134,0,17,377
44,102,543,31,0,2,43
44,163,238,200,0,2,69
44,163,239,198,0,14,438
44,163,239,198,0,2,225
44,163,454,191,0,2,12
44,163,238,198,0,2,69
44,163,238,198,0,14,438
44,163,238,198,0,2,225
44,163,454,191,0,2,12
44,163,238,198,0,2,69
44,163,238,198,0,2,225
44,163,454,191,0,2,12
44,125,117,32,0,2,968
44,125,117,32,0,2,968
44,127,88,198,0,17,225
44,127,437,198,0,14,100
44,127,437,198,0,14,1387
44,127,162,198,0,14,1923
44,127,87,192,0,14,1385
44,127,162,198,0,14,403
44,127,162,198,0,14,1387
44,127,87,192,0,14,1384
44,127,163,198,0,13,1571
44,127,127,198,0,13,101
44,127,81,198,0,2,1327
44,127,444,198,0,2,403
44,127,301,198,0,2,1571
44,127,127,198,0,2,116
44,127,437,198,0,13,168
44,127,162,198,0,13,1924
44,127,383,198,0,13,1925
44,127,301,198,0,13,1571
44,127,127,198,0,13,116
44,127,88,198,0,17,225
44,127,437,198,0,14,100
44,127,437,198,0,14,1386
44,127,162,198,0,14,1923
44,127,87,170,0,14,1383
44,127,162,198,0,14,403
44,127,162,198,0,14,1386
44,127,87,170,0,14,1381
44,127,163,198,0,13,1571
44,127,127,198,0,13,101
44,127,81,198,0,2,1327
44,127,444,198,0,2,403
44,127,301,198,0,2,1571
44,127,127,198,0,2,116
44,127,437,198,0,13,168
44,127,162,198,0,13,1924
44,127,383,198,0,13,1925
44,127,301,198,0,13,1571
44,127,127,198,0,13,116
44,127,438,198,0,17,225
44,127,437,198,0,14,100
44,127,437,198,0,14,1388
44,127,162,198,0,14,1923
44,127,434,170,0,14,1382
44,127,162,198,0,14,403
44,127,162,198,0,14,1388
44,127,434,170,0,14,1380
44,127,163,198,0,13,1571
44,127,127,198,0,13,101
44,127,81,198,0,2,1327
44,127,444,198,0,2,403
44,127,301,198,0,2,1571
44,127,127,198,0,2,116
44,127,437,198,0,13,168
44,127,162,198,0,13,1924
44,127,383,198,0,13,1925
44,127,301,198,0,13,1571
44,127,127,198,0,13,116
44,136,160,198,0,14,99
44,136,156,198,0,14,1583
44,136,457,198,0,14,1943
44,136,464,198,0,14,137
44,136,127,191,1,2,1356
44,136,60,191,1,11,1356
44,136,516,198,1,2,69
44,129,160,198,0,14,99
44,129,156,198,0,14,1583
44,129,457,198,0,14,1943
44,129,464,198,0,14,137
44,129,35,198,1,2,434
44,129,35,198,1,17,1267
44,129,457,198,0,17,1943
44,129,464,198,0,17,137
44,129,36,198,1,17,1248
44,129,35,198,1,17,1266
44,129,36,198,1,17,1248
44,129,37,198,1,17,1248
44,129,269,188,1,17,0
44,129,35,198,1,17,1265
44,129,36,198,1,17,1248
44,129,37,198,1,17,1248
44,129,38,198,1,17,1248
44,307,301,198,0,2,69
45,150,169,49,0,13,43
45,150,5,73,0,17,1773
45,150,169,49,0,17,1772
45,150,291,104,0,17,360
45,145,169,49,0,13,43
45,145,291,134,0,17,464
45,145,293,170,0,17,1547
45,293,169,49,0,13,43
45,293,5,73,0,17,1773
45,293,169,49,0,17,1772
45,293,291,104,0,17,360
46,388,526,133,0,17,377
46,388,366,134,1,2,503
46,388,5,77,0,2,1881
46,388,381,159,0,2,943
46,388,98,25,1,2,242
46,388,98,25,0,2,325
46,132,507,198,0,17,288
46,132,507,198,1,7,286
46,132,507,198,1,2,285
46,132,507,198,1,2,283
47,270,497,170,0,17,377
47,270,5,84,0,17,1706
47,270,250,190,0,17,377
47,270,250,190,0,17,997
47,281,357,134,0,17,496
47,281,250,170,0,17,377
47,281,250,170,0,17,377
47,281,186,62,0,2,43
47,281,408,145,0,2,43
47,281,90,23,0,2,377
47,281,5,84,0,17,1706
47,281,250,192,0,17,997
47,281,250,192,0,17,377
47,281,90,23,0,2,377
47,281,419,198,0,2,224
47,271,497,170,0,17,377
47,271,304,88,1,2,1189
47,271,497,170,0,17,377
47,271,507,198,1,2,288
47,271,304,88,1,2,915
47,271,507,198,1,2,282
47,271,497,170,0,17,377
47,271,367,138,1,2,377
47,376,131,170,0,2,43
47,376,131,170,0,2,1004
47,376,216,157,0,2,43
47,376,406,188,0,17,0
47,405,131,170,0,2,1004
47,405,131,170,0,2,43
47,405,216,157,0,2,43
47,375,284,134,0,17,377
47,375,284,134,0,17,505
47,375,284,134,0,17,466
47,375,98,25,0,17,948
47,375,98,25,0,17,903
47,375,238,198,0,13,116
47,375,301,198,0,13,1649
47,375,98,25,0,17,1429
47,375,255,30,0,17,998
47,375,280,83,0,14,891
47,375,447,137,0,8,499
47,62,87,190,1,2,377
47,62,302,198,1,2,165
47,62,5,84,0,2,1529
47,62,87,190,0,2,996
47,62,302,198,0,2,1530
47,63,87,192,1,2,377
47,63,302,198,1,2,165
47,63,5,84,0,2,1529
47,63,87,192,0,2,996
47,63,302,198,0,2,1530
48,350,246,198,0,17,224
48,350,246,198,0,13,1649
48,196,526,134,0,17,496
48,195,526,134,0,17,495
48,158,526,134,0,17,377
48,159,526,134,0,17,377
48,161,526,134,0,17,377
48,217,526,134,0,17,377
48,194,526,134,0,17,377
48,200,526,134,0,17,377
48,189,526,134,0,17,377
48,174,526,134,0,17,377
49,267,5,89,0,2,612
49,267,5,89,0,17,606
49,267,5,89,0,17,609
49,267,5,89,0,17,603
49,267,5,89,0,17,637
49,267,5,89,0,17,610
49,267,5,89,0,7,918
49,267,5,89,1,7,916
49,267,5,89,0,17,631
49,267,5,89,0,17,620
49,267,5,89,0,17,609
49,267,5,89,0,17,632
49,267,5,89,0,17,627
49,267,5,89,0,17,635
49,267,5,89,0,17,603
49,267,5,89,0,17,637
49,267,5,89,0,17,606
49,267,5,89,0,17,620
49,267,5,89,0,17,631
49,267,5,89,0,17,606
49,267,5,89,0,17,603
49,267,5,89,0,17,637
49,267,5,89,0,17,620
49,267,5,89,0,17,631
49,267,5,89,0,17,620
49,267,5,89,0,17,631
49,267,5,89,0,17,627
49,267,5,89,0,17,635
49,267,5,89,0,2,625
49,267,5,89,0,2,624
49,267,5,89,0,2,626
49,267,5,89,0,2,622
49,267,5,89,0,2,605
49,267,5,89,0,2,623
49,268,179,191,0,17,1492
49,268,5,89,0,2,624
49,268,5,89,0,2,605
49,268,5,89,0,2,625
49,268,5,89,0,2,626
49,268,5,89,0,2,622
49,268,5,89,0,2,623
49,233,5,89,0,2,1071
49,233,5,89,1,2,672
49,233,238,198,0,2,120
49,233,323,198,0,2,1649
49,233,238,198,0,14,120
49,233,323,198,0,14,1649
49,233,427,200,0,17,122
49,233,336,200,0,17,1915
49,233,427,200,0,17,117
49,233,305,200,0,17,1916
49,233,153,198,0,17,1917
49,233,343,188,1,16,0
49,233,5,89,1,17,1688
49,233,238,198,1,17,424
49,233,427,200,0,17,439
49,233,510,191,0,17,7
49,233,510,191,0,17,194
49,233,510,191,0,17,188
49,233,427,200,0,17,167
49,233,510,191,0,17,7
49,233,510,191,0,17,194
49,233,510,191,0,17,188
49,146,224,195,0,7,225
49,146,61,191,0,7,159
49,361,5,89,1,17,612
49,361,5,89,1,17,624
49,361,5,89,0,17,635
49,361,5,89,1,17,607
49,361,5,89,0,17,607
49,361,5,89,1,17,612
49,345,5,89,0,17,606
49,345,5,89,0,7,918
49,345,5,89,0,17,632
49,345,5,89,0,17,609
49,345,5,89,0,17,635
49,345,415,191,0,2,1495
49,345,84,191,0,7,257
49,345,84,191,0,7,200
49,345,232,188,0,2,0
49,345,5,89,0,2,1143
49,345,5,89,0,2,1142
49,345,345,198,0,2,1944
49,345,232,188,0,2,0
49,345,5,89,1,2,1138
49,345,232,188,1,2,0
49,345,5,89,1,2,1071
49,346,218,188,0,7,0
49,346,487,172,0,17,377
49,342,82,191,0,2,198
49,342,82,191,0,7,257
49,342,5,89,0,2,916
49,342,82,191,0,7,200
49,342,5,89,0,2,892
49,342,5,89,0,2,1143
49,342,5,89,0,2,1142
49,342,345,198,0,2,1944
49,342,5,89,0,2,892
49,342,5,89,1,2,1138
49,232,5,89,0,2,1071
49,232,5,89,1,2,672
49,232,238,198,0,2,120
49,232,323,198,0,2,1649
49,232,238,198,0,14,120
49,232,323,198,0,14,1649
49,232,84,191,0,2,188
49,232,84,191,0,2,194
49,232,84,191,0,2,193
49,232,427,198,0,15,122
49,232,336,200,0,15,1915
49,232,427,198,0,15,117
49,232,305,198,0,15,1916
49,232,153,198,0,15,1917
49,232,343,188,1,16,0
49,232,5,89,1,17,1688
49,232,238,198,1,17,424
49,349,511,198,0,13,1649
49,349,5,89,1,17,609
49,349,5,89,0,17,632
49,349,5,89,1,2,609
49,349,5,89,1,2,627
49,349,5,89,1,2,632
49,349,5,89,1,2,635
49,256,5,89,0,17,640
49,256,204,192,0,17,1496
49,256,5,89,1,2,631
49,256,5,89,1,2,620
49,256,5,89,1,2,619
49,332,5,89,0,17,640
49,332,204,192,0,17,1496
49,332,84,191,0,17,1
49,332,168,198,0,7,224
49,332,480,170,0,2,899
49,332,238,198,0,13,434
49,332,5,89,1,2,678
49,332,238,198,1,2,1499
49,332,458,198,0,2,48
49,332,84,191,0,17,178
49,332,84,191,1,17,216
49,332,84,191,1,2,178
49,332,84,191,1,2,208
49,332,84,191,1,2,216
49,332,84,191,1,2,257
49,342,84,191,0,17,213
49,342,5,89,1,2,661
49,342,5,89,1,2,667
49,342,5,89,1,2,658
49,342,371,198,1,2,1509
49,342,371,198,1,2,1520
49,342,371,198,1,2,1506
49,342,84,191,1,17,362
49,342,182,191,1,17,1495
49,342,84,191,0,17,1
49,342,168,198,0,7,224
49,342,480,170,0,2,899
49,342,238,198,0,13,434
49,342,5,89,1,2,678
49,342,238,198,1,2,1499
49,342,458,198,0,2,48
49,342,84,191,1,17,362
49,342,182,191,1,17,1495
49,334,5,89,0,17,640
49,334,204,192,0,17,1496
49,334,84,191,0,17,1
49,334,84,191,0,2,198
49,334,84,191,0,17,200
49,334,84,191,0,17,178
49,334,84,191,1,17,216
49,334,84,191,1,2,178
49,334,84,191,1,2,208
49,334,84,191,1,2,216
49,334,84,191,1,2,257
49,322,338,170,0,17,377
49,347,84,191,0,17,213
49,347,5,89,1,2,658
49,347,5,89,1,2,661
49,347,5,89,1,2,667
49,347,371,198,1,2,1506
49,347,371,198,1,2,1509
49,347,371,198,1,2,1520
49,347,84,191,1,17,387
49,347,450,191,1,17,1495
49,347,84,191,0,17,1
49,347,84,191,0,2,198
49,347,84,191,0,17,200
49,347,84,191,1,17,387
49,347,450,191,1,17,1495
49,347,5,89,0,2,972
49,347,84,191,0,2,1735
49,258,510,25,1,17,906
49,258,510,25,1,17,904
49,333,5,89,0,17,640
49,333,204,192,0,17,1496
49,333,84,191,0,17,8
49,333,84,191,1,7,174
49,333,168,198,0,7,224
49,333,480,170,0,2,899
49,333,238,198,0,13,434
49,333,5,89,1,2,678
49,333,238,198,1,2,1499
49,333,458,198,0,2,48
49,333,5,89,1,2,661
49,333,5,89,1,2,667
49,333,5,89,1,2,658
49,333,371,198,1,2,1509
49,333,371,198,1,2,1520
49,333,371,198,1,2,1506
49,333,84,191,1,2,213
49,333,307,35,1,2,1130
49,333,84,191,1,2,208
49,333,84,191,0,2,178
49,333,84,191,0,2,208
49,333,84,191,0,17,178
49,333,84,191,1,17,216
49,333,84,191,1,2,178
49,333,84,191,1,2,208
49,333,84,191,1,2,216
49,333,84,191,1,2,257
49,343,5,89,0,17,661
49,343,5,89,0,17,667
49,343,5,89,0,17,658
49,343,371,198,0,17,1509
49,343,371,198,0,17,1520
49,343,371,198,0,17,1506
49,343,84,191,0,17,213
49,343,84,191,0,17,8
49,343,5,89,1,2,658
49,343,5,89,1,2,661
49,343,5,89,1,2,667
49,343,371,198,1,2,1506
49,343,371,198,1,2,1509
49,343,371,198,1,2,1520
49,343,84,191,1,2,213
49,343,84,191,1,2,208
49,343,307,35,1,2,1130
49,343,84,191,1,17,1
49,343,168,198,0,7,224
49,343,480,170,0,2,899
49,343,238,198,0,13,434
49,343,5,89,1,2,678
49,343,238,198,1,2,1499
49,343,458,198,0,2,48
49,343,84,191,0,2,178
49,343,84,191,0,2,208
49,343,84,191,1,17,386
49,343,445,191,1,17,1495
49,329,5,89,0,17,640
49,329,204,192,0,17,1496
49,329,343,188,0,2,0
49,329,84,191,1,17,428
49,329,84,191,1,17,159
49,329,84,191,1,2,159
49,329,84,191,1,2,428
49,329,84,191,1,17,180
49,329,526,198,0,17,69
49,329,343,188,0,17,0
49,329,84,191,0,17,178
49,329,84,191,1,17,216
49,329,84,191,1,2,178
49,329,84,191,1,2,208
49,329,84,191,1,2,216
49,329,84,191,1,2,257
49,330,5,89,0,17,640
49,330,204,192,0,17,1496
49,330,84,191,0,17,8
49,330,84,191,1,2,208
49,330,84,191,0,2,179
49,330,84,191,1,2,159
49,330,84,191,1,2,428
49,330,84,191,1,2,428
49,330,84,191,1,2,159
49,330,5,89,0,2,1459
49,330,23,199,0,2,1458
49,330,24,198,0,2,441
49,330,84,191,1,2,178
49,330,84,191,0,2,208
49,330,5,89,0,2,1457
49,330,23,199,0,2,1456
49,330,24,198,0,2,32
49,330,84,191,0,17,178
49,330,84,191,1,17,216
49,330,84,191,1,2,178
49,330,84,191,1,2,208
49,330,84,191,1,2,216
49,330,84,191,1,2,257
49,320,84,191,1,17,214
49,320,84,191,1,17,212
49,320,5,89,1,2,658
49,320,371,198,1,2,1506
49,320,84,191,1,2,183
49,320,84,191,0,2,182
49,320,84,191,1,17,361
49,320,181,191,1,17,1495
49,320,5,89,0,2,972
49,320,84,191,0,2,1735
49,338,343,188,0,2,0
49,338,84,191,1,17,428
49,338,84,191,1,17,159
49,338,84,191,1,2,428
49,338,84,191,1,2,159
49,338,84,191,1,17,180
49,338,526,198,0,17,69
49,338,84,191,1,17,361
49,338,181,191,1,17,1495
49,338,5,89,0,2,972
49,338,84,191,0,2,1735
49,324,5,89,0,17,640
49,324,204,192,0,17,1496
49,324,84,191,1,17,214
49,324,5,89,0,17,642
49,324,371,198,0,17,1522
49,324,84,191,1,17,212
49,324,5,89,0,17,642
49,324,371,198,0,17,1522
49,324,84,191,0,17,178
49,324,84,191,1,17,216
49,324,84,191,1,2,178
49,324,84,191,1,2,208
49,324,84,191,1,2,216
49,324,84,191,1,2,257
49,331,5,89,0,17,640
49,331,204,192,0,17,1496
49,331,84,191,0,2,179
49,331,84,191,1,17,428
49,331,84,191,1,17,159
49,331,84,191,1,2,159
49,331,84,191,1,2,428
49,331,84,191,1,17,180
49,331,526,200,0,17,69
49,331,84,191,0,17,178
49,331,84,191,1,17,216
49,331,84,191,1,2,178
49,331,84,191,1,2,208
49,331,84,191,1,2,216
49,331,84,191,1,2,257
49,339,343,188,0,2,0
49,339,84,191,1,17,428
49,339,84,191,1,17,159
49,339,84,191,1,2,428
49,339,84,191,1,2,159
49,339,84,191,1,17,180
49,339,526,200,0,17,69
49,339,84,191,1,17,362
49,339,182,191,1,17,1495
49,339,5,89,0,2,972
49,339,84,191,0,2,1735
49,326,5,89,0,17,640
49,326,204,192,0,17,1496
49,326,84,191,1,17,159
49,326,84,191,1,17,428
49,326,84,191,1,2,159
49,326,84,191,1,2,428
49,326,84,191,0,17,180
49,326,84,191,1,2,159
49,326,84,191,1,2,428
49,326,84,191,1,2,159
49,326,84,191,1,2,428
49,326,84,191,0,17,178
49,326,84,191,1,17,216
49,326,84,191,1,2,178
49,326,84,191,1,2,208
49,326,84,191,1,2,216
49,326,84,191,1,2,257
49,335,84,191,1,17,159
49,335,84,191,1,17,428
49,335,84,191,1,2,159
49,335,84,191,1,2,428
49,335,84,191,0,17,180
49,335,84,191,1,2,159
49,335,84,191,1,2,428
49,335,84,191,1,2,159
49,335,84,191,1,2,428
49,335,84,191,1,17,386
49,335,445,191,1,17,1495
49,321,84,191,1,17,428
49,321,84,191,1,17,159
49,321,84,191,1,2,159
49,321,84,191,1,2,428
49,321,84,191,0,17,180
49,321,84,191,1,2,428
49,321,84,191,1,2,159
49,321,84,191,1,2,428
49,321,84,191,1,2,159
49,321,84,191,1,17,386
49,321,445,191,1,17,1495
49,327,5,89,0,17,640
49,327,204,192,0,17,1496
49,327,84,191,0,17,8
49,327,343,188,0,2,0
49,327,84,191,1,17,159
49,327,84,191,1,17,428
49,327,84,191,1,2,159
49,327,84,191,1,2,428
49,327,459,188,0,17,0
49,327,84,191,1,2,159
49,327,84,191,1,2,428
49,327,84,191,1,2,428
49,327,84,191,1,2,159
49,327,178,188,0,2,0
49,327,84,191,0,2,179
49,327,84,191,0,2,177
49,327,84,191,1,2,428
49,327,84,191,1,2,159
49,327,178,188,1,2,0
49,327,115,198,1,2,74
49,327,343,188,0,2,0
49,327,5,89,0,2,1459
49,327,23,196,0,2,1458
49,327,24,198,0,2,441
49,327,84,191,1,2,178
49,327,84,191,0,2,208
49,327,5,89,0,2,1457
49,327,23,196,0,2,1456
49,327,24,198,0,2,32
49,327,84,191,0,17,178
49,327,84,191,1,17,216
49,327,84,191,1,2,178
49,327,84,191,1,2,208
49,327,84,191,1,2,216
49,327,84,191,1,2,257
49,328,5,89,0,17,640
49,328,204,192,0,17,1496
49,328,84,191,0,17,8
49,328,84,191,0,17,197
49,328,343,188,0,2,0
49,328,84,191,1,17,428
49,328,84,191,1,17,159
49,328,84,191,1,2,428
49,328,84,191,1,2,159
49,328,84,191,0,17,180
49,328,84,191,1,2,159
49,328,84,191,1,2,428
49,328,84,191,1,2,159
49,328,84,191,1,2,428
49,328,178,188,0,2,0
49,328,84,191,0,2,179
49,328,84,191,0,2,177
49,328,84,191,1,2,159
49,328,84,191,1,2,428
49,328,178,188,1,2,0
49,328,115,198,1,2,74
49,328,343,188,0,2,0
49,328,5,89,0,2,1459
49,328,23,196,0,2,1458
49,328,24,198,0,2,441
49,328,84,191,1,2,178
49,328,84,191,0,2,208
49,328,5,89,0,2,1457
49,328,23,196,0,2,1456
49,328,24,198,0,2,32
49,328,84,191,1,2,178
49,328,84,191,0,2,208
49,328,84,191,0,17,178
49,328,84,191,1,17,216
49,328,84,191,1,2,178
49,328,84,191,1,2,208
49,328,84,191,1,2,216
49,328,84,191,1,2,257
49,325,5,89,0,17,640
49,325,204,192,0,17,1496
49,325,84,191,1,17,428
49,325,84,191,1,17,159
49,325,84,191,1,2,159
49,325,84,191,1,2,428
49,325,84,191,0,17,180
49,325,84,191,1,2,428
49,325,84,191,1,2,159
49,325,84,191,1,2,159
49,325,84,191,1,2,428
49,325,84,191,0,2,211
49,325,84,191,0,2,177
49,325,84,191,0,2,179
49,325,84,191,1,2,159
49,325,84,191,1,2,428
49,325,84,191,0,17,178
49,325,84,191,1,17,216
49,325,84,191,1,2,178
49,325,84,191,1,2,208
49,325,84,191,1,2,216
49,325,84,191,1,2,257
49,348,5,89,0,7,592
49,348,5,89,1,2,605
49,348,5,89,1,2,624
49,348,5,89,1,2,632
49,348,5,89,1,2,612
49,348,5,89,1,2,625
49,348,5,89,1,2,622
49,348,5,89,1,2,613
49,348,5,89,1,2,609
49,348,5,89,1,2,627
49,348,5,89,1,2,623
49,348,5,89,1,2,626
49,348,5,89,1,2,635
49,340,5,89,0,7,594
49,340,5,89,0,7,594
49,340,5,89,1,2,626
49,340,5,89,1,2,632
49,340,5,89,1,2,622
49,340,5,89,1,2,605
49,340,5,89,1,2,625
49,340,5,89,1,2,627
49,340,5,89,1,2,609
49,340,5,89,1,2,623
49,340,5,89,1,2,624
49,340,5,89,1,2,635
49,340,5,89,0,7,592
49,340,5,89,1,2,623
49,340,5,89,1,2,627
49,340,5,89,1,2,635
49,340,5,89,1,2,609
49,340,5,89,1,2,626
49,340,5,89,1,2,632
49,340,5,89,1,2,624
49,340,5,89,1,2,625
49,340,5,89,1,2,605
49,340,5,89,1,2,622
49,323,5,89,0,7,594
49,323,5,89,0,7,592
49,323,5,89,1,2,625
49,323,5,89,1,2,605
49,323,5,89,1,2,624
49,323,5,89,1,2,622
49,323,5,89,1,2,609
49,323,5,89,1,2,613
49,323,5,89,1,2,626
49,323,5,89,1,2,612
49,323,5,89,1,2,632
49,323,5,89,1,2,635
49,323,5,89,1,2,623
49,323,5,89,1,2,627
49,337,241,170,1,2,1992
49,337,241,170,1,2,1593
49,311,89,198,0,13,1649
49,311,82,191,0,2,10
49,236,84,191,0,2,257
49,236,5,89,0,17,972
49,236,84,191,0,17,1735
49,362,5,89,1,2,626
49,362,5,89,1,2,623
49,362,5,89,1,2,605
49,362,5,89,1,2,624
49,362,5,89,1,2,625
49,362,5,89,1,2,622
49,362,5,89,1,2,612
49,344,84,191,0,2,199
49,344,84,191,0,7,257
49,344,5,89,0,2,916
49,344,84,191,0,7,200
49,344,5,89,0,2,892
49,344,5,89,0,2,892
49,344,5,89,1,2,1138
49,300,5,89,0,2,1138
49,341,5,89,0,2,610
49,341,5,89,1,2,637
49,341,5,89,1,2,603
49,341,5,89,1,2,637
49,341,5,89,1,2,603
49,341,5,89,1,2,619
49,341,5,89,1,2,617
49,341,5,89,1,2,615
49,341,5,89,0,2,610
49,341,5,89,1,2,603
49,341,5,89,1,2,637
49,341,5,89,0,2,617
49,341,5,89,0,2,615
49,341,259,188,1,2,0
49,253,5,89,0,2,1071
49,253,5,89,1,2,672
49,253,238,198,0,2,120
49,253,323,198,0,2,1649
49,253,238,198,0,14,120
49,253,323,198,0,14,1649
49,253,84,191,0,2,194
49,253,84,191,0,2,193
49,253,84,191,0,2,188
49,253,427,200,0,15,122
49,253,336,200,0,15,1915
49,253,427,200,0,15,117
49,253,305,200,0,15,1916
49,253,153,198,0,15,1917
49,253,343,188,1,16,0
49,253,5,89,1,17,1688
49,253,238,198,1,17,424
49,124,84,191,0,17,191
49,124,84,191,0,17,189
49,124,136,188,1,17,0
50,388,366,134,0,17,377
51,8,375,188,1,2,0
51,196,526,134,0,17,496
51,196,526,134,0,17,531
51,195,526,134,0,17,495
51,195,526,134,0,17,531
51,158,526,134,0,17,377
51,162,526,134,0,17,377
51,159,526,134,0,17,377
51,161,526,134,0,17,377
51,217,526,134,0,17,377
51,194,526,134,0,17,377
51,200,526,134,0,17,377
51,189,526,134,0,17,377
51,174,526,134,0,17,377
51,219,526,134,0,17,377
51,234,388,26,0,8,998
51,234,14,87,0,2,43
51,234,14,87,0,2,1064
51,234,338,170,0,7,377
51,234,338,170,0,7,1157
51,234,338,170,0,7,1010
51,234,388,26,0,8,997
51,234,14,87,0,2,43
51,234,14,87,0,2,1064
51,234,338,170,0,8,377
51,234,338,170,1,7,1150
51,234,338,170,0,7,1010
51,234,338,170,1,7,1152
51,234,338,170,0,7,1010
52,132,506,198,1,2,280
53,388,238,198,0,2,12
54,9,401,170,0,9,377
54,9,401,170,0,9,1010
54,141,431,134,0,17,377
54,141,5,93,0,13,1663
54,141,238,198,0,13,132
54,110,431,134,0,17,377
54,110,5,93,0,13,1663
54,110,238,198,0,13,132
54,110,125,134,0,17,377
54,113,125,134,0,17,377
54,113,125,134,0,17,492
54,113,271,79,0,14,891
54,360,431,134,0,17,377
54,360,5,93,0,13,1663
54,360,238,198,0,13,132
54,68,534,134,0,17,377
54,68,534,134,0,17,997
54,68,431,134,0,17,377
54,68,5,93,0,13,1663
54,68,238,198,0,13,132
54,68,5,93,0,2,1685
54,68,238,198,0,2,385
54,68,427,134,0,9,377
54,68,427,134,0,17,466
54,68,428,25,1,2,903
54,68,238,198,0,13,157
54,68,534,134,0,13,1658
54,68,298,152,0,17,525
54,68,298,152,0,17,451
54,312,431,134,0,17,377
54,312,5,93,0,13,1663
54,312,238,198,0,13,132
54,312,5,93,0,2,1685
54,312,238,198,0,2,385
54,312,125,134,0,2,377
54,312,397,134,0,17,377
54,312,298,152,0,17,525
54,312,397,134,0,17,466
54,312,424,188,0,2,0
54,312,298,152,0,17,451
54,350,431,134,0,17,377
54,350,5,93,0,13,1663
54,350,238,198,0,13,132
54,350,125,134,0,17,377
54,350,352,152,1,17,525
54,350,443,152,0,2,525
54,350,391,100,0,2,43
54,350,42,100,1,17,43
54,350,352,152,0,2,451
54,350,348,134,0,2,43
54,350,443,152,1,2,525
54,350,443,152,0,2,451
54,350,397,134,0,17,377
54,350,298,152,0,17,525
54,350,298,152,0,17,451
54,110,431,134,0,17,377
54,104,401,170,0,9,377
54,104,289,93,0,2,377
54,286,284,134,0,17,377
54,286,284,134,0,17,505
54,286,291,134,0,2,531
54,286,284,134,0,17,466
54,286,98,25,0,17,903
54,286,238,198,0,13,116
54,286,301,198,0,13,1649
54,286,98,25,0,17,1429
54,286,98,25,0,17,948
54,286,447,137,0,8,499
54,286,291,170,0,2,531
54,156,125,134,0,17,377
54,156,125,134,0,17,502
54,156,246,198,1,17,434
54,156,246,198,0,17,118
54,156,125,134,0,17,859
54,156,246,198,1,17,434
54,156,26,198,0,17,1698
54,156,246,198,0,17,89
54,156,26,198,0,17,1414
54,156,246,198,0,17,1412
54,156,125,134,0,17,505
54,156,526,134,0,2,377
54,352,125,134,0,17,502
54,352,246,198,1,2,434
54,352,98,25,0,17,903
54,352,246,198,1,2,434
54,352,26,198,0,2,1698
54,352,246,198,0,2,89
54,352,26,198,0,2,1414
54,352,246,198,0,2,1412
54,313,125,134,0,17,502
54,313,246,198,1,17,434
54,313,347,198,0,17,69
54,212,45,102,0,10,43
54,212,125,134,0,17,505
54,138,6,134,0,17,377
54,138,34,134,0,17,377
54,138,6,134,0,17,513
54,138,34,134,0,17,513
54,139,6,133,0,17,458
54,139,263,188,0,17,0
54,139,262,188,0,17,0
54,139,263,188,0,17,0
54,139,34,133,0,17,459
54,139,263,188,0,17,0
54,139,6,133,0,17,459
54,139,262,188,0,17,0
54,139,263,188,0,17,0
54,139,260,188,0,17,0
54,139,260,188,0,17,0
54,139,261,188,0,17,0
54,139,261,188,0,17,0
54,211,125,134,0,17,377
54,211,125,134,0,17,505
54,211,525,134,0,2,377
54,211,412,170,0,2,1937
54,211,45,102,0,10,43
54,211,125,134,0,17,502
54,211,412,170,0,17,1937
54,211,238,198,0,13,118
54,211,307,106,0,13,1665
54,211,278,134,1,2,466
54,211,125,134,0,17,462
54,130,125,134,0,17,377
54,130,125,134,0,17,505
54,130,316,119,0,17,707
54,130,45,102,0,10,43
54,130,195,67,0,8,43
54,130,125,134,0,17,502
54,130,238,198,0,13,118
54,130,307,106,0,13,1665
54,357,390,134,0,17,505
54,357,390,134,0,17,502
54,357,140,136,0,2,498
54,357,40,100,0,17,43
54,357,196,64,0,17,377
54,316,390,134,0,17,505
54,316,140,136,0,2,498
54,316,40,100,0,17,43
54,316,196,64,0,17,377
54,198,447,137,0,2,499
54,197,145,136,0,2,498
54,142,125,134,0,17,377
54,142,125,134,0,17,466
54,142,125,134,0,17,516
54,142,125,134,0,17,859
54,142,125,134,0,17,505
54,142,45,102,0,17,377
55,366,5,94,1,2,711
55,365,5,94,1,2,711
55,137,5,94,0,17,711
55,137,350,198,0,2,11
55,226,5,94,0,7,711
55,308,5,94,1,2,711
55,309,5,94,1,2,711
55,311,5,94,1,2,711
55,311,304,88,1,2,1183
55,310,5,94,0,17,711
55,310,5,94,0,17,711
55,310,5,94,0,17,711
55,310,5,94,0,17,711
55,310,5,94,0,17,711
55,306,349,198,0,2,11
56,10,5,95,0,2,584
56,10,5,95,0,2,634
56,93,5,95,0,8,1702
56,93,246,198,0,8,443
56,93,5,95,0,17,587
56,93,426,198,0,2,403
56,93,5,95,0,7,588
56,93,5,95,0,17,587
56,229,83,191,0,17,1492
56,229,83,191,0,17,257
56,265,5,95,0,8,1702
56,265,246,198,0,8,443
56,265,5,95,0,17,587
56,265,5,95,0,2,606
56,265,371,198,0,2,403
56,265,420,198,0,2,225
56,265,5,95,0,7,588
56,265,5,95,0,17,587
56,92,87,192,0,13,1658
56,368,5,95,1,5,892
56,368,371,198,0,4,69
56,369,115,198,0,18,69
56,370,115,198,0,18,69
56,370,371,198,0,17,225
56,269,371,198,0,2,224
56,269,84,191,0,2,189
56,269,84,191,0,2,194
56,269,84,191,0,2,191
56,269,84,191,0,2,188
56,269,84,191,0,2,193
56,124,371,198,0,2,224
56,124,84,191,0,2,189
56,124,84,191,0,2,191
56,124,84,191,0,2,193
56,124,84,191,0,2,194
56,124,84,191,0,2,188
56,102,5,95,0,2,586
56,236,84,191,0,2,257
56,236,5,95,0,17,972
56,236,84,191,0,17,1735
57,11,5,96,0,2,634
57,92,149,198,0,13,1649
57,368,5,96,1,17,892
57,369,5,96,1,17,1566
57,369,115,198,1,17,131
57,370,5,96,1,17,1566
57,370,115,198,1,17,131
57,269,84,191,0,2,193
57,269,84,191,0,2,194
57,269,84,191,0,2,189
57,269,84,191,0,2,191
57,269,84,191,0,2,188
57,124,84,191,0,2,194
57,124,84,191,0,2,193
57,124,84,191,0,2,188
57,124,84,191,0,2,189
57,124,84,191,0,2,191
57,124,5,96,1,17,1566
57,124,115,198,1,17,131
57,336,479,188,0,17,0
57,336,61,191,0,17,181
57,336,62,191,0,17,189
57,336,67,191,0,17,214
57,336,68,191,0,17,211
57,336,74,191,0,17,181
57,336,75,191,0,17,176
57,336,426,198,0,13,1649
57,336,60,191,1,2,177
57,336,60,191,0,2,65
57,336,60,191,0,2,400
57,336,403,198,0,17,224
57,336,426,198,0,17,230
57,336,479,188,0,17,0
57,336,5,96,0,17,685
57,336,545,191,0,17,1533
57,336,546,191,0,17,1534
57,336,547,191,0,17,1535
57,336,548,191,0,17,1536
57,336,0,191,0,17,1537
57,336,1,191,0,17,1538
57,336,128,191,0,17,1539
57,336,129,191,0,17,1540
57,336,5,96,0,17,686
57,336,229,191,0,17,1541
57,336,230,191,0,17,1542
57,336,314,191,0,17,1543
57,336,315,191,0,17,1544
57,336,435,191,0,17,1545
57,336,436,191,0,17,1546
57,336,426,198,1,17,230
57,336,2,191,0,17,400
57,336,2,191,0,17,65
57,336,3,191,0,17,400
57,336,3,191,0,17,65
57,336,4,191,0,17,400
57,336,4,191,0,17,65
57,336,68,191,1,2,181
57,336,68,191,1,2,179
57,336,71,191,1,2,179
57,336,71,191,1,2,181
57,336,68,191,1,2,179
57,336,70,191,1,2,179
57,336,72,191,1,2,173
57,336,66,191,1,2,179
57,336,66,191,1,2,180
57,336,69,191,1,2,180
57,336,69,191,1,2,179
57,336,68,191,1,17,220
57,336,68,191,1,17,217
57,336,71,191,1,17,221
57,336,71,191,1,17,219
57,336,73,191,1,2,222
57,336,73,191,1,2,218
57,336,70,191,1,17,221
57,336,70,191,1,17,219
57,336,72,191,1,2,222
57,336,72,191,1,2,218
57,336,73,191,1,2,222
57,336,73,191,1,2,218
57,336,5,96,0,17,685
57,336,545,191,0,17,1533
57,336,546,191,0,17,1534
57,336,547,191,0,17,1535
57,336,548,191,0,17,1536
57,336,0,191,0,17,1537
57,336,1,191,0,17,1538
57,336,128,191,0,17,1539
57,336,129,191,0,17,1540
57,336,488,191,1,17,195
57,336,488,191,1,17,173
57,336,479,188,1,17,0
57,336,488,191,1,17,257
57,336,488,191,1,17,218
57,336,488,191,1,17,174
57,336,488,191,1,17,222
57,336,488,191,1,17,179
57,336,488,191,1,17,177
57,336,5,96,0,17,653
57,336,135,198,0,17,1511
57,336,5,96,0,17,653
57,336,135,198,0,17,1511
57,336,5,96,0,17,686
57,336,229,191,0,17,1541
57,336,230,191,0,17,1542
57,336,314,191,0,17,1543
57,336,315,191,0,17,1544
57,336,435,191,0,17,1545
57,336,436,191,0,17,1546
57,336,157,191,1,17,180
57,336,157,191,0,2,196
57,336,5,96,0,2,589
57,336,5,96,0,2,1991
57,336,504,171,0,2,1001
57,336,2,191,0,17,400
57,336,2,191,0,17,65
57,336,3,191,0,2,159
57,336,3,191,0,2,428
57,336,4,191,0,2,159
57,336,4,191,0,2,428
57,336,503,191,1,17,179
57,336,503,191,1,17,177
57,336,489,191,0,17,65
57,336,490,191,0,17,400
57,336,490,191,0,17,65
57,336,491,191,1,17,187
57,336,492,191,0,17,3
57,336,493,191,0,17,3
57,336,491,191,1,17,182
57,336,492,191,0,17,3
57,336,503,191,0,2,196
57,336,5,96,0,2,589
57,336,5,96,0,2,1991
57,336,504,171,0,2,1001
57,336,167,191,0,17,1
57,358,503,191,0,2,179
57,358,5,96,0,2,1991
57,358,504,171,0,2,1001
57,100,229,191,1,17,182
57,100,230,191,0,17,400
57,100,230,191,0,17,65
57,100,229,191,1,17,183
57,100,230,191,0,17,65
57,100,230,191,0,17,400
57,100,229,191,1,17,184
57,100,230,191,0,17,65
57,100,314,191,1,17,158
57,100,314,191,1,17,428
57,100,315,191,0,17,65
57,100,315,191,0,17,400
57,100,314,191,1,17,186
57,100,315,191,0,17,3
57,100,435,191,1,17,428
57,100,435,191,1,17,158
57,100,436,191,0,17,65
57,100,436,191,0,17,400
57,100,435,191,1,17,186
57,100,436,191,0,17,3
57,96,545,191,0,17,5
57,96,545,191,0,17,4
57,96,546,191,0,17,400
57,96,546,191,0,17,65
57,96,547,191,0,17,400
57,96,547,191,0,17,65
57,96,548,191,0,17,65
57,96,548,191,0,17,400
57,96,0,191,1,17,182
57,96,1,191,0,17,400
57,96,1,191,0,17,66
57,96,0,191,1,17,183
57,96,1,191,0,17,3
57,96,1,191,0,17,4
57,96,1,191,0,17,5
57,96,128,198,1,17,182
57,96,129,198,0,17,400
57,96,129,198,0,17,66
57,96,128,198,1,17,183
57,96,128,198,1,17,184
57,96,129,198,0,17,65
57,96,129,198,0,17,400
57,96,129,198,0,17,4
57,96,129,198,0,17,3
57,329,5,96,0,17,638
57,329,204,192,0,17,1497
57,329,82,191,0,2,179
57,329,82,191,1,17,159
57,329,82,191,1,17,428
57,329,82,191,1,2,428
57,329,82,191,1,2,159
57,329,82,191,1,17,180
57,329,526,198,0,17,69
57,329,82,191,1,2,216
57,329,82,191,1,2,178
57,329,5,96,1,2,971
57,329,82,191,1,2,1735
57,329,82,191,0,17,178
57,329,82,191,0,17,216
57,329,82,191,1,2,178
57,329,82,191,1,2,208
57,329,82,191,1,2,216
57,329,82,191,1,2,257
57,329,5,96,1,2,971
57,329,82,191,1,2,1735
57,332,5,96,0,17,638
57,332,204,192,0,17,1497
57,332,82,191,0,17,1
57,332,168,198,0,7,224
57,332,480,170,0,2,899
57,332,238,198,0,13,434
57,332,5,96,1,2,678
57,332,238,198,1,2,1499
57,332,458,198,0,2,48
57,332,82,191,1,2,216
57,332,82,191,1,2,178
57,332,5,96,1,2,971
57,332,82,191,1,2,1735
57,332,82,191,1,17,178
57,332,82,191,1,2,178
57,332,82,191,1,2,208
57,332,82,191,1,2,216
57,332,82,191,1,2,257
57,334,5,96,0,17,638
57,334,204,192,0,17,1497
57,334,82,191,0,17,1
57,334,82,191,1,2,198
57,334,82,191,1,17,178
57,334,82,191,1,17,216
57,334,82,191,1,2,178
57,334,82,191,1,2,208
57,334,82,191,1,2,216
57,334,82,191,1,2,257
57,334,5,96,1,2,971
57,334,82,191,1,2,1735
57,258,510,25,1,17,906
57,258,510,25,1,17,904
57,333,5,96,0,17,638
57,333,204,192,0,17,1497
57,333,82,191,1,8,197
57,333,82,191,1,7,174
57,333,168,198,0,7,224
57,333,480,170,0,2,899
57,333,238,198,0,13,434
57,333,5,96,1,2,678
57,333,238,198,1,2,1499
57,333,458,198,0,2,48
57,333,5,96,1,2,1163
57,333,246,198,1,2,1956
57,333,82,191,1,2,213
57,333,307,35,1,2,1130
57,333,82,191,1,2,208
57,333,82,191,0,2,178
57,333,82,191,0,2,208
57,333,5,96,0,14,971
57,333,82,191,0,14,1735
57,333,5,96,1,2,1163
57,333,246,198,1,2,1956
57,333,82,191,1,17,178
57,333,82,191,1,17,216
57,333,82,191,1,2,178
57,333,82,191,1,2,208
57,333,82,191,1,2,216
57,333,82,191,1,2,257
57,333,5,96,0,14,971
57,333,82,191,0,14,1735
57,333,465,188,0,2,0
57,331,5,96,0,17,638
57,331,204,192,0,17,1497
57,331,82,191,0,2,179
57,331,82,191,1,17,428
57,331,82,191,1,17,159
57,331,82,191,1,2,159
57,331,82,191,1,2,428
57,331,82,191,1,17,180
57,331,82,191,0,2,178
57,331,82,191,0,2,216
57,331,526,200,0,17,69
57,331,82,191,1,17,178
57,331,82,191,1,17,216
57,331,82,191,1,2,178
57,331,82,191,1,2,208
57,331,82,191,1,2,216
57,331,82,191,1,2,257
57,331,5,96,1,2,971
57,331,82,191,1,2,1735
57,331,5,96,1,2,971
57,331,82,191,1,2,1735
57,324,5,96,0,17,638
57,324,204,192,0,17,1497
57,324,82,191,1,17,214
57,324,5,96,0,17,680
57,324,246,198,0,17,1501
57,324,82,191,1,17,212
57,324,5,96,0,17,680
57,324,246,198,0,17,1501
57,324,82,191,1,2,178
57,324,82,191,1,17,216
57,324,82,191,1,2,178
57,324,82,191,1,2,208
57,324,82,191,1,2,216
57,324,82,191,1,2,257
57,324,5,96,1,2,971
57,324,82,191,1,2,1735
57,324,5,96,1,2,971
57,324,82,191,1,2,1735
57,338,343,188,0,2,0
57,338,84,191,1,17,159
57,338,84,191,1,17,428
57,338,84,191,1,2,159
57,338,84,191,1,2,428
57,338,84,191,1,17,180
57,338,526,198,0,17,69
57,338,84,191,1,17,361
57,338,181,191,1,17,1495
57,338,5,96,0,2,972
57,338,84,191,0,2,1735
57,339,343,188,0,2,0
57,339,84,191,1,17,428
57,339,84,191,1,17,159
57,339,84,191,1,2,428
57,339,84,191,1,2,159
57,339,84,191,1,17,180
57,339,526,200,0,17,69
57,339,84,191,1,17,362
57,339,182,191,1,17,1495
57,339,5,96,0,2,972
57,339,84,191,0,2,1735
58,169,5,97,0,2,721
58,169,5,97,0,2,723
58,355,5,97,0,2,723
58,354,5,97,0,2,1108
58,287,5,97,0,2,710
58,112,5,97,0,17,1108
58,112,422,153,0,17,377
58,412,394,153,0,17,43
58,412,394,153,0,17,1843
58,412,430,153,0,2,1090
58,412,430,153,1,2,1843
58,388,366,134,0,17,377
58,420,366,134,0,17,377
58,421,366,134,0,17,472
58,421,131,42,0,2,377
59,366,5,99,0,2,710
59,365,5,99,0,2,710
59,137,5,99,0,17,711
59,137,350,198,0,2,11
59,70,5,99,0,17,711
59,60,5,99,0,17,711
59,60,350,198,0,2,11
60,12,238,198,0,13,136
60,12,455,198,0,13,1649
60,12,238,198,0,13,136
60,12,455,198,0,13,1649
60,182,291,170,0,17,377
60,182,313,198,0,14,169
60,182,236,198,0,14,1808
60,182,99,198,1,2,69
60,182,99,198,1,2,403
60,182,330,198,0,17,1729
60,245,453,199,0,17,377
60,118,510,177,0,17,464
60,118,5,100,0,17,690
60,118,5,100,0,17,576
60,118,5,100,0,17,575
60,118,106,38,1,2,43
60,118,112,144,0,7,377
60,118,510,177,1,2,464
60,118,393,170,1,2,1891
60,118,396,170,1,2,776
60,118,5,100,0,2,1890
60,118,394,144,0,2,1073
60,118,394,144,0,2,43
60,118,393,170,0,2,1891
60,118,396,170,0,2,776
60,118,384,134,0,7,377
60,118,399,45,0,7,43
60,118,5,100,0,7,818
60,133,304,88,0,7,1172
60,133,238,198,0,13,136
60,133,455,198,0,13,1649
60,133,194,25,1,2,368
60,133,194,25,1,2,330
60,133,194,25,1,2,376
60,133,194,25,1,2,948
60,133,82,191,1,2,213
60,133,82,191,1,2,198
60,133,82,191,1,2,428
60,133,82,191,1,2,159
60,133,194,25,1,2,348
60,133,194,25,1,2,364
60,133,194,25,1,2,358
60,133,194,25,1,2,373
60,132,510,177,0,17,278
60,132,507,198,0,17,288
60,132,112,144,0,2,43
60,132,366,134,0,2,43
60,132,507,198,0,17,289
60,132,366,134,0,2,377
60,132,507,198,0,17,284
60,132,268,188,0,17,0
60,132,304,89,0,17,915
60,132,507,198,0,17,287
60,132,478,170,0,17,1010
60,132,507,198,0,17,284
60,132,204,134,0,2,531
60,132,5,100,0,2,1894
60,132,399,45,0,2,1113
60,132,198,198,0,2,138
60,132,195,64,0,2,43
60,132,194,25,1,2,273
60,132,194,25,1,2,368
60,132,5,100,1,2,1790
60,132,304,89,1,2,1047
60,132,5,100,0,2,1789
60,132,304,89,0,2,1046
60,132,194,25,1,2,376
60,132,194,25,1,2,300
60,132,5,100,1,2,1790
60,132,304,89,1,2,1047
60,132,5,100,0,2,1789
60,132,304,89,0,2,1046
60,132,194,25,1,2,330
60,132,5,100,1,2,1790
60,132,304,89,1,2,1047
60,132,5,100,0,2,1789
60,132,304,89,0,2,1046
60,132,194,25,1,2,348
60,132,194,25,1,2,241
60,132,5,100,1,2,1790
60,132,304,89,1,2,1047
60,132,5,100,0,2,1789
60,132,304,89,0,2,1046
60,132,194,25,1,2,260
60,132,194,25,1,2,364
60,132,5,100,1,2,1790
60,132,304,89,1,2,1047
60,132,5,100,0,2,1789
60,132,304,89,0,2,1046
60,132,194,25,1,2,358
60,132,194,25,1,2,255
60,132,5,100,1,2,1790
60,132,304,89,1,2,1047
60,132,5,100,0,2,1789
60,132,304,89,0,2,1046
60,132,194,25,1,2,948
60,132,187,87,1,2,377
60,132,5,100,1,2,1790
60,132,304,89,1,2,1047
60,132,5,100,0,2,1789
60,132,304,89,0,2,1046
60,132,194,25,1,2,369
60,132,5,100,1,2,1790
60,132,304,89,1,2,1047
60,132,5,100,0,2,1789
60,132,304,89,0,2,1046
60,132,194,25,1,2,365
60,132,5,100,1,2,1790
60,132,304,89,1,2,1047
60,132,5,100,0,2,1789
60,132,304,89,0,2,1046
60,132,194,25,1,2,366
60,132,5,100,1,2,1790
60,132,304,89,1,2,1047
60,132,5,100,0,2,1789
60,132,304,89,0,2,1046
60,132,322,188,0,8,0
60,132,291,170,0,2,377
60,132,507,198,0,2,289
60,132,507,198,0,2,280
60,132,5,100,0,2,1792
60,132,304,89,0,2,926
60,132,507,198,1,2,287
60,132,421,170,1,2,1332
60,132,421,170,1,2,1328
60,132,5,100,1,2,1890
60,132,394,144,1,2,1073
60,132,421,170,1,2,761
60,132,5,100,0,14,1920
60,132,430,144,0,14,1089
60,132,5,100,1,2,1919
60,132,430,144,1,2,1073
60,132,304,89,0,7,1176
60,132,304,89,1,17,1188
60,132,304,89,0,2,1190
60,132,145,136,0,2,377
60,132,212,125,0,2,377
60,132,366,134,0,2,377
60,132,366,134,0,2,377
60,132,453,199,0,2,377
60,132,322,188,1,2,0
60,132,532,188,1,2,0
60,132,366,134,1,2,377
60,132,209,134,1,2,377
60,132,194,25,0,2,42
60,132,453,199,0,2,43
60,132,321,188,1,2,0
60,132,304,89,0,2,1190
60,132,304,89,0,2,1179
60,132,304,89,0,2,1190
60,132,304,89,0,7,1183
60,132,366,134,0,8,377
60,132,212,125,0,17,377
60,132,92,144,0,2,377
60,132,238,198,0,13,136
60,132,455,198,0,13,1649
60,132,384,134,0,2,377
60,132,208,177,1,2,349
60,132,208,177,1,2,388
60,132,208,177,1,2,368
60,132,208,177,1,2,376
60,132,208,177,1,2,364
60,132,208,177,1,2,358
60,132,208,177,0,2,348
60,132,5,100,1,7,570
60,132,5,100,0,7,575
60,132,52,130,0,17,377
60,132,92,144,0,2,43
60,322,211,136,0,2,478
60,322,171,52,0,17,377
60,322,5,100,1,17,1790
60,322,304,89,1,17,1047
60,276,155,198,1,2,1791
60,276,155,198,1,2,1321
60,276,196,64,0,2,377
60,276,320,198,0,2,1791
60,276,320,198,0,2,1321
60,276,203,198,0,2,1253
60,276,203,198,0,2,1254
60,276,142,134,0,2,43
60,276,196,64,0,8,377
60,276,5,100,0,8,1622
60,276,199,65,0,8,1205
60,276,199,65,1,8,804
60,276,210,136,1,8,498
60,276,518,64,0,8,43
60,276,205,134,0,2,377
60,276,205,118,0,2,377
60,276,5,100,0,13,1666
60,276,238,198,0,13,138
60,276,198,198,0,17,11
60,276,453,199,0,17,43
60,276,198,198,0,17,1729
60,363,291,170,0,17,377
60,363,196,64,0,17,377
60,363,5,100,0,13,1666
60,363,238,198,0,13,138
60,363,5,100,0,2,965
60,363,238,198,0,2,1729
60,363,453,199,0,2,1731
60,363,194,25,0,2,348
60,363,194,25,0,2,241
60,363,474,188,0,2,0
60,363,196,64,0,2,377
60,363,238,198,0,13,115
60,363,291,170,0,13,1659
60,363,82,191,1,2,209
60,363,82,191,0,2,179
60,363,460,188,0,2,0
60,363,196,64,0,2,377
60,363,5,100,0,13,1666
60,363,238,198,0,13,138
60,363,5,100,0,2,965
60,363,238,198,0,2,1729
60,363,453,199,0,2,1731
60,363,196,64,0,2,377
60,363,5,100,0,13,1666
60,363,238,198,0,13,138
60,363,5,100,0,2,965
60,363,238,198,0,2,1729
60,363,453,199,0,2,1731
60,118,5,100,0,8,576
60,118,195,64,0,2,377
60,118,238,198,0,13,136
60,118,455,198,0,13,1649
60,118,5,100,1,7,570
60,118,5,100,0,7,575
60,215,442,136,0,17,498
60,215,482,100,0,17,43
60,271,507,198,0,17,288
60,271,82,191,1,2,197
60,271,304,89,0,17,1191
60,271,304,89,1,2,1179
60,271,82,191,1,2,197
60,271,82,191,1,2,178
61,13,287,98,1,2,43
61,13,512,170,1,2,1004
61,13,138,38,1,2,43
61,13,183,130,1,2,43
61,181,189,63,0,17,43
61,47,238,198,0,13,434
61,47,272,65,0,2,876
61,47,189,65,0,2,876
61,47,427,198,1,2,69
61,71,191,188,0,17,0
61,71,124,25,0,13,43
61,71,138,38,0,8,377
61,71,264,188,0,8,0
61,71,119,38,0,8,43
61,71,264,188,0,8,0
61,71,5,101,0,7,2010
61,71,515,26,0,7,1001
61,71,5,101,0,13,1681
61,71,238,198,0,13,153
61,71,515,26,0,13,1658
61,71,5,101,0,2,1088
61,71,190,87,0,7,377
61,71,183,130,1,8,43
61,71,5,101,0,8,2010
61,71,515,26,0,8,1001
61,71,5,101,0,13,1681
61,71,238,198,0,13,153
61,71,515,26,0,13,1658
61,71,5,101,0,2,1088
61,71,190,87,0,7,377
61,71,264,188,0,7,0
61,71,138,38,0,2,43
61,71,56,25,0,7,43
61,71,54,91,0,2,43
61,71,538,170,0,2,377
61,71,538,170,0,2,1010
61,71,5,101,0,2,1424
61,71,14,87,0,2,377
61,71,14,87,0,2,43
61,71,14,87,0,2,727
61,71,14,87,0,2,1064
61,71,61,191,0,2,1358
61,71,56,25,0,7,43
61,71,55,91,0,2,43
61,71,53,170,0,2,377
61,71,53,170,0,2,1010
61,71,52,130,0,2,377
61,71,52,130,0,7,377
61,71,5,101,0,2,1424
61,71,5,101,0,2,2007
61,71,515,26,0,2,997
61,71,5,101,0,2,2009
61,71,515,26,0,2,1227
61,71,515,26,0,2,1222
61,71,515,26,0,2,999
61,71,14,87,0,2,43
61,71,515,26,0,2,992
61,71,14,87,0,2,377
61,71,329,170,0,2,1007
61,71,14,87,0,2,377
61,71,14,87,0,2,43
61,71,14,87,0,2,727
61,71,14,87,0,2,1064
61,71,329,170,0,2,1157
61,71,14,87,0,2,377
61,71,67,191,1,2,411
61,71,67,191,1,2,1358
61,71,67,191,1,2,209
61,71,67,191,1,2,212
61,71,329,170,1,2,1020
61,71,329,170,1,2,1362
61,71,189,63,0,2,377
61,71,189,63,0,2,43
61,71,190,87,0,2,43
61,71,190,87,0,2,727
61,71,190,87,0,2,1064
61,71,413,148,0,2,43
61,71,329,170,0,2,1007
61,71,5,101,0,2,1424
61,71,329,170,0,2,1150
61,71,5,101,0,2,1053
61,71,14,87,0,2,43
61,71,14,87,0,2,727
61,71,14,87,1,2,43
61,71,199,65,0,2,43
61,71,413,148,0,2,43
61,105,335,198,0,2,1254
61,105,335,198,0,2,1253
61,105,485,188,0,2,0
61,105,107,188,0,2,0
61,105,190,87,0,2,43
61,105,190,87,0,2,727
61,105,190,87,0,2,1064
61,105,413,148,0,2,43
61,172,98,25,0,17,1417
61,172,138,38,0,2,377
61,172,98,25,0,2,1423
61,172,98,25,0,2,957
61,168,14,86,0,7,43
61,168,119,38,0,7,43
61,179,5,101,0,2,1424
61,179,14,86,0,7,43
61,179,183,130,0,7,43
61,160,510,98,0,17,377
61,160,56,25,0,17,340
62,14,238,198,0,13,108
62,388,366,134,0,17,377
62,388,517,188,0,2,0
62,388,5,102,0,2,1878
62,388,5,102,0,2,1643
62,388,381,159,0,2,939
62,388,228,68,0,2,1001
62,388,358,25,0,2,39
62,388,5,102,0,13,1674
62,388,238,198,0,13,108
62,388,228,68,0,13,1658
62,388,456,188,0,2,0
62,388,189,63,0,2,43
62,388,199,65,0,2,832
62,388,244,188,0,2,0
62,388,189,63,0,2,377
62,388,414,134,0,2,377
62,388,539,188,0,2,0
62,388,5,102,0,2,1884
62,388,381,159,0,2,941
62,388,414,134,0,2,43
62,388,192,25,1,2,349
62,388,192,25,1,2,388
62,388,192,25,1,2,368
62,388,414,134,1,2,491
62,388,192,25,1,2,376
62,388,414,134,1,2,503
62,388,192,25,1,2,364
62,388,414,134,1,2,486
62,388,192,25,1,2,358
62,388,414,134,1,2,474
62,388,192,25,0,2,348
62,388,414,134,0,2,460
62,388,102,188,0,2,0
62,388,5,102,0,2,1878
62,388,381,159,0,2,939
62,388,539,188,0,2,0
62,388,539,188,0,2,0
62,388,539,188,0,2,0
62,388,5,102,0,2,1622
62,388,199,65,0,2,1205
62,388,154,188,1,2,0
62,388,539,188,1,2,0
62,388,190,87,1,2,377
62,388,194,25,1,2,330
62,388,414,134,1,2,377
62,388,207,67,1,2,1275
62,388,381,159,1,2,1275
62,388,5,102,1,2,1874
62,388,381,159,1,2,1208
62,388,5,102,0,2,1878
62,388,5,102,0,2,1643
62,388,381,159,0,2,939
62,388,228,68,0,2,1001
62,388,517,188,0,2,0
62,388,366,134,0,2,43
62,388,204,134,0,2,43
62,392,512,170,0,2,377
62,392,98,25,0,2,1443
62,412,112,153,0,17,377
62,412,197,198,0,17,1258
62,187,195,67,0,7,377
62,185,291,170,0,17,377
62,185,313,198,0,14,169
62,185,236,198,0,14,1808
62,185,99,198,1,2,69
62,185,99,198,1,2,403
62,218,526,134,0,2,43
62,390,286,97,0,2,578
62,390,5,102,0,2,578
62,389,286,97,0,2,553
62,389,5,102,0,2,553
62,66,286,97,0,17,988
62,66,5,102,0,17,1099
62,66,296,170,0,17,1905
62,66,5,102,0,17,988
62,66,5,102,0,17,1099
62,66,296,170,0,17,1905
63,132,510,177,0,17,489
63,132,103,177,0,2,534
63,132,103,177,1,17,464
63,132,510,177,0,17,26
63,132,510,177,0,17,464
64,132,304,88,0,17,1189
64,132,304,88,1,17,1188
64,132,225,170,0,2,43
64,132,510,177,1,17,296
64,132,497,170,1,2,1014
64,132,497,170,1,2,1011
64,132,497,170,1,2,1013
64,132,497,170,1,2,1013
64,274,226,43,0,2,377
64,274,497,170,0,2,1012
64,274,64,191,0,2,187
64,274,65,191,0,2,187
64,274,68,191,1,2,179
64,274,71,191,1,2,179
64,274,63,191,1,2,195
64,274,63,191,0,2,173
64,274,68,191,1,2,179
64,274,71,191,1,2,179
64,274,68,191,1,2,181
64,274,71,191,1,2,181
64,274,66,191,1,2,181
64,274,69,191,1,2,181
64,274,523,198,1,2,408
64,274,524,198,1,2,408
64,274,116,170,1,2,743
64,274,116,170,0,2,741
64,274,116,170,0,2,742
64,274,66,191,1,2,180
64,274,69,191,1,2,180
64,274,66,191,0,2,179
64,274,69,191,0,2,179
64,274,497,170,0,2,1019
64,274,68,191,1,2,217
64,274,497,170,1,2,668
64,274,68,191,0,2,220
64,279,226,43,0,2,377
64,279,497,170,0,2,1014
64,279,497,170,0,2,1011
64,279,68,191,0,2,181
64,279,71,191,0,2,181
64,279,66,191,1,2,181
64,279,69,191,1,2,181
64,279,523,198,1,2,408
64,279,524,198,1,2,408
64,279,116,170,1,2,743
64,279,116,170,0,2,742
64,279,116,170,0,2,741
64,279,66,191,1,2,180
64,279,69,191,1,2,180
64,279,66,191,0,2,179
64,279,69,191,0,2,179
64,279,68,191,1,2,217
64,279,68,191,0,2,220
64,284,226,43,0,2,377
64,284,497,170,0,2,1012
64,284,64,191,0,2,187
64,284,65,191,0,2,187
64,284,68,191,1,2,179
64,284,71,191,1,2,179
64,284,63,191,1,2,195
64,284,63,191,0,2,173
64,284,68,191,1,2,179
64,284,71,191,1,2,179
64,284,68,191,1,2,181
64,284,71,191,1,2,181
64,284,66,191,1,2,181
64,284,69,191,1,2,181
64,284,523,198,1,2,408
64,284,524,198,1,2,408
64,284,116,170,1,2,743
64,284,116,170,0,2,742
64,284,116,170,0,2,741
64,284,66,191,1,2,180
64,284,69,191,1,2,180
64,284,66,191,0,2,179
64,284,69,191,0,2,179
64,284,497,170,0,2,1019
64,284,68,191,1,2,217
64,284,497,170,1,2,668
64,284,68,191,0,2,220
64,388,366,134,1,2,377
64,388,208,177,0,2,377
64,388,208,177,1,2,296
64,388,320,198,0,2,1303
64,388,225,170,0,2,377
64,388,447,97,0,2,940
64,388,186,198,0,2,1258
64,388,225,170,1,2,43
64,388,225,170,0,2,377
66,388,541,188,0,2,0
66,388,366,134,0,17,377
66,388,307,107,0,17,1130
66,388,5,114,0,17,1878
66,388,381,159,0,17,939
66,388,238,198,0,2,12
66,388,5,114,1,2,976
66,388,447,97,1,2,708
66,388,238,198,0,13,136
66,388,455,198,0,13,1649
66,388,238,198,0,2,12
66,388,272,134,1,2,377
66,388,98,25,1,2,273
66,388,98,25,1,2,300
66,388,541,188,1,2,0
66,388,272,134,1,2,1931
66,388,447,97,1,2,708
67,388,366,134,1,2,377
67,388,5,117,0,2,1881
67,388,526,200,0,2,167
67,388,526,200,0,2,439
67,388,381,159,0,2,943
67,388,208,177,0,2,42
67,132,507,198,1,2,286
67,132,507,198,1,2,283
67,132,311,116,0,17,377
68,132,510,177,0,17,278
68,132,304,88,0,17,1189
68,132,510,177,1,17,521
68,132,294,177,1,17,1433
68,280,304,88,0,7,1171
68,280,5,127,0,2,1792
68,280,304,88,0,2,926
68,280,82,191,0,14,178
68,280,82,191,1,7,174
68,280,82,191,0,7,6
68,280,82,191,1,17,216
68,280,82,191,1,7,199
68,280,5,127,0,7,1794
68,280,304,88,0,7,928
68,280,82,191,0,7,6
68,280,5,127,0,7,1795
68,280,304,88,0,7,929
68,280,82,191,0,7,6
68,280,5,127,0,17,1797
68,280,291,170,0,17,274
68,280,304,88,0,17,931
68,280,98,25,0,17,1406
68,280,304,88,0,17,1190
68,280,112,144,0,2,43
68,280,204,134,0,2,491
68,280,238,198,0,2,12
68,280,304,88,1,2,1189
68,280,506,198,0,17,282
68,280,506,198,0,17,289
68,280,304,88,0,7,1168
68,280,304,88,0,7,1171
68,280,304,88,0,2,1190
68,280,5,127,0,8,1797
68,280,304,88,0,8,931
68,280,304,88,0,8,1188
68,280,304,88,1,2,1188
68,280,421,170,1,2,1328
68,280,421,170,1,2,761
68,280,5,127,0,14,1920
68,280,430,144,0,14,1089
68,280,304,88,0,7,1176
68,280,5,127,0,17,1797
68,280,304,88,0,17,931
68,280,304,88,0,17,1188
68,280,316,121,0,17,1130
68,280,304,88,0,17,1190
68,280,304,88,0,2,1179
68,121,510,177,0,17,262
68,121,510,177,0,17,303
68,121,510,177,0,17,521
68,121,98,25,0,7,951
69,388,366,134,0,17,377
69,388,317,198,0,2,1303
69,388,366,134,0,17,1931
69,388,517,188,0,2,0
69,388,5,128,0,2,1881
69,388,381,159,0,2,943
69,388,109,188,0,2,0
69,388,405,111,0,2,1133
69,388,405,111,0,2,43
69,388,170,134,1,2,531
69,388,170,134,1,2,377
69,388,5,128,0,2,560
69,388,170,134,0,2,1980
69,388,447,97,0,2,1972
69,388,366,134,0,2,1975
69,388,170,134,0,2,860
69,388,170,134,0,2,513
69,388,5,128,0,2,562
69,388,477,170,0,2,1978
69,388,447,97,0,2,1974
69,388,366,134,0,2,1977
69,388,405,111,0,2,1133
69,388,405,111,0,2,43
69,388,170,134,1,2,377
69,388,170,134,1,2,531
69,388,5,128,0,2,560
69,388,170,134,0,2,1980
69,388,447,97,0,2,1972
69,388,366,134,0,2,1975
69,388,170,134,0,2,513
69,388,170,134,0,2,860
69,388,5,128,0,2,562
69,388,477,170,0,2,1978
69,388,447,97,0,2,1974
69,388,366,134,0,2,1977
69,388,411,110,0,2,43
69,388,411,110,0,2,1133
69,388,170,134,1,2,377
69,388,170,134,1,2,531
69,388,5,128,0,2,556
69,388,526,134,0,2,1967
69,388,170,134,0,2,1966
69,388,447,97,0,2,1958
69,388,366,134,0,2,1961
69,388,170,134,0,2,860
69,388,170,134,0,2,513
69,388,5,128,0,2,558
69,388,477,170,0,2,1965
69,388,526,134,0,2,1969
69,388,447,97,0,2,1960
69,388,366,134,0,2,1963
69,388,411,110,0,2,43
69,388,411,110,0,2,1133
69,388,170,134,1,2,377
69,388,170,134,1,2,531
69,388,5,128,0,2,556
69,388,526,134,0,2,1967
69,388,170,134,0,2,1966
69,388,447,97,0,2,1958
69,388,366,134,0,2,1961
69,388,170,134,0,2,860
69,388,170,134,0,2,513
69,388,5,128,0,2,558
69,388,477,170,0,2,1965
69,388,526,134,0,2,1969
69,388,447,97,0,2,1960
69,388,366,134,0,2,1963
69,388,339,109,0,2,1133
69,388,339,109,0,2,43
69,388,170,134,1,2,531
69,388,170,134,1,2,377
69,388,170,134,0,2,513
69,388,170,134,0,2,860
69,388,339,109,0,2,1133
69,388,339,109,0,2,43
69,388,170,134,1,2,531
69,388,170,134,1,2,377
69,388,170,134,0,2,513
69,388,170,134,0,2,860
69,388,530,113,0,2,43
69,388,530,113,0,2,1133
69,388,114,108,0,2,1133
69,388,114,108,0,2,43
69,388,170,134,1,2,377
69,388,170,134,1,2,531
69,388,170,134,0,2,513
69,388,170,134,0,2,860
69,388,530,113,0,2,43
69,388,530,113,0,2,1133
69,388,114,108,0,2,43
69,388,114,108,0,2,1133
69,388,170,134,1,2,377
69,388,170,134,1,2,531
69,388,170,134,0,2,860
69,388,170,134,0,2,513
69,388,526,134,0,2,377
69,388,5,128,0,2,1884
69,388,381,159,0,2,941
69,388,170,134,1,2,531
69,388,217,188,0,2,0
69,388,5,128,0,2,1878
69,388,381,159,0,2,939
69,388,217,188,0,2,0
69,388,526,134,0,2,377
69,388,98,25,1,2,381
69,388,404,25,1,2,1549
69,388,5,128,0,2,1878
69,388,381,159,0,2,939
69,388,316,119,0,2,1133
69,388,517,188,0,2,0
70,15,177,171,0,2,43
70,15,177,171,0,2,1001
70,15,5,131,0,13,1654
70,15,238,198,0,13,104
70,387,535,198,1,2,437
70,386,281,188,1,2,0
70,386,19,198,0,2,225
70,385,246,198,1,2,437
70,218,5,131,0,2,693
70,218,5,131,0,2,792
70,293,5,131,0,2,693
70,293,5,131,0,2,792
70,293,5,131,0,2,693
70,293,5,131,0,2,792
70,293,5,131,0,13,1654
70,293,238,198,0,13,104
71,388,366,134,0,17,377
71,388,358,25,1,17,326
71,388,5,132,0,17,1881
71,388,381,159,0,17,943
71,388,366,134,0,17,851
71,388,208,177,0,17,1846
71,388,358,25,1,2,246
71,388,358,25,1,17,270
71,388,247,74,0,2,43
71,388,366,134,1,17,492
71,388,366,134,1,17,506
71,388,360,134,1,2,531
71,388,365,134,1,2,531
71,404,271,81,0,14,891
71,404,238,198,0,2,12
71,132,98,177,0,8,270
71,132,304,88,0,17,1189
71,132,304,88,0,7,1173
71,132,304,88,0,2,1179
71,132,5,132,1,7,1894
71,132,399,45,1,7,1113
71,132,304,88,1,7,1188
71,132,304,88,0,7,2015
71,132,365,134,1,2,377
71,132,365,134,1,2,531
71,132,365,134,0,17,496
71,132,98,177,0,17,253
71,132,122,170,0,17,43
71,132,486,170,0,17,43
71,132,98,177,0,17,302
71,132,478,170,0,17,377
71,132,478,170,0,17,1010
71,132,98,177,0,17,298
71,132,98,177,0,17,326
71,132,98,177,0,2,521
71,132,98,177,0,17,246
71,132,98,177,0,17,253
71,132,98,177,0,8,464
71,132,95,170,0,8,748
72,132,304,88,0,8,1187
72,132,98,177,0,17,358
72,132,98,177,0,17,255
72,132,98,177,0,8,325
72,132,98,177,0,8,388
72,132,98,177,0,8,242
72,132,98,177,0,8,349
72,132,525,200,0,17,167
72,132,525,200,0,17,439
72,132,304,88,0,8,1186
72,132,98,177,0,17,358
72,132,98,177,0,17,255
72,132,98,177,0,8,388
72,132,98,177,0,8,325
72,132,98,177,0,17,242
72,132,98,177,0,17,349
72,132,526,134,0,17,377
72,132,98,177,0,17,358
72,132,98,177,0,17,255
72,132,98,177,0,17,325
72,132,98,177,0,17,388
72,132,98,177,0,17,349
72,132,98,177,0,17,242
73,388,366,134,0,17,377
73,388,167,198,0,17,224
73,388,5,135,0,17,1878
73,388,381,159,0,17,939
73,388,238,198,0,13,136
73,388,455,198,0,13,1649
73,388,238,198,0,2,12
73,388,238,198,0,13,102
73,388,167,198,0,13,1649
73,388,272,134,1,2,377
73,388,272,134,1,2,1931
73,388,447,97,1,2,708
73,388,98,25,1,2,381
73,388,404,25,1,2,1549
73,388,272,134,1,2,377
73,388,272,134,1,2,1931
73,388,447,97,1,2,708
73,132,304,88,0,17,1189
73,132,304,88,0,17,1188
73,132,510,177,1,2,489
73,132,103,177,1,2,534
73,132,363,177,1,2,521
73,132,362,177,0,2,464
73,132,364,183,0,13,1658
73,132,364,183,0,2,1235
73,132,9,177,1,2,464
73,378,23,85,0,17,377
73,378,238,198,0,13,136
73,378,455,198,0,13,1649
73,378,526,134,0,2,345
73,378,103,25,1,2,903
73,378,526,134,0,2,495
73,378,531,134,0,2,345
73,378,107,188,0,2,0
73,378,164,134,0,2,377
74,132,526,76,1,17,377
74,132,526,116,1,17,377
74,132,526,46,1,17,377
74,132,526,134,0,17,377
74,388,366,134,0,17,377
74,388,374,139,1,2,961
74,388,374,140,1,2,961
74,388,374,141,1,2,961
75,140,355,134,0,17,377
76,379,5,144,1,2,1090
76,379,5,144,1,2,831
77,16,31,0,0,2,377
77,16,392,28,1,2,377
77,16,31,0,0,2,377
77,364,409,170,0,17,1017
77,364,409,170,0,17,43
77,109,409,170,1,2,1992
77,109,409,170,0,2,1593
77,55,279,171,0,17,377
77,55,5,146,0,13,1675
77,55,238,198,0,13,114
77,55,279,171,0,13,1658
77,54,279,171,0,17,377
77,54,5,146,0,13,1675
77,54,238,198,0,13,114
77,54,279,171,0,13,1658
77,173,140,136,0,17,43
77,173,510,177,0,17,465
77,173,510,177,0,17,521
77,173,418,177,1,17,465
77,173,140,136,0,17,43
77,173,510,177,0,2,377
77,173,140,136,0,17,43
77,173,14,98,0,17,43
77,173,319,25,0,17,31
77,173,510,177,0,2,536
77,173,510,177,0,2,534
77,173,510,177,0,2,521
77,173,140,136,0,17,43
77,173,95,170,0,2,1153
77,173,98,25,0,2,1347
77,173,5,146,0,2,568
77,173,5,146,0,2,983
77,173,95,170,1,2,1154
77,173,95,170,0,2,1155
77,173,95,170,0,2,748
77,173,98,25,0,2,302
77,173,140,136,0,2,377
77,173,140,136,0,17,43
77,173,98,25,1,2,948
77,173,98,25,1,2,903
77,173,98,25,1,2,263
77,173,98,25,1,2,248
77,173,98,25,1,2,294
77,173,98,25,1,2,324
77,173,98,25,1,2,234
77,173,98,25,1,2,1366
77,173,98,25,1,2,1406
77,173,98,25,1,2,1436
77,231,97,25,0,17,377
77,119,30,188,0,17,0
77,119,287,98,0,17,43
77,119,146,25,0,17,31
77,119,30,188,0,2,0
77,119,483,25,0,2,377
77,119,483,25,0,2,1420
77,119,483,25,0,2,377
77,119,483,25,0,2,306
77,119,5,146,0,2,566
77,119,30,188,0,2,0
77,119,98,25,0,2,1465
77,119,30,188,0,2,0
77,119,30,188,0,2,0
77,119,98,25,0,2,951
77,119,30,188,0,2,0
77,119,138,38,0,2,377
77,119,30,188,0,2,0
77,119,98,25,0,2,951
77,119,5,146,0,2,820
77,119,194,25,0,2,1420
77,119,194,25,0,2,957
77,119,194,25,0,2,1423
77,119,14,87,0,2,43
77,119,14,87,0,2,1336
77,119,14,87,0,2,1206
77,119,14,87,0,2,728
77,119,14,87,0,2,847
77,119,194,25,0,2,948
77,119,195,136,0,2,478
77,119,30,188,0,2,0
77,119,98,25,0,2,957
77,119,98,25,0,2,1423
77,119,30,188,0,17,0
77,117,14,87,0,2,43
77,117,144,25,0,2,340
77,117,194,25,0,17,234
77,117,194,25,0,17,294
77,117,144,25,0,17,377
77,285,204,170,0,2,1606
77,285,98,25,0,2,883
77,285,98,25,0,2,882
77,183,189,63,0,2,377
77,183,189,63,0,2,377
77,183,189,63,0,2,377
77,183,61,191,0,2,162
77,183,61,191,0,2,433
77,51,338,170,0,17,377
77,51,338,170,0,17,1010
77,51,5,146,0,17,1825
77,51,338,170,0,17,770
77,48,338,170,0,17,377
77,48,338,170,0,17,1010
77,48,5,146,0,17,1825
77,48,338,170,0,17,770
77,95,512,170,0,17,377
77,95,5,146,0,8,567
77,95,180,25,0,8,43
77,95,5,146,0,13,1650
77,95,238,198,0,13,84
77,95,7,170,0,17,1548
77,95,95,170,0,17,1159
77,95,5,146,0,13,1652
77,95,238,198,0,13,96
77,95,139,170,0,7,1548
77,95,95,170,0,7,1160
77,95,98,25,0,2,377
77,95,98,25,0,8,43
77,95,98,25,0,7,1592
77,95,180,25,0,7,910
77,95,180,25,0,7,43
77,95,5,146,0,8,567
77,95,5,146,0,13,1652
77,95,238,198,0,13,96
77,95,139,170,0,7,1548
77,95,95,170,0,7,1160
77,95,5,146,0,13,1650
77,95,238,198,0,13,84
77,95,7,170,0,8,1548
77,95,95,170,0,8,1159
77,95,98,25,0,7,1592
77,95,180,25,0,7,43
77,95,180,25,0,7,910
77,95,5,146,0,2,567
77,95,180,25,0,2,43
77,95,98,25,0,8,43
77,95,180,25,0,8,43
77,95,98,25,1,17,1592
77,95,180,25,1,17,910
77,95,5,146,0,7,567
78,290,338,170,0,17,1010
78,290,338,170,0,17,377
79,388,366,134,0,17,377
79,388,5,147,0,13,1671
79,388,238,198,0,13,87
79,388,23,199,0,13,1658
79,388,238,198,0,2,12
79,388,5,147,0,13,1671
79,388,238,198,0,13,87
79,388,23,202,0,13,1658
79,388,238,198,0,2,12
79,388,5,147,0,13,1671
79,388,238,198,0,13,87
79,388,23,201,0,13,1658
79,388,238,198,0,2,12
79,388,5,147,0,13,1671
79,388,238,198,0,13,87
79,388,23,189,0,13,1658
79,388,238,198,0,2,12
79,388,5,147,0,13,1671
79,388,238,198,0,13,87
79,388,23,196,0,13,1658
79,388,238,198,0,2,12
79,388,272,195,1,2,1378
79,388,5,147,0,13,1671
79,388,238,198,0,13,87
79,388,23,194,0,13,1658
79,388,238,198,0,2,12
79,388,272,193,1,2,1372
79,388,366,134,0,17,539
81,359,23,134,0,2,43
82,379,5,153,1,17,1090
82,379,5,153,1,17,831
83,114,194,25,0,2,948
83,120,287,98,0,17,43
83,120,448,25,0,17,31
83,120,5,155,0,2,551
83,120,5,155,0,2,550
83,120,5,155,0,2,552
83,120,5,155,0,2,566
83,120,98,25,0,2,317
83,120,98,25,0,2,306
83,120,98,25,0,2,1465
83,120,29,188,0,2,0
83,120,29,188,0,2,0
83,120,29,188,0,2,0
83,120,189,63,0,2,885
83,120,189,63,0,2,43
83,120,328,130,0,2,43
83,120,328,130,0,2,881
83,120,14,87,0,2,377
83,120,14,87,0,2,1126
83,120,14,87,0,2,1206
83,120,14,87,0,2,847
83,120,14,87,0,2,1336
83,120,5,155,0,2,550
83,120,5,155,0,2,551
83,120,5,155,0,2,552
83,120,29,188,0,8,0
83,120,32,137,0,17,43
83,108,447,137,0,17,377
83,108,526,188,1,2,0
83,108,447,137,0,17,499
83,108,526,188,1,2,0
83,204,542,137,0,2,377
83,204,5,155,0,2,1072
83,204,542,137,0,2,377
83,204,5,155,0,2,1072
83,204,542,137,0,17,377
83,204,98,25,1,2,1406
83,204,98,25,1,2,1402
83,204,98,25,1,2,1366
83,204,98,25,1,2,883
83,204,98,25,1,2,948
83,204,287,98,1,2,43
83,204,98,25,1,2,903
83,204,98,25,1,2,1436
83,204,98,25,1,2,1351
83,204,95,170,0,17,1153
83,204,98,25,0,17,1347
83,204,5,155,0,2,568
83,204,5,155,0,17,983
83,204,95,170,0,17,1154
83,204,95,170,0,17,1155
83,204,542,137,0,17,43
83,204,542,137,0,17,43
83,204,542,137,0,17,43
83,204,542,137,0,17,43
83,204,542,137,0,17,43
83,204,98,25,0,17,1443
83,204,118,188,0,2,0
84,53,214,156,0,17,377
84,67,286,97,0,17,1103
84,67,5,158,0,17,843
84,67,286,97,0,17,1633
84,67,366,134,0,17,1634
84,67,291,170,0,17,1635
84,67,5,158,0,17,1103
84,67,5,158,0,17,843
84,67,286,97,0,17,1633
84,67,366,134,0,17,1634
84,67,291,170,0,17,1635
84,65,286,97,0,17,1101
84,65,5,158,0,17,1100
84,65,366,134,0,17,1906
84,65,291,170,0,17,1907
84,65,414,134,0,17,1908
84,65,5,158,0,17,1101
84,65,5,158,0,17,1100
84,65,366,134,0,17,1906
84,65,291,170,0,17,1907
84,65,414,134,0,17,1908
84,291,286,97,0,2,1067
84,291,5,158,0,2,1067
84,292,414,134,0,2,43
84,292,39,13,1,2,43
84,292,414,134,1,2,460
84,292,414,134,1,2,513
84,292,39,13,0,2,43
84,292,414,134,0,2,513
84,292,225,170,1,2,43
84,292,39,13,0,2,43
84,292,530,113,0,2,43
84,292,286,97,0,2,716
84,292,5,158,0,2,716
85,18,5,159,1,2,584
85,18,249,198,0,3,163
85,108,475,188,1,2,0
85,388,5,159,0,2,1831
85,388,351,198,0,2,417
85,388,5,159,1,2,1219
85,388,370,198,1,6,69
85,388,301,198,1,6,69
85,388,301,198,0,17,225
85,388,5,159,0,2,1831
85,388,351,198,0,2,417
85,388,5,159,1,2,1219
85,388,5,159,0,12,1781
85,388,301,198,0,12,417
85,143,333,198,0,2,1828
85,388,5,159,0,2,1831
85,388,351,198,0,2,417
85,388,5,159,1,2,1219
85,388,5,159,0,12,1781
85,388,301,198,0,12,417
85,417,5,159,0,19,1218
85,418,5,159,0,19,1218
85,418,5,159,1,17,1531
85,418,90,23,1,17,338
85,373,5,159,0,19,1218
85,374,5,159,0,19,1218
85,372,5,159,0,19,1218
85,372,5,159,1,17,1531
85,372,90,23,1,17,338
85,134,57,190,0,2,377
85,134,5,159,0,2,1483
85,134,59,198,0,2,1485
85,134,57,190,0,2,995
85,135,57,190,0,2,377
85,135,5,159,0,2,1483
85,135,59,198,0,2,1485
85,135,57,190,0,2,995
85,102,5,159,0,2,1218
85,102,5,159,0,2,586
85,388,497,170,0,17,377
85,402,238,198,0,17,272
85,402,5,159,0,17,1831
85,402,351,198,0,17,417
85,402,5,159,1,2,1219
85,391,58,198,0,17,225
85,391,5,159,0,17,1831
85,391,351,198,0,17,417
85,391,5,159,0,17,1218
85,391,434,198,0,13,101
85,391,163,198,0,13,1922
85,391,300,198,0,2,403
85,391,434,198,0,13,101
85,391,163,198,0,13,1922
85,391,300,198,0,2,403
85,401,526,195,1,2,1378
85,401,5,159,0,2,923
85,401,223,170,0,2,735
85,401,5,159,0,2,922
85,401,91,188,0,2,0
85,393,159,193,1,2,1371
85,393,159,193,1,2,1372
85,393,5,159,0,2,923
85,393,158,170,0,2,735
85,393,5,159,0,2,922
85,393,91,188,0,2,0
85,394,526,51,0,17,377
85,394,5,159,1,2,1215
85,394,5,159,1,2,1214
85,394,5,159,0,2,1215
85,394,478,170,1,2,43
85,408,238,200,0,17,299
85,408,342,188,1,2,0
85,408,342,188,0,2,0
85,408,5,159,0,17,1831
85,408,351,198,0,17,417
85,408,5,159,1,2,1219
85,408,342,188,1,2,0
85,408,342,188,1,2,0
85,414,497,170,0,17,377
85,414,445,191,0,2,12
85,414,445,191,0,2,12
85,414,5,159,0,17,1831
85,414,351,198,0,17,417
85,414,5,159,0,17,1218
85,414,238,198,0,13,147
85,414,497,170,0,13,1659
85,414,5,159,1,2,921
85,414,82,191,0,2,160
85,414,82,191,0,2,429
85,414,82,191,0,2,428
85,414,82,191,0,2,209
85,414,82,191,0,2,433
85,414,82,191,0,2,162
85,414,82,191,0,2,180
85,414,82,191,0,2,178
85,414,82,191,0,2,159
85,414,5,159,1,2,920
85,414,82,191,0,2,200
85,414,82,191,0,2,205
85,414,82,191,0,2,174
85,414,82,191,0,2,181
85,414,82,191,0,2,204
85,414,82,191,0,2,203
85,414,82,191,0,2,201
85,414,82,191,0,2,202
85,414,82,191,0,2,77
85,414,82,191,0,2,436
85,414,5,159,0,2,1389
85,414,5,159,0,2,924
85,414,5,159,0,2,1490
85,414,82,191,0,2,1391
85,414,82,191,0,2,81
85,414,82,191,0,2,181
85,414,5,159,1,2,1390
85,414,82,191,1,2,1392
85,414,445,191,0,2,12
85,414,5,159,0,17,921
85,414,238,198,0,13,102
85,414,167,198,0,13,1649
85,414,82,191,0,2,160
85,414,82,191,0,2,209
85,414,82,191,0,2,429
85,414,82,191,0,2,433
85,414,82,191,0,2,159
85,414,82,191,0,2,180
85,414,82,191,0,2,428
85,414,82,191,0,2,162
85,414,82,191,0,2,178
85,414,5,159,0,2,1831
85,414,351,198,0,2,417
85,414,238,198,0,13,449
85,414,473,198,0,13,1689
85,414,82,191,0,2,433
85,414,82,191,0,2,209
85,414,82,191,0,2,180
85,414,82,191,0,2,178
85,414,82,191,0,2,428
85,414,82,191,0,2,162
85,414,82,191,0,2,160
85,414,82,191,0,2,159
85,414,82,191,0,2,429
85,414,445,191,1,2,12
85,414,5,159,0,17,920
85,414,238,198,0,13,102
85,414,167,198,0,13,1649
85,414,82,191,0,2,181
85,414,82,191,0,2,200
85,414,82,191,0,2,174
85,414,82,191,0,2,204
85,414,82,191,0,2,201
85,414,82,191,0,2,203
85,414,82,191,0,2,205
85,414,82,191,0,2,202
85,414,82,191,0,2,77
85,414,82,191,0,2,436
85,414,5,159,0,2,1831
85,414,351,198,0,2,417
85,414,238,198,0,13,449
85,414,473,198,0,13,1689
85,414,82,191,0,2,201
85,414,82,191,0,2,204
85,414,82,191,0,2,203
85,414,82,191,0,2,205
85,414,82,191,0,2,202
85,414,82,191,0,2,181
85,414,82,191,0,2,200
85,414,82,191,0,2,174
85,414,82,191,0,2,77
85,414,82,191,0,2,436
85,414,445,191,1,2,12
85,414,238,198,0,13,102
85,414,167,198,0,13,1649
85,414,82,191,0,2,206
85,414,82,191,0,2,207
85,414,219,198,0,2,224
85,414,82,191,0,2,432
85,414,82,191,0,2,73
85,414,82,191,0,2,435
85,414,219,198,0,2,224
85,414,5,159,0,2,967
85,414,82,191,0,2,1733
85,414,5,159,0,2,1490
85,414,5,159,0,2,1390
85,414,82,191,0,2,81
85,414,82,191,0,2,1392
85,414,219,198,0,2,224
85,414,466,198,0,2,403
85,414,5,159,0,2,1831
85,414,351,198,0,2,417
85,414,466,198,1,2,228
85,414,299,191,1,2,206
85,414,299,191,1,2,207
85,414,5,159,1,2,1490
85,414,5,159,1,2,1390
85,414,82,191,1,2,81
85,414,82,191,1,2,1392
85,414,466,198,0,2,406
85,414,238,198,0,13,147
85,414,497,170,0,13,1659
85,414,5,159,1,2,1389
85,414,5,159,1,2,1490
85,414,5,159,1,2,924
85,414,82,191,1,2,1391
85,414,82,191,1,2,81
85,414,82,191,1,2,181
85,414,5,159,1,2,1390
85,414,82,191,1,2,1392
85,414,82,191,1,2,206
85,414,82,191,1,2,207
85,414,445,191,1,2,12
85,397,5,159,0,2,1831
85,397,351,198,0,2,417
85,388,308,198,0,13,1649
85,388,497,170,1,2,377
85,388,282,198,0,13,116
85,388,82,191,0,2,174
85,388,82,191,0,2,200
85,388,232,188,0,17,0
85,388,282,198,0,13,118
85,388,282,198,0,2,12
85,388,497,170,1,2,377
85,388,5,159,0,2,1831
85,388,351,198,0,2,417
85,388,238,198,1,2,225
85,398,526,191,1,2,225
85,398,5,159,0,17,1105
85,398,5,159,0,17,1831
85,398,351,198,0,17,417
85,398,5,159,0,17,1218
85,398,526,188,1,2,0
85,388,526,188,1,2,0
85,398,5,159,0,17,1105
85,398,526,198,0,17,272
85,398,5,159,0,17,1831
85,398,351,198,0,17,417
85,398,5,159,0,17,1218
85,398,5,159,0,17,1105
85,398,526,200,0,17,299
85,398,5,159,0,17,1831
85,398,351,198,0,17,417
85,398,5,159,0,17,1218
85,398,5,159,1,2,1105
85,398,5,159,1,2,1208
85,398,526,170,1,2,377
85,398,5,159,1,2,921
85,398,5,159,1,2,920
85,398,526,170,1,2,377
85,400,526,170,1,2,377
85,400,5,159,0,17,1831
85,400,351,198,0,17,417
85,400,5,159,0,17,1218
85,400,526,170,0,17,377
85,400,529,198,0,13,1649
85,400,82,191,0,2,432
85,400,82,191,0,2,206
85,400,82,191,0,2,207
85,400,82,191,0,2,73
85,400,82,191,0,2,435
85,400,219,198,0,2,224
85,400,5,159,0,2,967
85,400,82,191,0,2,1733
85,400,5,159,0,2,1390
85,400,5,159,0,2,1490
85,400,82,191,0,2,1392
85,400,82,191,0,2,81
85,400,219,198,0,2,224
85,400,466,198,0,2,403
85,400,5,159,0,2,1831
85,400,351,198,0,2,417
85,400,466,198,1,2,228
85,400,299,191,1,2,206
85,400,299,191,1,2,207
85,400,5,159,1,2,1490
85,400,5,159,1,2,1390
85,400,82,191,1,2,81
85,400,82,191,1,2,1392
85,400,466,198,0,2,406
85,400,526,170,0,13,1659
85,400,5,159,1,2,1490
85,400,5,159,1,2,924
85,400,5,159,1,2,1389
85,400,82,191,1,2,81
85,400,82,191,1,2,181
85,400,82,191,1,2,1391
85,400,5,159,1,2,1390
85,400,82,191,1,2,1392
85,400,82,191,1,2,206
85,400,82,191,1,2,207
85,399,5,159,0,17,1831
85,399,351,198,0,17,417
85,399,5,159,0,17,1218
85,246,82,191,0,17,173
85,246,82,191,0,17,181
85,246,82,191,0,17,10
85,246,82,191,0,17,200
85,246,82,191,0,17,174
85,398,526,51,0,17,377
85,398,5,159,1,2,1214
85,398,5,159,1,2,1215
85,398,5,159,1,2,1215
85,395,5,159,1,2,1208
85,398,526,14,1,2,377
85,413,5,159,1,2,1208
85,413,5,159,1,2,1208
85,415,497,170,0,17,377
85,415,5,159,0,2,1831
85,415,351,198,0,2,417
85,415,5,159,0,17,1831
85,415,351,198,0,17,417
85,415,5,159,0,17,1218
85,415,238,198,0,13,147
85,415,497,170,0,13,1659
85,415,5,159,1,2,924
85,415,82,191,1,2,181
85,415,82,191,1,2,199
85,415,82,191,1,2,166
85,415,82,191,1,2,200
85,415,238,198,0,13,102
85,415,167,198,0,13,1649
85,415,5,159,0,2,924
85,415,82,191,0,2,200
85,415,82,191,0,2,166
85,415,82,191,0,2,181
85,415,82,191,0,2,199
85,415,5,159,0,2,1831
85,415,351,198,0,2,417
85,415,466,198,1,2,228
85,415,466,198,0,2,406
85,415,238,198,0,13,449
85,415,473,198,0,13,1689
85,415,5,159,0,2,924
85,415,82,191,0,2,166
85,415,82,191,0,2,200
85,415,82,191,0,2,181
85,415,82,191,0,2,199
85,396,291,170,0,17,377
85,396,5,159,1,2,1208
85,396,5,159,1,2,1105
85,396,5,159,1,2,1105
85,396,238,198,0,13,115
85,396,291,170,0,13,1659
85,396,234,188,1,2,0
85,407,5,159,0,17,1831
85,407,351,198,0,17,417
85,407,5,159,0,17,1218
85,407,301,198,0,17,225
85,407,238,198,0,13,116
85,407,301,198,0,13,1649
85,407,5,159,0,2,1491
85,407,82,191,0,2,141
85,407,82,191,0,2,1945
85,407,467,190,0,2,1489
85,407,467,190,0,2,1230
85,407,232,188,0,2,0
85,407,238,198,0,13,116
85,407,301,198,0,13,1649
85,407,5,159,1,2,1491
85,407,82,191,1,2,1945
85,407,82,191,1,2,141
85,407,467,190,1,2,1230
85,407,467,190,1,2,1489
85,407,232,188,0,2,0
85,407,301,198,0,17,225
85,407,346,198,0,2,417
85,407,238,198,0,13,102
85,407,167,198,0,13,1649
85,407,5,159,0,2,1491
85,407,82,191,0,2,141
85,407,82,191,0,2,1945
85,407,467,190,0,2,1489
85,407,467,190,0,2,1230
85,407,232,188,1,2,0
85,407,5,159,0,2,1831
85,407,351,198,0,2,417
85,407,5,159,0,2,1831
85,407,351,198,0,2,417
85,147,5,159,0,17,1219
86,250,94,28,0,17,377
86,250,522,54,0,14,890
86,250,306,170,0,2,377
86,250,93,198,0,2,434
86,250,306,170,0,2,1010
87,388,366,134,0,17,377
88,19,5,164,0,2,976
88,65,463,134,0,17,377
88,65,112,153,0,14,43
89,73,525,134,0,17,377
89,73,525,134,1,2,546
89,73,525,134,1,2,513
89,73,525,134,1,17,531
89,73,478,170,0,17,1010
89,73,132,96,1,2,1119
89,74,525,134,0,17,377
89,74,525,134,0,17,546
89,74,525,134,0,17,513
89,74,525,134,0,17,531
89,74,478,170,0,17,1010
89,74,132,96,1,2,1119
90,132,304,88,0,17,1189
90,132,304,88,0,7,1171
90,132,304,88,0,7,1168
90,132,291,170,0,2,377
90,132,304,88,0,2,1190
90,132,304,88,0,2,1179
90,132,5,168,0,2,1792
90,132,304,88,0,2,926
90,132,291,170,1,7,1547
90,132,304,88,1,2,1189
90,132,304,88,1,2,1188
90,132,304,88,1,2,1189
90,132,304,88,1,2,1188
90,132,304,88,1,2,1189
90,132,304,88,1,2,1188
90,132,304,88,1,2,1189
90,132,304,88,1,2,1187
90,132,304,88,1,2,1189
90,132,304,88,1,2,1194
90,132,304,88,1,2,1182
90,132,291,170,1,7,274
90,132,304,88,1,7,1188
90,132,304,88,1,2,1189
90,132,304,88,1,2,1188
90,132,304,88,1,2,1189
90,132,304,88,1,2,1188
90,132,304,88,0,2,1190
91,388,526,170,0,17,377
91,132,304,88,0,17,1188
91,132,526,134,0,17,377
91,132,304,88,0,17,1188
91,132,526,134,0,17,377
91,132,304,88,0,17,1188
91,132,304,88,0,17,1187
91,132,526,134,0,17,377
92,59,486,170,0,17,43
92,59,486,170,1,2,1780
92,59,486,170,1,2,1647
92,59,301,198,1,2,390
92,59,233,198,1,2,389
92,59,238,198,0,13,116
92,59,301,198,0,13,1649
92,59,174,188,1,17,0
92,59,486,170,0,17,43
92,59,486,170,0,17,1780
92,59,486,170,0,17,1647
92,59,301,198,0,17,390
92,59,233,198,0,17,389
92,227,238,198,0,13,116
92,227,301,198,0,13,1649
93,222,137,24,0,2,377
93,163,421,166,0,17,377
93,163,87,192,0,17,377
93,163,5,174,0,2,1529
93,163,87,192,0,2,996
93,163,302,198,0,2,1530
93,152,400,198,0,17,163
93,162,421,165,0,17,377
93,162,57,190,0,17,377
93,162,57,190,0,2,996
93,162,302,198,0,2,1485
94,132,304,88,0,17,1189
94,132,5,176,1,2,1897
94,132,399,45,1,2,880
94,132,304,88,0,7,1171
94,132,510,177,0,2,43
94,132,510,177,0,2,464
94,132,98,25,0,2,1436
94,132,291,170,0,2,377
94,132,304,88,0,2,1190
94,132,304,88,0,2,1179
94,132,5,176,0,2,1792
94,132,304,88,0,2,926
94,132,291,170,1,7,1397
94,132,304,88,1,2,1188
94,132,304,88,1,2,1189
94,132,304,88,1,2,1188
94,132,304,88,0,2,1190
94,132,176,25,1,2,377
94,132,176,25,0,7,1436
94,132,175,175,0,2,377
94,132,472,169,0,2,43
94,116,5,176,0,2,2007
94,116,515,26,0,2,997
94,116,515,26,0,2,1222
94,116,515,26,0,2,998
94,116,5,176,0,2,2009
94,116,515,26,0,2,1222
94,116,515,26,0,2,999
94,116,80,38,0,17,43
94,116,327,38,0,17,43
94,116,138,38,0,17,43
95,132,304,88,0,8,1179
95,132,304,88,0,7,1174
95,132,304,88,0,7,1173
95,132,304,88,0,7,1176
95,132,525,134,0,17,377
95,132,525,134,1,17,513
95,132,525,134,0,17,531
95,132,478,170,0,17,1010
95,132,132,96,1,2,1119
95,132,82,191,0,2,65
95,132,82,191,0,2,400
95,132,258,188,0,17,0
96,388,366,134,0,17,377
97,155,79,191,1,17,176
97,155,79,191,1,2,193
97,155,79,191,1,2,189
97,221,301,198,0,14,1475
97,221,50,192,0,14,1237
97,221,370,198,0,14,1472
97,221,301,198,0,14,1475
97,221,50,192,0,14,1237
97,221,370,198,0,14,1472
98,20,21,184,0,13,1658
98,20,76,177,0,2,377
99,90,526,134,0,17,377
99,78,526,134,0,17,377
99,78,526,134,0,17,513
99,78,526,134,0,17,531
99,78,478,170,0,17,1426
99,78,478,170,0,17,1833
99,78,478,170,0,17,1010
99,80,526,134,0,17,377
99,80,526,134,0,8,531
99,80,478,170,0,17,1010
99,88,526,134,0,17,377
99,88,526,134,0,17,513
99,88,526,134,0,17,531
99,88,478,170,0,17,1426
99,88,478,170,0,17,1833
99,88,478,170,0,17,1010
99,75,526,134,0,17,377
99,75,526,134,0,17,458
99,75,526,134,0,17,459
99,75,478,170,0,17,1010
99,76,526,134,0,17,377
99,76,526,134,0,17,459
99,76,526,134,0,17,486
99,76,526,134,0,17,474
99,76,478,170,0,17,1010
99,76,478,170,0,17,1426
99,76,478,170,0,17,1833
99,84,526,134,0,17,377
99,84,526,134,0,17,513
99,84,526,134,0,17,531
99,84,478,170,0,17,1833
99,84,478,170,0,17,1010
99,84,478,170,0,17,1426
99,84,478,170,0,2,897
99,82,526,134,0,17,377
99,82,526,134,0,17,513
99,82,526,134,0,17,531
99,82,478,170,0,17,1426
99,82,478,170,0,17,1010
99,82,478,170,0,17,1833
99,82,478,170,0,2,897
99,81,526,134,0,17,377
99,81,526,134,0,17,472
99,81,526,134,0,17,462
99,81,526,134,0,17,513
99,81,526,134,0,8,531
99,81,132,96,0,17,1120
99,81,478,170,0,2,1146
99,81,478,170,0,2,734
99,81,478,170,1,2,1011
99,81,478,170,0,17,1010
99,81,312,200,0,8,69
99,89,526,134,0,17,377
99,89,526,134,0,17,546
99,89,526,134,0,17,462
99,89,526,134,0,2,513
99,89,526,134,0,8,531
99,89,478,170,0,17,1010
99,89,478,170,0,17,1833
99,89,478,170,0,17,1426
99,89,5,179,1,2,960
99,89,478,170,1,2,1728
99,89,440,96,1,2,1120
99,89,312,200,0,7,163
99,91,526,134,0,17,377
99,91,526,134,0,17,462
99,91,526,134,0,17,546
99,91,526,134,0,2,513
99,91,526,134,0,8,531
99,91,478,170,0,17,1010
99,91,478,170,0,17,1833
99,91,478,170,0,17,1426
99,91,5,179,1,2,960
99,91,478,170,1,2,1728
99,91,440,96,1,2,1120
99,91,312,200,0,7,163
99,240,476,170,0,13,1659
99,240,82,191,1,17,179
99,240,82,191,1,17,177
99,240,238,198,1,17,12
99,240,82,191,0,17,400
99,240,82,191,0,17,65
99,87,526,134,0,17,377
99,87,526,134,0,17,513
99,87,526,134,0,17,531
99,87,478,170,0,17,1833
99,87,478,170,0,17,1426
99,87,478,170,0,17,1010
99,87,478,170,0,2,897
99,87,133,96,0,2,1120
99,87,77,19,0,17,43
99,87,526,134,0,17,505
99,87,316,118,0,17,701
99,87,316,118,0,17,702
99,87,316,118,0,17,1132
99,85,526,134,0,17,377
99,85,526,134,0,17,491
99,85,526,134,0,17,513
99,85,526,134,0,17,531
99,85,478,170,0,17,1010
99,85,478,170,0,17,1833
99,85,478,170,0,17,1426
99,85,478,170,0,2,897
99,85,526,134,0,17,460
99,85,526,134,0,17,505
99,85,316,118,0,17,701
99,85,316,118,0,17,1132
99,85,316,118,0,17,702
99,79,526,134,0,17,539
99,79,526,134,0,17,531
99,77,526,134,0,17,377
99,77,526,134,0,17,460
99,77,526,134,0,17,513
99,77,526,134,0,17,531
99,77,478,170,0,17,1010
99,77,478,170,0,17,1426
99,77,478,170,0,17,1833
99,73,357,134,0,17,377
99,73,98,27,0,3,377
99,73,357,134,0,17,505
99,73,98,27,0,17,303
99,73,98,27,0,17,306
99,73,98,27,0,17,903
99,73,357,134,0,17,466
99,73,98,27,0,17,350
99,73,98,27,0,17,241
99,73,98,27,0,17,348
99,73,98,27,0,17,242
99,73,98,27,0,17,349
99,73,98,27,0,17,325
99,73,98,27,0,17,388
99,73,98,27,0,17,368
99,73,98,27,0,17,273
99,73,98,27,0,17,376
99,73,98,27,0,17,300
99,73,98,27,0,17,260
99,73,98,27,0,17,364
99,73,98,27,0,17,358
99,73,98,27,0,17,255
99,73,98,27,0,17,330
99,73,98,27,0,17,239
99,73,98,27,0,17,948
99,73,98,27,0,8,1351
99,73,98,27,1,2,243
99,73,357,134,0,17,531
99,73,478,170,0,17,1833
99,73,478,170,0,17,1426
99,73,478,170,0,17,1010
99,377,279,171,0,17,998
99,377,279,171,0,17,999
99,83,357,134,0,17,531
99,83,338,170,0,17,1010
99,83,357,134,0,17,513
99,83,377,198,0,17,157
99,73,357,134,0,17,377
99,73,510,177,0,17,464
99,73,510,177,0,17,521
99,73,357,134,0,17,531
99,73,478,170,0,17,1426
99,73,478,170,0,17,1833
99,73,478,170,0,17,1010
99,73,510,177,0,17,534
99,73,417,177,0,17,294
99,73,417,177,0,17,234
99,73,417,177,0,17,324
99,73,417,177,0,17,263
99,73,417,177,0,17,335
99,73,357,134,0,17,492
99,73,417,177,1,2,324
99,73,417,177,1,2,263
99,73,417,177,1,2,335
99,73,271,79,0,13,891
99,73,417,177,0,17,303
99,73,417,177,0,17,262
99,73,357,134,0,17,505
99,73,357,134,0,17,531
99,73,478,170,0,17,1010
99,73,20,177,0,17,536
99,86,526,133,1,2,377
99,86,240,134,0,1,531
99,86,105,146,0,2,377
99,86,309,25,0,0,377
99,86,98,27,0,17,951
99,86,316,125,1,2,496
99,86,98,27,0,17,298
99,86,17,134,0,17,531
99,86,18,134,1,17,531
99,86,18,134,0,17,377
99,86,105,146,0,2,377
99,86,147,136,0,2,498
99,86,283,100,0,7,377
99,251,95,170,0,17,377
99,251,95,170,0,17,1010
99,251,98,25,0,17,43
99,251,94,28,0,17,43
99,251,113,28,0,17,43
99,72,287,98,1,2,43
99,72,512,170,0,2,1010
99,72,376,171,1,2,43
99,107,124,25,0,13,43
99,106,5,179,0,2,1424
99,106,5,179,0,2,1058
99,106,5,179,0,2,1053
99,106,14,87,0,2,377
99,106,14,87,0,2,43
99,106,14,87,0,2,1123
99,106,14,87,0,2,1064
99,106,13,126,0,2,43
99,106,412,170,0,2,377
99,106,14,87,0,2,987
99,106,329,170,0,2,1150
99,106,329,170,0,2,1007
99,106,98,25,0,2,948
99,106,67,191,1,2,411
99,106,67,191,1,2,1358
99,106,5,179,1,2,698
99,106,67,191,1,2,209
99,106,67,191,1,2,212
99,106,329,170,1,2,1362
99,106,329,170,1,2,1020
99,106,243,188,0,2,0
99,106,412,170,0,2,1018
99,106,189,63,0,2,377
99,106,82,191,0,2,429
99,106,82,191,0,2,160
99,106,189,63,0,2,43
99,106,190,87,0,2,43
99,106,190,87,0,2,1123
99,106,190,87,0,2,1064
99,106,13,126,0,2,43
99,106,412,170,0,2,377
99,106,190,87,0,2,987
99,106,13,126,0,2,43
99,106,412,170,0,2,377
99,106,413,148,0,2,43
99,106,329,170,0,2,1152
99,106,66,191,1,2,1358
99,106,5,179,1,2,698
99,106,66,191,1,2,209
99,106,66,191,1,2,212
99,106,189,63,0,2,377
99,106,189,63,0,2,43
99,106,190,87,0,2,43
99,106,190,87,0,2,1123
99,106,190,87,0,2,1064
99,106,13,126,0,2,43
99,106,412,170,0,2,377
99,106,190,87,0,2,987
99,106,13,126,0,2,43
99,106,412,170,0,2,377
99,106,413,148,0,2,43
99,106,412,170,0,2,1623
99,106,200,124,0,2,707
99,184,14,98,0,2,43
99,184,376,171,1,2,43
99,184,108,188,1,2,0
99,184,461,188,0,2,0
99,105,190,87,0,2,43
99,105,190,87,0,2,1123
99,105,190,87,0,2,1064
99,105,190,87,0,2,987
99,105,13,126,0,2,43
99,105,412,170,0,2,377
99,105,413,148,0,2,43
99,105,412,170,0,2,1623
99,105,200,124,0,2,707
99,209,193,123,0,17,707
99,209,412,170,0,17,1606
99,220,5,179,0,17,1715
99,220,255,26,0,17,1001
99,220,5,179,0,2,1710
99,220,254,26,0,2,993
99,220,515,26,0,2,1711
99,220,5,179,0,2,901
99,220,328,130,0,2,1709
99,220,5,179,0,13,1681
99,220,238,198,0,13,153
99,220,515,26,0,13,1658
99,220,238,198,0,2,1712
99,220,254,26,0,2,1234
99,220,515,26,0,2,1713
99,220,321,188,0,2,0
99,220,14,87,0,17,43
99,220,483,25,0,17,377
99,220,483,25,0,17,1417
99,220,5,179,0,2,1710
99,220,254,26,0,2,993
99,220,515,26,0,2,1711
99,220,5,179,0,2,901
99,220,328,130,0,2,1709
99,220,5,179,0,13,1681
99,220,238,198,0,13,153
99,220,515,26,0,13,1658
99,220,238,198,0,2,1712
99,220,254,26,0,2,1234
99,220,515,26,0,2,1713
99,220,321,188,0,2,0
99,220,14,87,0,17,43
99,239,287,98,0,17,43
99,239,213,171,1,17,1001
99,239,5,179,0,13,1673
99,239,238,198,0,13,106
99,239,213,171,0,13,1658
99,239,238,198,0,17,1910
99,239,213,171,0,17,1909
99,239,412,170,0,17,769
99,239,5,179,0,13,1673
99,239,238,198,0,13,106
99,239,213,171,0,13,1658
99,239,238,198,0,17,1910
99,239,213,171,0,17,1909
99,239,412,170,0,17,769
99,239,98,25,0,17,882
99,239,98,25,0,17,883
99,238,510,177,0,17,521
99,238,510,177,0,17,464
99,238,484,177,0,17,306
99,191,510,177,0,17,521
99,191,510,177,0,17,464
99,382,510,177,0,17,521
99,164,510,177,0,17,521
99,164,510,177,0,17,534
99,181,483,25,0,17,26
99,181,483,25,0,17,43
99,216,14,98,0,17,377
99,206,14,98,0,17,377
99,123,338,170,0,17,1010
99,123,338,170,0,17,377
99,123,338,170,0,17,1018
99,166,208,177,1,2,521
99,166,10,177,0,2,536
99,166,5,179,0,2,2014
99,166,520,184,0,2,998
99,166,208,177,0,2,465
99,166,276,177,0,2,377
99,165,208,177,0,8,521
99,165,10,177,0,2,536
99,165,5,179,0,2,2014
99,165,520,184,0,2,998
99,165,10,177,1,7,464
99,165,274,25,0,7,1420
99,115,416,25,1,2,248
99,115,416,25,1,2,906
99,115,416,25,1,2,907
99,115,416,25,1,2,909
99,115,416,25,1,2,904
99,115,510,177,1,2,521
99,213,510,177,1,17,465
99,213,510,177,1,17,521
99,247,328,130,0,17,377
100,254,337,198,0,13,1649
100,254,5,186,0,17,959
100,254,468,17,0,17,1727
100,255,5,186,0,17,959
100,255,468,17,0,17,1727
100,126,35,198,1,17,434
100,126,152,198,0,17,445
100,126,150,198,0,17,1579
100,126,35,198,1,17,1267
100,126,152,198,0,17,445
100,126,150,198,0,17,1579
100,126,35,198,1,17,1266
100,126,152,198,0,17,445
100,126,150,198,0,17,1579
100,126,35,198,1,17,1265
