15,41,200,184,7,0,0,12,0
14,162,128,185,134,0,5,16,0
13,43,0,35,33,0,0,16,0
14,166,386,161,30,1,0,16,0
6,123,0,14,33,0,1,15,1
14,162,105,184,61,0,1,16,0
6,123,49,137,28,0,7,14,0
20,278,36,6,40,0,0,14,0
14,162,0,36,33,0,7,16,0
29,208,179,58,30,1,0,16,0
47,131,0,129,33,0,2,16,0
40,108,7,161,24,0,1,18,1
27,201,188,9,25,0,0,16,0
55,123,362,134,154,0,5,16,0
47,48,416,145,24,0,5,18,1
45,88,153,161,121,0,1,16,0
3,123,363,9,123,0,0,14,0
5,162,0,13,33,0,0,16,0
20,278,406,184,161,0,0,16,0
28,35,90,49,30,1,0,16,0
8,123,374,9,148,0,5,16,0
14,167,0,36,33,0,0,16,0
47,48,0,129,33,0,0,16,0
23,159,0,61,33,0,0,16,0
61,222,406,184,161,0,0,16,0
54,56,98,185,30,1,0,16,0
12,130,0,34,33,0,11,16,1
14,162,115,185,30,1,1,16,0
0,0,63,20,30,1,0,16,0
0,0,332,99,30,1,1,16,0
31,115,299,179,30,1,0,16,0
31,18,313,149,30,1,1,16,0
5,162,387,184,135,0,0,16,0
45,19,339,184,7,0,1,16,0
47,45,382,141,121,0,1,16,0
15,41,141,47,30,1,5,14,1
5,114,0,13,33,0,8,16,1
17,98,0,45,33,0,1,15,0
49,277,430,160,121,0,1,16,0
14,166,269,184,132,0,5,16,1
15,216,0,42,33,0,8,15,1
5,162,292,179,27,0,0,16,0
61,85,348,184,30,1,0,16,0
64,199,30,184,1,0,0,16,0
23,263,200,184,7,0,1,18,1
11,34,204,185,5,0,1,17,1
55,135,140,77,30,1,9,16,1
30,218,295,179,112,0,1,16,1
14,69,0,36,33,0,1,16,1
14,166,196,184,132,0,7,16,0
61,86,60,129,72,0,5,19,1
5,162,406,184,161,0,0,16,0
37,105,0,89,33,0,5,16,1
61,23,96,129,28,0,1,0,0
14,166,240,184,30,1,0,16,0
4,260,141,47,63,0,1,18,1
49,277,0,131,33,0,0,15,0
45,213,0,125,33,0,0,15,0
14,166,386,161,30,1,0,16,0
65,276,29,184,28,0,0,16,0
55,123,0,139,25,0,9,15,0
6,40,200,184,7,0,0,16,0
31,181,0,71,33,0,0,14,0
45,19,44,181,30,1,0,16,0
55,93,377,184,49,0,0,16,0
29,196,205,179,0,0,0,16,0
55,123,373,137,41,0,1,16,0
14,162,104,161,179,0,5,16,0
8,123,374,9,148,0,5,16,0
61,245,285,179,27,0,0,16,0
5,162,0,13,33,0,0,16,0
39,278,41,185,8,0,0,16,0
14,162,314,179,27,0,0,16,0
14,166,254,106,117,0,8,14,1
61,63,285,179,30,1,0,16,0
0,0,474,161,30,1,0,16,0
8,123,349,130,24,0,0,16,0
48,175,197,72,30,1,1,16,0
38,162,69,161,121,0,5,16,0
34,25,0,75,33,0,1,16,0
37,105,408,145,30,1,0,16,0
15,204,229,161,169,0,0,16,0
33,164,254,106,117,0,1,16,0
61,245,0,157,121,0,2,15,1
15,224,359,179,153,0,1,16,1
61,245,140,77,30,1,7,16,0
8,123,374,9,148,0,5,16,1
38,162,0,107,33,0,0,16,0
59,234,0,149,33,0,5,16,1
34,25,298,6,30,1,0,14,0
29,198,293,184,5,0,1,16,0
55,123,367,179,32,0,1,16,1
40,267,0,112,33,0,0,16,0
17,98,30,184,5,0,10,6,1
14,162,135,161,121,0,8,16,0
14,162,393,179,27,0,0,16,0
41,252,463,168,88,0,0,16,0
29,212,169,180,30,1,1,16,0
19,193,41,185,30,1,1,16,1
0,0,132,46,30,1,1,16,0
6,123,0,14,33,0,1,14,0
44,197,162,25,30,1,1,18,0
14,162,24,184,61,0,0,16,0
27,201,183,96,30,1,0,16,0
33,265,380,9,25,0,0,14,0
45,19,232,184,30,1,0,16,0
22,78,0,60,33,0,0,15,0
33,243,324,184,30,1,0,16,0
47,45,94,35,25,0,1,16,1
12,78,446,34,24,0,8,16,1
6,123,289,185,58,0,0,16,0
49,7,243,171,30,1,0,16,0
5,162,286,179,27,0,0,16,0
3,123,462,179,27,0,1,16,1
64,199,0,173,1,0,13,15,1
29,212,238,184,30,1,5,16,1
47,59,348,184,30,1,0,16,0
47,45,95,94,53,0,1,16,0
45,19,233,182,30,1,5,16,0
5,162,284,179,27,0,0,16,0
28,151,427,184,28,0,0,18,0
55,93,265,161,118,0,8,16,0
55,123,0,139,25,0,9,15,1
11,34,247,129,121,0,0,16,0
62,158,390,163,30,1,5,16,0
42,126,14,111,30,1,0,16,0
52,97,338,123,30,1,1,16,1
5,162,284,179,27,0,0,16,0
28,35,447,77,28,0,7,16,1
8,123,397,185,58,0,0,16,0
34,25,200,184,44,0,1,18,1
6,123,280,137,138,0,5,14,0
5,162,273,161,120,0,5,16,0
14,162,302,184,61,0,1,16,0
2,33,176,179,27,0,0,16,1
62,53,0,170,33,0,0,16,0
5,162,287,179,27,0,0,16,0
18,271,41,185,30,1,0,18,0
0,0,474,161,30,1,0,16,0
33,264,406,184,161,0,0,16,0
34,143,406,184,161,0,0,16,0
6,22,0,14,33,0,8,16,0
55,123,65,21,30,1,0,16,0
28,35,0,67,121,0,5,16,0
45,19,232,184,30,1,0,16,0
45,99,470,161,177,0,0,16,0
49,277,492,174,26,0,0,16,0
0,0,410,154,30,1,1,16,0
5,162,324,184,162,0,9,16,0
15,41,147,48,28,0,8,16,0
55,93,381,140,29,0,0,16,0
58,226,411,161,86,0,0,5,0
45,19,232,184,30,1,0,16,0
6,140,480,137,30,1,1,16,1
31,239,169,180,28,0,0,16,0
14,162,24,184,61,0,0,16,0
39,278,34,135,28,0,0,16,0
39,278,300,184,7,0,0,16,0
47,49,476,75,180,0,0,16,0
0,0,63,20,30,1,0,16,0
14,166,386,161,30,1,0,16,0
47,80,94,35,30,1,0,16,0
55,93,394,122,29,0,1,16,0
13,51,0,35,27,0,1,16,1
45,19,339,184,7,0,1,16,0
44,90,0,120,33,0,0,16,0
23,159,0,61,33,0,1,16,0
48,175,89,129,30,1,0,16,0
14,162,199,179,27,0,0,16,0
31,60,41,184,30,1,0,16,0
17,110,0,45,33,0,8,15,0
19,193,405,6,30,1,0,16,0
49,277,323,11,136,0,5,16,0
13,51,0,35,27,0,1,16,0
47,249,476,75,30,1,5,16,1
14,166,254,106,117,0,8,16,0
28,35,425,49,30,1,0,16,0
42,126,250,108,90,0,1,16,1
28,173,0,67,33,0,1,16,1
5,162,268,184,135,0,0,16,0
14,162,107,161,179,0,1,16,0
3,123,65,21,30,1,0,16,0
61,245,285,179,27,0,0,16,0
14,166,269,184,132,0,5,16,0
42,125,442,164,30,1,0,17,0
6,40,406,184,161,0,0,16,0
9,27,0,20,33,0,9,14,0
58,226,334,122,30,1,7,16,0
45,88,488,161,121,0,5,16,0
8,123,65,21,30,1,0,16,0
33,164,208,184,110,0,1,16,0
9,27,403,11,160,0,5,16,0
45,88,200,184,7,0,0,16,0
34,191,0,75,33,0,0,16,0
14,166,386,161,30,1,0,16,0
2,33,176,179,27,0,0,16,0
5,162,387,184,135,0,0,16,0
15,216,0,42,33,0,8,15,1
40,267,193,161,27,1,12,16,1
55,93,89,32,52,0,0,16,0
28,151,422,69,25,0,1,18,1
49,277,430,160,26,0,1,16,1
58,227,476,75,30,1,0,14,0
45,99,384,163,74,0,7,16,1
64,199,0,173,0,0,13,15,1
14,257,173,179,30,1,0,16,0
14,162,476,75,30,1,0,16,0
17,89,20,161,70,0,0,19,0
28,151,364,96,30,1,0,16,0
47,59,476,75,30,1,0,16,0
61,63,358,179,30,1,0,16,0
58,226,411,161,33,0,0,16,0
33,265,379,61,30,1,0,16,0
15,204,147,48,25,0,1,17,0
64,195,80,184,28,0,0,18,0
55,135,140,77,30,1,9,17,1
34,25,142,161,30,1,1,18,1
56,8,334,122,30,1,1,16,0
45,88,137,182,83,0,1,16,0
17,116,0,45,28,0,4,15,1
0,0,417,146,30,1,0,16,0
30,5,201,184,30,1,0,16,0
34,25,240,184,30,1,1,18,0
47,59,373,137,41,0,1,16,0
5,162,57,179,27,0,1,16,0
47,45,92,179,30,1,1,16,0
29,198,238,184,30,1,1,16,0
5,162,303,161,178,0,0,18,0
42,125,250,108,90,0,1,16,1
6,140,279,134,30,1,5,18,1
45,19,267,184,6,0,0,5,0
14,166,120,184,132,0,7,16,0
5,114,380,162,25,0,1,14,0
3,123,0,5,33,0,0,15,0
61,245,285,179,27,0,0,16,0
45,19,145,184,9,0,0,5,0
45,99,0,125,33,0,5,16,1
62,70,211,161,30,1,0,16,0
49,161,0,131,33,0,7,16,1
5,162,222,179,27,0,0,16,0
29,211,0,68,33,0,0,14,0
27,210,187,96,171,0,0,16,0
61,85,0,157,33,0,8,16,1
8,123,65,21,30,1,0,16,0
28,4,0,67,29,0,5,15,1
33,112,373,137,30,1,7,16,0
40,108,433,29,98,0,1,16,0
47,45,491,184,30,1,0,16,0
12,78,297,111,30,1,5,16,0
14,162,105,184,61,0,1,16,0
63,36,80,184,30,1,10,5,1
0,0,474,161,30,1,0,16,0
2,33,465,176,71,0,8,16,1
4,184,141,47,63,0,1,16,1
14,162,0,36,33,0,7,14,0
14,163,187,61,30,1,0,16,0
49,160,80,184,30,1,1,16,1
47,45,94,35,25,0,1,16,0
15,203,0,42,33,0,7,16,1
8,123,89,129,24,0,1,16,0
4,97,362,134,30,1,1,16,1
47,45,92,179,30,1,1,16,0
14,162,26,161,29,0,0,16,0
0,0,410,154,30,1,1,16,0
8,123,362,134,154,0,7,16,0
31,96,169,180,30,1,0,16,0
14,162,302,184,61,0,1,16,0
14,166,324,184,59,1,0,16,0
55,93,0,139,33,0,7,16,0
49,277,353,184,26,0,1,16,1
49,232,0,131,33,0,7,14,1
55,93,377,184,49,0,0,16,0
15,71,147,48,80,0,9,16,1
6,140,375,83,30,1,1,16,1
13,43,93,34,80,0,1,17,1
14,166,270,184,32,0,5,16,1
33,164,66,161,30,1,0,16,0
14,166,145,184,59,0,0,16,0
45,19,232,184,30,1,0,16,0
47,59,365,161,4,0,0,16,0
28,35,425,49,30,1,0,16,0
14,166,120,184,132,0,7,16,0
17,98,0,45,33,0,1,15,0
3,123,0,5,33,0,0,14,0
12,248,438,163,101,0,0,13,0
14,162,400,161,30,1,0,16,0
48,175,362,134,30,1,1,16,0
49,32,0,131,33,0,0,16,0
4,260,407,151,26,0,0,16,0
14,162,400,161,30,1,0,16,0
39,278,98,185,54,0,1,17,0
55,123,357,179,27,0,0,16,0
33,265,0,74,33,0,0,16,0
6,140,0,14,33,0,0,16,0
47,45,0,129,121,0,8,16,0
17,110,369,184,1,0,9,16,0
34,191,380,102,25,0,0,14,0
61,245,408,152,33,0,0,16,0
16,91,330,179,30,1,0,16,0
21,97,452,167,30,1,0,16,0
30,253,0,69,33,0,1,16,0
29,211,427,184,30,1,1,16,0
61,63,358,179,30,1,0,16,0
65,10,218,179,30,1,0,16,0
14,162,104,161,179,0,5,16,0
61,63,0,157,27,0,2,14,1
55,93,480,137,30,1,7,16,1
9,27,320,98,73,0,1,16,0
14,162,135,161,130,0,8,16,0
45,99,136,163,166,0,1,16,1
14,139,0,36,33,0,7,16,1
14,166,240,184,30,1,0,16,0
3,123,462,179,27,0,1,16,0
5,162,406,184,161,0,0,16,0
29,208,427,184,30,1,1,16,0
45,19,113,184,7,0,1,12,0
36,105,0,88,33,0,0,16,0
55,93,388,179,69,0,1,16,0
33,164,200,184,68,0,0,16,0
40,267,193,161,30,1,12,16,1
28,151,298,179,30,1,0,16,0
60,162,80,184,132,0,0,16,0
14,162,199,179,27,0,0,16,0
61,85,348,184,30,1,0,16,0
47,48,0,129,29,0,0,16,0
12,17,416,145,30,1,0,14,0
65,276,41,185,30,1,5,16,0
9,27,64,184,161,0,0,16,0
65,276,221,179,30,1,0,16,0
60,162,83,184,21,0,7,16,0
40,108,8,81,24,0,5,16,1
15,204,241,161,30,1,8,14,1
61,85,88,184,30,1,0,16,0
5,162,261,184,32,0,0,16,0
34,25,322,179,30,1,1,3,0
8,123,349,130,24,0,0,16,0
15,204,168,184,110,0,9,16,1
61,85,395,140,33,0,1,16,0
45,19,114,184,28,0,5,12,0
45,19,249,184,7,0,0,16,0
34,25,82,184,50,0,2,16,0
4,184,147,48,25,0,0,16,0
14,162,135,161,130,0,8,18,1
30,24,58,179,2,0,0,16,0
24,28,45,180,82,0,5,16,1
64,199,29,184,1,0,0,16,0
5,162,0,13,33,0,0,16,0
9,27,64,184,161,0,0,16,0
14,162,192,179,27,0,0,16,0
61,245,428,159,24,0,5,16,1
31,61,427,184,30,1,0,16,0
65,276,29,184,29,0,0,16,0
61,85,88,184,30,1,0,16,0
15,97,147,48,80,0,5,16,0
8,123,89,129,24,0,1,14,0
13,43,416,145,30,1,1,14,0
14,162,135,161,121,0,8,16,0
28,279,316,118,30,1,1,14,1
62,255,386,161,30,1,0,16,0
8,123,349,130,24,0,0,16,0
34,25,324,184,30,1,0,16,0
43,23,0,118,33,0,5,16,1
28,244,0,67,33,0,0,15,0
9,27,402,11,121,0,5,16,0
5,162,284,179,27,0,0,16,0
12,78,0,34,33,0,13,15,1
14,162,314,179,27,0,0,16,0
47,49,467,134,57,0,1,16,0
45,19,114,184,28,0,5,12,0
31,229,0,71,33,0,1,16,1
6,140,279,134,30,1,5,14,1
28,274,36,6,30,1,0,16,0
5,162,324,184,162,0,9,16,0
28,151,299,179,32,0,0,18,0
39,278,300,184,7,0,0,16,0
14,162,240,184,115,0,0,16,0
0,0,417,146,30,1,0,16,0
14,169,476,75,30,1,0,16,0
17,116,0,45,33,0,4,15,1
49,35,80,184,30,1,0,16,0
55,221,479,134,30,1,1,16,1
15,203,242,184,7,0,0,16,0
31,115,169,180,28,0,0,16,0
28,182,427,184,30,1,1,18,1
44,197,0,120,33,0,0,14,0
55,221,0,139,33,0,7,16,0
14,162,0,36,33,0,7,16,0
17,98,31,184,33,0,10,16,0
23,256,380,104,25,0,0,14,0
47,45,95,94,53,0,1,16,0
49,160,351,161,30,1,0,18,0
34,171,324,184,30,1,0,16,0
55,135,367,179,30,1,0,16,0
15,97,229,161,30,1,0,16,0
5,162,222,179,27,0,0,16,0
62,39,0,170,33,0,1,16,1
6,40,0,14,33,0,5,15,1
34,25,481,6,121,0,1,10,0
56,8,0,140,33,0,0,16,0
6,40,0,14,33,0,5,16,0
5,162,460,184,28,0,0,16,0
28,151,170,179,187,0,0,16,0
9,27,494,176,24,0,0,16,0
40,108,147,91,24,0,5,16,0
17,89,19,161,126,0,7,16,1
5,162,482,161,182,0,9,16,0
55,123,171,134,76,0,7,16,0
15,41,435,179,30,1,5,16,0
65,273,238,184,161,0,1,16,0
38,162,468,161,175,0,0,16,0
45,99,167,184,33,0,0,16,0
6,40,406,184,161,0,0,16,0
40,267,193,161,27,1,12,16,0
40,268,406,184,161,0,0,16,0
15,224,0,42,33,0,5,16,0
61,85,408,152,121,0,0,16,0
8,123,0,17,33,0,1,16,0
28,35,90,49,30,1,0,16,0
34,25,6,179,30,1,5,17,1
2,33,45,184,7,0,0,16,0
58,226,0,142,25,0,0,15,0
29,212,169,180,30,1,1,16,1
61,86,92,179,30,1,0,16,0
27,117,406,184,161,0,0,16,0
61,245,140,77,30,1,7,16,0
8,123,0,17,33,0,1,16,0
28,35,430,70,173,0,1,16,0
34,143,273,161,80,0,0,16,0
5,162,406,184,161,0,0,16,0
5,162,222,179,27,0,0,16,0
62,124,390,163,30,1,0,16,0
55,123,65,21,30,1,0,16,0
33,265,364,61,30,1,0,14,0
33,164,389,161,169,0,0,17,0
29,198,236,184,145,0,0,16,0
31,239,427,184,7,0,0,16,0
34,186,200,184,12,0,1,5,1
60,162,262,161,27,0,0,16,0
31,115,468,180,28,0,0,16,0
42,127,14,111,30,1,0,16,0
5,162,271,179,27,0,0,16,0
8,123,0,17,33,0,1,16,0
11,179,0,33,27,0,0,15,0
5,162,57,179,27,0,1,16,0
63,36,0,172,33,0,0,16,0
28,279,310,184,30,1,0,16,0
55,93,363,9,123,0,0,14,0
44,197,0,120,33,0,0,16,0
47,48,94,35,30,1,0,16,0
0,0,95,94,30,1,1,16,0
62,20,0,170,33,0,9,15,1
31,111,149,49,30,1,1,16,0
16,91,56,41,30,1,1,16,1
14,162,393,179,27,0,0,16,0
33,168,392,185,133,0,5,17,1
65,276,41,185,30,1,5,17,1
65,276,221,179,30,1,0,16,0
34,25,322,179,30,1,1,16,1
34,25,298,6,30,1,0,14,0
42,103,74,24,30,1,0,16,0
39,278,111,179,30,1,0,17,0
14,162,115,185,30,1,1,5,0
3,55,108,95,30,1,0,16,0
14,162,135,161,121,0,8,16,0
16,178,55,2,125,0,1,18,1
39,278,405,7,30,1,0,16,0
55,93,0,139,33,0,7,16,0
5,162,255,184,135,0,0,16,0
34,191,324,184,7,0,0,16,0
49,32,373,137,30,1,1,14,1
47,45,92,179,30,1,1,16,0
49,232,118,11,30,1,1,16,1
14,162,157,185,4,0,5,16,1
31,181,0,71,33,0,0,16,1
39,278,34,135,28,0,0,16,0
55,93,252,179,152,0,1,16,1
9,27,494,176,24,0,0,16,0
30,37,0,69,33,0,9,16,1
44,90,0,120,33,0,0,16,0
49,280,492,174,33,0,0,16,0
40,108,468,184,30,1,1,16,1
29,211,0,68,33,0,0,14,0
39,278,187,61,28,0,1,14,1
3,123,462,179,27,0,1,16,0
30,219,187,96,30,1,0,16,0
27,201,188,9,25,0,0,16,0
28,151,205,179,27,0,0,16,0
49,277,353,184,32,0,1,0,0
2,33,193,161,30,1,0,16,0
15,204,147,48,25,0,1,16,0
14,162,240,184,115,0,0,16,0
4,184,373,137,30,1,5,14,1
14,162,307,161,121,0,5,16,0
31,60,413,6,30,1,0,16,0
48,175,0,130,33,0,13,15,1
40,267,0,112,33,0,1,16,1
33,219,187,61,30,1,0,16,0
45,88,136,163,30,1,0,16,0
29,212,0,68,33,0,0,14,0
3,123,462,179,27,0,1,16,0
1,44,0,1,33,0,5,15,0
47,45,0,129,121,0,8,15,1
47,45,95,94,53,0,1,16,0
61,85,395,140,33,0,1,16,0
5,162,284,179,27,0,0,16,0
15,204,391,184,110,0,8,16,0
6,40,406,184,161,0,0,16,0
23,263,380,102,121,0,1,10,0
5,162,268,184,135,0,0,16,0
55,93,377,184,49,0,0,16,0
5,162,261,184,32,0,0,16,0
28,151,0,67,12,0,0,15,0
45,19,145,184,9,0,0,16,0
34,25,6,179,30,1,1,18,1
24,28,273,11,30,1,0,14,0
49,232,118,11,30,1,1,16,0
27,201,406,184,161,0,0,16,0
55,221,140,77,30,1,1,16,0
14,162,476,75,30,1,0,16,0
29,211,0,68,33,0,0,14,0
28,274,0,67,33,0,1,15,0
34,171,240,184,30,1,0,18,0
49,35,80,184,30,1,0,16,0
47,131,0,129,33,0,2,16,1
17,110,110,184,9,0,0,16,0
14,162,314,179,27,0,0,16,0
15,41,141,47,30,1,5,14,0
39,278,34,135,28,0,0,16,0
28,238,0,67,33,0,0,16,1
2,269,457,176,30,1,1,16,1
6,22,48,15,30,1,1,16,1
14,162,107,161,179,0,1,16,0
65,276,41,185,30,1,5,16,0
5,114,0,13,33,0,8,15,1
32,162,110,184,28,0,0,16,0
49,277,492,174,26,0,0,16,0
2,33,45,184,7,0,0,16,0
5,162,387,184,32,0,0,16,0
31,60,0,71,33,0,0,16,1
14,162,107,161,179,0,1,16,0
5,162,187,61,30,1,0,16,0
5,162,292,179,27,0,0,16,0
45,19,87,184,5,0,7,16,1
49,232,175,184,30,1,0,16,0
27,201,181,60,80,0,1,16,0
10,94,0,23,33,0,0,16,0
1,137,239,184,30,1,0,16,0
5,162,287,179,27,0,0,16,0
6,123,47,137,29,0,5,16,0
55,123,373,137,41,0,1,5,1
33,242,324,184,30,1,1,16,1
23,263,273,161,30,1,1,16,0
12,78,0,34,33,0,13,16,1
15,97,0,42,33,0,5,16,0
29,215,207,185,29,0,1,18,1
29,211,427,184,30,1,1,16,0
54,56,69,22,28,0,1,10,0
65,10,405,7,30,1,1,16,1
26,95,0,65,33,0,0,16,0
28,35,425,49,30,1,0,16,0
29,212,201,186,19,0,0,16,0
8,123,374,9,148,0,5,16,0
4,184,0,12,33,0,0,16,0
5,162,222,179,27,0,0,16,0
55,135,0,139,33,0,0,16,0
62,30,0,170,33,0,0,16,0
6,123,421,16,80,0,0,16,0
8,123,349,130,24,0,0,16,0
34,171,324,184,30,1,0,16,0
0,0,132,46,30,1,1,16,0
31,250,299,179,30,1,0,16,0
34,143,200,184,12,0,1,16,1
28,35,425,49,30,1,0,16,0
29,211,169,180,30,1,0,16,0
34,25,324,184,30,1,0,16,0
15,204,391,184,110,0,8,18,1
6,123,65,21,30,1,0,14,0
45,19,249,184,7,0,0,16,0
11,34,248,185,28,0,5,16,0
5,162,460,184,28,0,0,16,0
47,48,417,146,167,0,0,16,0
49,277,430,160,26,0,1,16,0
28,274,41,185,30,1,1,16,1
63,261,0,172,33,0,0,16,0
25,58,98,185,30,1,1,18,1
14,162,23,161,179,0,10,16,1
14,162,199,179,27,0,0,16,0
40,108,0,112,33,0,0,16,0
14,62,324,184,30,1,0,16,0
47,45,0,129,33,0,8,16,0
11,179,200,184,7,0,0,20,0
4,184,373,137,30,1,5,16,0
14,162,476,75,30,1,0,16,0
17,98,325,184,30,1,1,16,0
35,14,444,110,25,0,0,16,0
45,19,342,184,5,0,1,16,0
23,159,275,161,47,1,7,16,1
25,145,476,75,30,1,0,16,0
14,69,135,161,30,1,7,16,1
58,101,409,79,30,1,0,14,0
21,97,0,59,33,0,0,16,0
65,272,351,11,30,1,5,0,1
64,199,30,184,1,0,0,16,0
17,100,0,45,33,0,5,15,1
60,162,331,121,33,0,0,16,0
15,41,200,184,7,0,5,5,1
39,278,111,179,30,1,0,16,1
2,33,457,176,24,0,5,16,1
49,277,430,160,26,0,1,0,0
51,56,99,107,30,1,0,16,0
61,85,92,179,30,1,0,16,0
47,45,491,184,30,1,0,16,0
55,93,394,122,29,0,1,16,0
5,162,324,184,162,0,9,16,0
33,219,108,95,129,0,1,16,1
14,166,196,184,132,0,7,16,1
40,267,193,161,175,1,1,18,0
45,19,267,184,6,0,0,16,0
14,162,104,161,179,0,5,16,0
55,221,367,179,30,1,5,16,0
14,163,200,184,7,0,0,16,0
65,276,220,179,30,1,0,16,0
27,117,200,184,7,0,0,18,0
25,58,98,185,30,1,1,16,0
47,45,348,184,30,1,0,16,0
65,273,294,184,30,1,0,16,0
40,267,9,102,97,0,1,16,0
6,40,161,161,120,0,7,16,1
32,162,482,161,30,1,5,16,1
32,162,174,39,22,0,1,14,1
17,98,325,184,30,1,1,16,1
47,80,0,129,28,0,8,15,1
34,25,82,184,50,0,10,16,1
45,19,340,184,5,0,5,11,1
31,251,0,71,33,0,0,16,1
61,85,380,129,33,0,1,16,0
2,33,344,40,25,0,0,16,0
47,59,348,184,30,1,0,16,0
14,166,196,184,132,0,7,16,0
15,204,230,184,4,0,0,16,0
31,111,235,184,30,1,0,16,0
55,123,172,184,7,0,1,16,0
5,162,223,179,27,0,0,16,0
45,19,155,179,27,0,0,16,0
29,198,238,184,30,1,1,16,0
42,126,0,114,33,0,0,16,0
40,267,0,112,33,0,0,16,0
14,166,269,184,132,0,5,16,0
42,102,74,24,30,1,0,16,0
14,162,0,36,33,0,7,14,0
14,166,0,36,33,0,0,16,0
49,32,184,161,105,0,1,16,0
0,0,195,62,30,1,0,16,0
5,162,268,184,32,0,0,16,0
11,34,206,184,7,0,1,16,0
0,0,63,20,30,1,0,16,0
15,41,147,48,28,0,8,17,0
15,41,200,184,7,0,5,16,1
34,171,200,184,44,0,1,16,0
49,230,0,131,33,0,1,15,1
62,39,0,170,33,0,0,16,0
29,136,238,184,30,1,1,21,0
15,204,0,42,25,0,0,16,0
17,192,0,45,28,0,10,15,1
42,128,443,165,102,0,1,17,1
55,123,373,137,41,0,1,19,0
36,105,408,145,30,1,0,16,0
61,85,0,157,33,0,8,15,1
15,224,0,42,27,0,5,16,1
5,162,255,184,32,0,0,16,0
4,202,413,8,30,1,0,16,0
49,121,273,161,30,1,0,16,0
5,162,284,179,27,0,0,16,0
25,58,0,64,33,0,0,14,0
45,88,234,182,28,0,0,16,0
65,276,221,179,30,1,0,16,0
34,25,142,161,30,1,1,14,0
34,190,0,75,33,0,5,15,1
45,19,145,184,9,0,0,16,0
3,123,34,135,39,0,1,16,0
34,143,298,162,30,1,0,14,0
14,139,476,75,30,1,5,16,1
14,166,390,184,132,0,5,16,0
47,49,0,129,33,0,0,16,0
9,27,320,98,73,0,1,16,0
27,201,200,184,7,0,0,16,0
14,162,0,36,33,0,7,16,0
29,194,179,58,30,1,1,16,1
1,44,416,145,30,1,1,18,1
47,45,94,35,25,0,1,16,0
55,123,65,21,30,1,0,16,0
55,93,480,137,30,1,7,14,0
29,198,427,184,30,1,1,16,0
5,162,200,184,7,0,0,16,0
39,278,41,185,8,0,0,16,0
38,162,386,184,68,0,0,16,0
5,162,292,179,27,0,0,16,0
58,101,0,142,33,0,0,16,0
6,40,0,14,33,0,5,15,1
5,162,271,179,27,0,0,16,0
14,162,393,179,27,0,0,16,0
47,131,381,140,30,1,8,16,0
14,166,254,106,117,0,8,16,0
47,59,34,155,124,0,0,16,0
14,162,0,36,33,0,7,16,0
29,198,150,184,145,0,0,16,0
31,181,468,180,28,0,0,16,0
1,105,408,145,30,1,1,16,1
14,162,0,36,33,0,7,14,0
54,21,0,138,33,0,1,16,0
11,66,0,33,33,0,0,16,1
47,45,348,184,30,1,0,16,0
65,276,30,184,28,0,0,16,0
29,194,179,58,30,1,1,16,0
65,276,30,184,28,0,0,18,0
49,35,351,161,30,1,1,16,0
14,162,314,179,27,0,0,16,0
45,19,267,184,6,0,0,16,0
15,204,241,161,30,1,8,16,0
9,27,402,11,121,0,5,10,0
28,173,317,184,33,0,0,16,0
49,232,175,184,30,1,0,16,0
14,162,199,179,27,0,0,16,0
14,62,45,184,43,0,0,16,0
14,162,192,179,27,0,0,16,0
38,162,434,161,175,0,0,16,0
51,56,163,53,30,1,1,16,1
5,162,57,179,27,0,1,16,0
64,199,372,179,0,0,1,16,0
15,204,241,161,30,1,8,5,0
14,163,108,95,25,0,1,16,1
0,0,337,124,30,1,1,16,1
29,198,179,58,30,1,0,16,0
4,11,0,12,33,0,0,16,0
5,162,284,179,27,0,0,16,0
45,19,39,184,1,0,0,16,0
5,162,200,184,7,0,0,16,0
28,183,18,184,30,1,0,16,0
35,72,0,76,33,0,0,16,0
9,27,312,92,46,1,0,16,0
34,143,0,75,33,0,0,16,0
15,71,156,185,30,1,5,16,1
29,207,238,184,30,1,1,16,0
27,201,420,156,121,0,7,16,0
55,123,357,179,27,0,0,16,0
55,93,245,161,105,0,1,16,0
12,130,408,145,30,1,5,16,0
64,9,413,8,30,1,1,16,1
34,171,324,184,30,1,0,18,0
14,162,104,161,179,0,5,16,0
45,19,342,184,5,0,1,6,0
64,195,36,6,25,0,0,18,0
14,162,324,184,4,0,0,16,0
49,277,0,131,33,0,0,15,0
0,0,336,3,30,1,1,16,0
1,259,0,1,33,0,0,14,0
14,166,120,184,132,0,7,16,0
45,88,0,125,33,0,8,14,1
60,162,262,161,27,0,0,16,0
23,159,273,161,22,0,5,5,1
45,88,136,163,30,1,0,16,0
17,98,325,184,30,1,1,16,0
15,262,254,106,117,0,1,16,1
58,226,334,122,30,1,7,14,1
33,219,187,61,30,1,0,16,0
5,162,406,184,161,0,0,16,0
29,212,401,149,25,0,0,16,0
13,132,0,35,33,0,1,16,1
5,162,284,179,27,0,0,16,0
17,89,0,45,174,0,2,15,1
49,32,373,137,30,1,1,16,0
9,27,45,184,7,0,0,16,0
64,199,371,179,0,0,1,16,0
28,35,447,77,28,0,7,16,0
45,19,342,184,5,0,1,16,1
55,135,367,179,30,1,0,1,0
55,93,377,184,49,0,0,16,0
25,152,0,64,33,0,5,15,1
29,155,179,58,30,1,0,16,0
14,162,476,75,30,1,0,16,0
20,278,405,7,30,1,0,14,0
45,19,40,184,1,0,0,16,0
31,96,0,71,33,0,5,14,1
5,162,460,184,28,0,0,16,0
14,162,105,184,61,0,1,16,1
38,162,0,107,33,0,0,16,0
57,15,439,77,30,1,0,18,0
16,231,55,2,30,1,1,16,1
61,12,0,157,33,0,1,16,1
61,85,395,140,33,0,1,16,0
22,78,297,111,30,1,1,17,1
24,142,380,103,25,0,1,14,1
11,81,89,129,125,0,1,17,1
62,53,200,184,7,0,0,16,0
27,201,183,96,30,1,0,16,0
14,166,270,184,6,0,5,16,0
29,196,179,58,30,1,0,16,0
14,162,393,179,27,0,0,16,0
14,3,38,9,30,1,7,16,1
47,45,95,94,53,0,1,16,0
31,60,427,184,30,1,0,16,0
34,185,0,75,33,0,1,16,1
64,195,36,6,25,0,0,14,0
29,212,0,68,33,0,0,14,0
15,204,229,161,169,0,0,18,0
58,226,412,184,91,0,5,17,1
62,120,0,170,33,0,0,16,0
31,111,0,71,33,0,5,16,1
55,93,363,9,123,0,0,14,0
3,55,200,184,7,0,1,16,1
14,257,380,162,25,0,0,14,0
34,171,324,184,30,1,0,16,0
0,0,195,62,30,1,0,16,0
14,166,270,184,6,0,5,16,0
1,138,0,1,33,0,0,14,0
33,164,350,161,104,0,1,17,1
48,175,424,157,30,1,0,16,0
25,109,373,137,30,1,5,14,1
40,267,0,112,33,0,0,16,0
47,45,0,129,33,0,8,16,1
5,162,223,179,27,0,0,16,0
32,162,200,184,28,0,0,16,0
29,136,169,180,30,1,1,16,0
15,41,435,179,30,1,5,16,1
17,154,0,45,28,0,6,15,1
47,133,0,129,33,0,9,16,1
29,208,238,184,30,1,1,18,1
34,186,406,184,161,0,0,16,0
14,163,106,102,183,0,0,16,0
5,162,0,13,33,0,0,16,0
5,162,286,179,27,0,0,16,0
41,6,38,9,30,1,1,17,1
45,88,152,161,28,0,1,16,0
14,162,26,161,29,0,0,18,0
49,232,43,11,30,1,1,16,1
35,14,200,184,29,0,1,12,1
47,49,476,75,180,0,0,16,0
14,162,400,161,30,1,0,16,0
56,8,4,0,30,1,1,16,0
3,123,108,95,116,0,1,18,1
34,171,200,184,28,0,0,18,0
5,162,186,161,28,0,1,16,0
48,175,89,129,30,1,0,16,0
49,84,430,160,26,0,0,16,0
39,278,99,107,55,0,1,16,0
64,199,372,179,0,0,1,16,0
39,278,42,6,25,0,0,14,0
34,74,0,75,33,0,1,16,1
27,201,420,156,128,0,7,16,1
40,108,147,91,24,0,5,16,1
8,123,0,17,33,0,1,16,1
0,0,132,46,30,1,1,16,0
14,166,120,184,132,0,7,16,0
38,162,468,161,175,0,0,16,0
61,86,88,184,30,1,0,16,0
29,198,427,184,30,1,1,16,0
47,45,95,94,53,0,1,14,0
29,200,0,68,33,0,0,14,0
5,162,406,184,161,0,0,16,0
55,93,245,161,105,0,1,16,0
39,278,306,184,161,0,0,16,0
39,278,41,185,8,0,0,16,0
55,221,479,134,30,1,1,16,0
11,81,151,100,25,0,0,14,0
27,117,191,161,105,0,1,16,0
44,16,331,121,80,0,1,16,1
11,34,203,184,7,0,5,16,0
13,51,140,77,30,1,9,16,1
62,68,240,184,30,1,0,16,0
29,155,0,68,33,0,1,14,0
50,193,164,54,25,0,0,16,0
54,56,99,107,30,1,1,14,1
2,33,0,4,33,0,5,16,0
45,88,136,163,30,1,0,16,0
55,93,0,139,33,0,7,16,0
62,20,69,22,30,1,0,16,0
60,162,0,156,33,0,0,15,0
34,143,0,75,33,0,0,16,0
35,64,288,110,22,0,7,16,1
40,267,193,161,30,1,12,16,0
33,164,67,93,25,0,0,14,0
61,85,0,157,33,0,8,16,1
14,163,187,61,30,1,0,16,0
45,19,190,184,28,0,0,16,0
14,162,24,184,61,0,0,16,0
11,97,381,140,30,1,1,16,1
48,175,0,130,33,0,13,15,1
1,259,495,177,143,0,1,19,1
58,226,412,184,33,0,5,16,0
29,209,169,180,30,1,0,16,0
61,245,285,179,27,0,0,16,0
65,273,0,174,33,0,0,16,0
29,155,368,179,30,1,1,16,0
62,70,0,170,33,0,1,16,1
47,45,92,179,30,1,1,16,1
14,162,26,161,29,0,0,18,0
2,33,404,176,24,0,1,18,1
61,86,0,157,33,0,1,14,0
2,33,0,4,33,0,5,15,1
15,204,147,48,80,0,1,18,1
14,169,0,36,33,0,0,16,0
34,143,482,161,80,0,1,16,0
64,199,30,184,1,0,0,16,0
45,19,339,184,7,0,1,16,0
45,213,341,181,121,0,0,18,0
61,63,0,157,122,0,2,15,1
11,34,289,185,30,1,1,16,0
55,123,328,137,121,0,1,16,0
27,201,0,66,33,0,5,16,1
5,162,271,179,27,0,0,16,0
58,157,0,142,33,0,1,15,1
33,264,379,61,30,1,1,16,1
55,123,0,139,25,0,9,16,1
17,110,369,184,82,0,9,9,1
58,227,334,122,30,1,1,18,1
55,93,476,75,155,0,5,16,0
5,162,222,179,27,0,0,16,0
5,162,286,179,27,0,0,16,0
62,68,240,184,30,1,0,16,0
48,175,0,130,33,0,13,16,1
6,40,200,184,7,0,0,16,0
31,96,468,180,30,1,0,18,0
40,268,200,184,7,0,1,16,1
3,123,479,134,154,0,9,16,1
44,197,161,161,30,1,1,16,0
31,173,310,184,30,1,0,16,0
49,160,455,160,121,0,1,16,0
15,41,147,48,28,0,8,16,1
65,276,220,179,30,1,0,16,0
55,123,328,137,121,0,1,16,0
8,123,424,157,168,0,0,14,0
50,150,0,133,33,0,1,16,1
31,92,0,71,33,0,0,16,1
15,225,147,48,30,1,1,17,1
5,162,271,179,27,0,0,16,0
58,226,412,184,91,0,5,18,0
33,242,68,161,30,1,1,16,1
64,199,371,179,0,0,1,16,0
15,203,33,161,151,0,1,17,1
3,123,108,95,116,0,1,16,0
5,162,200,184,7,0,0,16,0
30,233,299,179,27,0,0,16,0
38,162,434,161,175,0,0,16,0
15,204,168,184,110,0,9,16,1
12,248,0,34,33,0,0,14,0
5,162,0,13,33,0,0,16,0
54,21,0,138,33,0,1,15,1
62,68,324,184,30,1,0,16,0
44,107,0,120,33,0,1,16,1
0,0,336,3,30,1,1,16,0
65,276,220,179,30,1,0,16,0
40,267,308,161,175,1,2,16,0
47,59,365,161,4,0,0,16,0
1,105,0,1,33,0,5,16,1
29,211,169,180,30,1,0,16,0
14,257,0,36,33,0,5,16,1
5,162,271,179,27,0,0,16,0
21,78,297,111,30,1,1,16,1
55,93,377,184,49,0,0,16,0
31,239,238,184,3,0,0,16,0
29,198,179,58,30,1,0,16,0
47,48,417,146,167,0,0,16,0
29,212,427,184,30,1,1,16,0
64,199,371,179,0,0,1,16,0
29,196,178,179,0,0,0,16,1
8,123,349,130,24,0,0,16,0
14,166,324,184,59,1,0,16,0
9,27,320,98,73,0,1,16,1
65,276,0,174,33,0,0,16,0
14,169,476,75,30,1,0,16,0
5,162,222,179,27,0,0,16,0
44,42,331,121,80,0,1,16,1
29,198,150,184,145,0,0,18,0
33,266,282,134,30,1,1,16,1
34,190,406,184,161,0,0,16,0
26,95,0,65,33,0,0,16,0
28,151,205,179,27,0,0,16,0
29,194,91,11,141,0,1,14,1
55,93,0,139,33,0,7,16,0
28,151,364,96,30,1,0,16,0
25,147,0,64,33,0,1,15,1
12,78,297,111,30,1,5,16,0
14,166,324,184,59,1,0,16,0
33,112,0,74,33,0,1,16,1
47,59,365,161,4,0,0,16,0
62,241,0,170,33,0,0,16,0
40,267,0,112,33,0,0,16,0
28,151,422,69,25,0,1,16,0
62,20,413,8,30,1,9,14,1
0,0,474,161,30,1,0,16,0
12,257,0,34,33,0,1,16,1
21,97,0,59,33,0,0,16,0
5,162,482,161,182,0,9,16,0
61,63,408,152,121,0,0,16,0
15,176,0,42,33,0,1,15,1
23,256,273,161,175,0,0,18,0
64,199,370,179,0,0,1,16,0
44,16,332,99,30,1,0,16,0
33,164,0,74,33,0,0,16,0
0,0,417,146,30,1,0,16,0
38,162,303,106,117,0,1,14,0
19,271,41,185,30,1,5,16,1
17,110,369,184,1,0,9,16,0
6,123,47,137,29,0,5,14,1
35,64,276,184,20,0,1,16,0
39,278,300,184,7,0,0,16,0
11,34,289,185,30,1,1,16,0
40,108,433,29,98,0,1,16,0
40,267,0,112,33,0,0,16,0
61,85,88,184,30,1,0,16,0
32,162,380,38,128,0,0,19,0
53,170,0,137,33,0,0,16,0
49,35,351,161,30,1,1,17,0
6,40,380,9,25,0,0,18,0
8,123,349,130,24,0,0,16,0
5,162,223,179,27,0,0,16,0
65,10,345,126,30,1,1,16,1
55,93,388,179,69,0,1,16,1
49,277,354,161,26,0,0,18,0
14,162,302,184,61,0,1,16,0
64,195,37,185,161,0,5,16,0
47,48,417,146,167,0,0,16,0
0,0,334,122,30,1,0,16,0
55,93,265,161,118,0,8,18,1
33,266,54,137,30,1,0,16,0
39,278,42,6,25,0,0,14,0
26,95,468,180,30,1,5,16,0
61,245,140,77,30,1,7,17,1
38,162,386,184,68,0,0,16,0
29,212,0,68,33,0,0,14,0
31,111,0,71,33,0,5,15,1
61,63,0,157,33,0,2,15,0
5,162,57,179,27,0,1,16,0
14,162,192,179,27,0,0,16,0
34,171,0,75,33,0,0,14,0
3,123,363,9,123,0,0,16,0
14,162,104,161,179,0,5,16,0
1,259,417,146,30,1,0,16,0
9,27,494,176,24,0,0,18,0
49,277,323,11,136,0,5,16,1
15,204,0,42,33,0,0,15,0
32,162,0,73,28,0,0,16,0
14,166,196,184,132,0,7,16,0
14,166,145,184,59,0,0,16,0
23,263,380,102,25,0,1,16,1
9,27,0,20,33,0,9,14,1
5,162,303,161,178,0,0,16,0
29,194,0,68,33,0,5,15,1
38,162,432,161,30,1,0,16,0
29,209,179,58,30,1,0,16,0
49,121,318,185,30,1,1,16,0
5,162,406,184,161,0,0,16,0
16,77,0,44,33,0,8,15,1
5,162,460,184,28,0,0,16,0
5,162,255,184,135,0,0,16,0
9,27,193,161,30,1,0,16,0
45,88,137,182,83,0,1,14,1
14,166,270,184,6,0,5,16,0
64,199,371,179,0,0,1,16,0
33,265,379,61,30,1,0,16,0
47,59,467,134,36,1,1,16,1
39,278,99,107,55,0,1,16,0
55,93,89,32,52,0,0,16,0
55,93,480,137,30,1,7,16,0
14,169,476,75,30,1,0,16,0
12,78,446,34,24,0,8,16,1
33,168,482,161,30,1,0,16,0
7,129,362,134,30,1,0,16,0
39,278,0,109,33,0,0,16,0
11,66,4,0,30,1,1,16,1
12,17,414,34,170,0,5,17,1
29,212,179,58,30,1,0,16,0
15,204,0,42,33,0,0,16,0
55,123,171,134,76,0,7,16,1
61,85,0,157,7,0,8,15,0
14,163,106,102,183,0,0,16,0
1,47,408,152,30,1,0,16,0
5,162,284,179,27,0,0,16,0
45,19,232,184,30,1,0,16,0
64,9,218,179,30,1,0,16,0
5,162,187,61,30,1,0,16,0
55,93,394,122,29,0,1,16,0
33,164,208,184,110,0,1,16,1
25,210,0,64,33,0,7,15,1
3,123,363,9,123,0,0,14,0
14,162,393,179,27,0,0,16,0
34,143,273,161,80,0,0,16,0
50,275,181,6,25,0,1,16,1
2,33,193,161,30,1,0,16,0
11,34,0,33,33,0,7,16,0
55,135,0,139,33,0,0,16,0
0,0,475,184,30,1,0,16,0
30,13,126,185,30,1,1,16,1
5,162,271,179,27,0,0,16,0
46,82,380,137,95,0,1,16,1
14,162,127,185,29,0,0,16,0
29,200,179,58,30,1,0,16,0
17,98,30,184,22,0,10,6,1
30,134,0,69,33,0,2,16,1
47,249,0,129,33,0,5,16,1
49,277,263,111,121,0,8,16,0
15,204,168,184,110,0,9,10,1
5,162,406,184,161,0,0,16,0
27,201,0,66,33,0,5,15,1
64,205,405,6,30,1,0,16,0
49,160,455,160,26,0,1,16,0
16,91,202,143,26,0,1,14,1
29,196,169,180,30,1,0,16,0
14,162,393,179,27,0,0,16,0
6,123,49,137,28,0,7,14,0
38,162,303,106,117,0,1,16,1
15,203,13,161,151,0,1,16,0
5,162,273,161,120,0,5,16,0
6,123,373,137,41,0,1,18,1
28,35,430,70,173,0,1,17,1
45,19,40,184,1,0,0,16,0
1,44,193,161,30,1,1,18,1
54,56,69,22,45,0,1,16,1
4,202,0,12,33,0,0,16,0
14,166,386,161,30,1,0,16,0
45,88,152,161,28,0,1,16,0
5,162,292,179,27,0,0,16,0
20,278,405,7,30,1,0,16,0
3,123,65,21,30,1,0,16,0
14,162,324,184,4,0,0,16,0
34,171,82,184,50,0,5,16,0
49,277,354,161,26,0,0,18,0
31,111,238,184,4,0,0,16,0
47,45,348,184,30,1,0,16,0
5,162,129,161,178,0,3,16,1
29,136,238,184,30,1,1,18,1
28,151,427,184,33,0,0,16,0
61,63,285,179,30,1,0,16,0
5,114,0,13,33,0,8,15,1
29,208,238,184,30,1,1,16,0
14,162,307,161,28,0,5,16,1
14,166,240,184,30,1,0,16,0
65,272,351,11,30,1,5,16,0
61,86,491,184,30,1,0,16,0
29,194,0,68,33,0,5,14,1
34,171,240,184,30,1,1,16,0
34,25,6,179,30,1,5,16,0
29,196,179,58,30,1,0,16,0
3,123,479,134,154,0,9,16,0
5,162,268,184,32,0,0,16,0
55,123,373,137,138,0,1,16,0
55,93,394,122,29,0,1,16,0
47,59,98,185,8,0,1,16,0
48,175,362,134,30,1,1,16,1
15,204,230,184,4,0,0,16,0
39,278,0,109,33,0,0,16,0
31,115,183,96,30,1,0,16,0
31,115,0,71,33,0,0,16,1
30,24,295,179,112,0,1,16,1
49,277,0,131,33,0,0,15,0
47,48,435,179,27,0,1,16,0
64,205,405,6,30,1,0,16,0
1,138,418,111,30,1,0,16,0
49,277,0,131,161,0,0,15,0
9,27,193,161,30,1,0,16,0
34,25,322,179,30,1,1,18,1
53,26,0,137,33,0,5,16,1
29,200,146,179,0,0,0,16,0
17,98,31,184,22,0,10,6,1
62,120,211,161,30,1,0,16,0
49,280,0,131,33,0,0,16,1
21,97,399,144,30,1,0,16,0
28,151,205,179,27,0,0,16,0
65,273,29,184,186,0,0,16,0
15,41,147,48,28,0,8,17,1
55,93,265,161,118,0,8,16,0
14,169,478,161,67,0,7,16,1
49,277,323,11,136,0,5,18,1
14,162,400,161,30,1,0,16,0
20,278,405,7,30,1,0,16,0
45,88,232,184,7,0,0,16,0
14,162,107,161,179,0,1,16,1
29,207,169,180,30,1,0,16,0
29,207,0,68,33,0,0,14,0
34,25,431,179,30,1,1,3,0
55,123,357,179,27,0,0,16,0
11,34,248,185,28,0,5,16,0
14,162,115,185,30,1,1,16,1
17,98,0,45,33,0,1,15,0
14,162,115,185,30,1,1,16,0
35,14,440,184,30,1,0,16,0
34,25,82,184,50,0,2,18,1
61,85,92,179,30,1,0,16,0
0,0,336,3,30,1,1,16,0
40,267,193,161,175,1,1,18,0
14,165,386,161,169,1,5,16,0
17,98,325,184,30,1,1,16,0
12,130,0,34,33,0,11,16,1
15,97,147,48,80,0,5,16,1
65,273,309,11,30,1,0,16,0
15,41,141,47,30,1,5,17,0
61,85,395,140,28,0,1,16,1
55,93,394,122,29,0,1,16,0
47,45,92,179,30,1,1,16,0
42,102,265,108,121,0,5,0,0
34,25,324,184,30,1,0,16,0
61,85,88,184,30,1,0,16,0
54,56,99,107,30,1,0,16,0
28,183,0,67,33,0,0,16,1
31,229,149,49,30,1,1,16,1
45,19,342,184,5,0,1,6,0
34,171,0,75,33,0,0,16,0
30,31,0,69,33,0,9,15,1
20,278,0,56,33,0,0,16,0
40,108,62,176,30,1,0,16,0
61,63,285,179,30,1,0,16,0
35,14,112,110,28,0,5,17,1
5,162,223,179,27,0,0,16,0
31,239,169,180,28,0,0,16,0
14,166,254,106,117,0,8,14,1
62,53,200,184,7,0,0,16,0
33,219,0,74,33,0,0,16,0
49,277,354,161,26,0,0,18,0
13,43,451,34,28,0,1,16,1
14,162,302,184,61,0,1,16,0
6,123,0,14,33,0,1,15,0
14,167,386,161,30,1,1,14,1
55,123,0,139,25,0,9,16,1
29,212,179,58,30,1,0,16,0
48,175,213,82,80,0,0,5,0
31,96,238,184,30,1,1,18,1
47,49,467,134,56,0,1,16,1
48,175,197,72,30,1,1,16,0
5,162,460,184,28,0,0,16,0
6,123,49,137,28,0,7,16,0
60,162,331,121,28,0,0,16,0
14,162,240,184,115,0,0,16,0
39,278,405,7,29,1,0,14,0
61,85,348,184,30,1,0,16,0
5,162,187,61,30,1,0,16,0
55,123,328,137,121,0,1,16,0
23,159,275,161,30,1,7,16,1
47,49,88,184,30,1,0,16,0
59,234,201,184,30,1,1,16,1
64,195,0,173,33,0,5,15,1
14,162,314,179,27,0,0,16,0
9,27,320,98,73,0,1,16,0
2,33,176,179,27,0,0,16,0
23,159,275,161,30,1,7,16,1
33,112,0,74,33,0,1,16,0
29,208,427,184,30,1,1,16,1
5,162,303,161,178,0,0,18,0
8,123,0,17,33,0,1,16,0
12,78,297,111,30,1,5,16,0
15,41,141,47,30,1,5,16,0
8,123,197,72,108,0,0,14,0
40,108,62,176,30,1,0,16,0
29,196,0,68,33,0,0,14,0
40,108,62,176,30,1,0,16,0
31,239,427,184,7,0,0,16,0
14,162,0,36,33,0,7,16,0
14,162,192,179,27,0,0,16,0
55,123,328,137,121,0,1,16,0
49,277,353,184,32,0,1,16,0
55,221,140,77,30,1,1,16,1
11,179,356,101,28,0,1,16,0
44,197,212,111,30,1,0,18,0
23,159,0,61,33,0,1,16,0
15,97,407,151,164,0,1,16,0
55,93,381,140,29,0,0,16,0
14,166,0,36,33,0,0,16,0
14,166,386,161,30,1,0,16,0
39,278,405,7,29,1,0,18,0
65,276,41,185,30,1,5,16,0
29,136,0,68,33,0,0,14,0
62,20,0,170,33,0,9,15,1
45,19,155,179,27,0,0,16,1
55,123,0,139,25,0,9,15,1
29,136,301,186,30,1,1,18,1
14,162,324,184,7,0,0,16,0
46,104,0,128,33,0,1,15,1
47,45,94,35,25,0,1,16,0
28,35,0,67,121,0,5,16,0
49,277,492,174,26,0,0,14,0
40,108,62,176,30,1,0,16,0
14,166,270,184,32,0,5,10,0
5,162,460,184,28,0,0,16,0
5,162,287,179,27,0,0,16,0
34,191,10,184,115,0,5,16,1
39,278,405,7,29,1,0,14,0
60,162,420,161,30,1,11,5,0
29,215,179,58,30,1,0,16,0
31,115,41,185,161,0,1,16,0
5,162,387,184,32,0,0,16,0
14,162,192,179,27,0,0,16,0
44,16,0,120,33,0,5,16,1
47,59,476,75,30,1,0,16,0
6,140,375,83,30,1,1,14,0
6,140,279,134,30,1,5,16,0
55,123,357,179,27,0,0,16,0
5,162,406,184,161,0,0,16,0
31,239,238,184,3,0,0,16,0
9,87,380,98,64,0,1,14,0
28,244,489,184,87,0,1,6,1
5,162,286,179,27,0,0,16,0
31,239,169,180,28,0,0,16,0
28,4,0,67,29,0,5,16,1
4,184,366,161,118,0,1,16,1
41,252,0,113,33,0,1,16,1
5,114,0,13,33,0,8,16,1
34,25,322,179,30,1,1,16,0
50,193,346,127,25,0,0,16,0
48,175,0,130,33,0,13,16,0
47,45,88,184,30,1,0,16,0
5,162,387,184,32,0,0,16,0
61,85,5,129,26,0,5,16,0
14,257,173,179,30,1,0,16,0
15,35,0,42,27,0,7,15,1
47,131,0,129,33,0,2,16,1
15,56,0,42,33,0,0,16,0
61,63,426,179,30,1,0,16,0
64,199,29,184,1,0,0,16,0
8,123,65,21,30,1,0,16,0
14,169,307,161,30,1,8,16,1
65,276,1,178,33,0,0,16,0
19,193,324,185,30,1,1,16,0
62,119,15,163,30,1,1,16,1
15,204,0,42,33,0,0,15,0
14,163,108,95,121,0,1,16,0
5,162,406,184,161,0,0,16,0
56,8,210,79,30,1,1,16,0
29,155,169,180,24,0,0,18,0
3,123,99,107,55,0,1,14,1
21,78,0,59,33,0,0,16,0
46,82,0,128,27,0,0,16,0
9,27,312,92,46,1,0,16,0
3,123,374,9,154,0,0,14,0
48,175,373,137,111,0,1,16,0
29,209,427,184,30,1,1,16,1
34,67,389,161,30,1,5,14,1
29,208,179,58,30,1,0,16,0
49,35,352,11,121,0,1,14,0
14,162,157,185,28,0,5,16,0
14,162,314,179,27,0,0,16,0
15,41,141,47,30,1,5,16,0
14,257,380,162,25,0,0,14,0
14,162,107,161,179,0,1,16,0
33,112,373,137,30,1,7,16,1
8,123,424,157,168,0,0,14,0
45,19,233,182,30,1,5,13,0
62,158,166,163,30,1,5,16,0
31,239,427,184,7,0,0,16,0
34,25,0,75,33,0,1,14,0
61,85,491,184,30,1,0,16,0
31,239,200,184,7,0,1,16,0
44,107,78,161,30,1,0,17,0
34,25,240,184,30,1,1,18,1
45,88,384,161,38,0,1,17,1
49,277,0,131,158,0,0,16,0
60,162,0,156,33,0,0,16,0
9,27,64,184,161,0,0,16,0
30,233,0,69,33,0,0,16,0
31,173,3,179,30,1,0,16,0
38,162,469,106,117,0,1,16,0
17,89,25,161,30,1,1,16,0
64,199,370,179,0,0,1,16,0
45,99,136,163,166,0,1,17,0
61,85,380,129,25,0,1,16,1
0,0,0,0,41,0,0,16,0
28,35,319,119,173,0,1,16,0
17,89,19,161,126,0,7,16,1
49,277,492,174,26,0,0,14,0
35,64,32,10,25,0,0,14,0
31,270,0,71,33,0,0,16,1
14,162,240,184,115,0,0,16,0
45,19,0,125,33,0,5,15,0
14,169,0,36,33,0,0,16,0
5,162,387,184,32,0,0,16,0
41,6,224,179,187,0,1,16,1
14,166,196,184,132,0,7,16,0
45,88,152,161,28,0,1,16,0
8,123,197,72,108,0,0,14,0
25,23,0,64,33,0,0,16,0
15,41,0,42,33,0,2,15,0
54,56,0,138,33,0,0,15,0
44,197,45,24,100,0,0,16,0
45,19,113,184,7,0,1,16,1
3,123,363,9,123,0,0,14,0
9,27,315,117,80,0,8,16,1
64,199,450,185,172,0,0,16,0
55,135,367,179,30,1,0,16,0
47,59,98,185,8,0,1,16,0
39,278,99,107,55,0,1,14,1
40,267,62,176,30,1,0,16,0
45,88,488,161,28,0,5,10,0
64,199,29,184,1,0,0,16,0
17,79,0,45,27,0,2,15,1
14,257,173,179,30,1,0,17,0
29,198,169,180,30,1,0,16,0
49,35,59,185,30,1,0,16,0
40,267,193,161,175,1,1,16,1
62,124,0,170,33,0,0,16,1
31,60,169,180,28,0,0,16,0
62,20,69,22,30,1,0,16,0
14,162,115,185,30,1,1,16,0
4,260,51,137,30,1,0,16,0
29,198,149,49,79,0,1,16,1
17,110,110,184,15,0,0,16,0
31,111,149,49,30,1,1,16,1
34,25,481,6,121,0,1,10,0
2,33,380,92,25,0,1,14,0
39,278,306,184,161,0,0,16,0
45,19,113,184,7,0,1,16,0
5,162,271,179,27,0,0,16,0
45,88,136,163,30,1,0,16,0
55,123,362,134,154,0,5,16,0
55,93,476,75,155,0,5,16,0
26,95,380,161,29,0,0,14,0
62,70,380,161,175,0,5,16,1
47,45,88,184,30,1,0,16,0
38,162,303,106,117,0,1,16,0
5,162,129,161,178,0,3,18,1
47,45,382,141,121,0,1,16,0
5,162,222,179,27,0,0,16,0
29,208,169,180,30,1,0,16,0
55,93,245,161,105,0,1,16,0
6,123,289,185,58,0,0,16,0
49,121,0,131,25,0,1,15,0
25,147,98,185,30,1,0,16,0
64,195,347,184,139,0,1,16,1
55,93,265,161,118,0,8,16,0
51,56,69,22,45,0,1,16,1
8,123,374,9,121,0,5,16,0
14,163,101,36,128,0,1,16,0
30,37,149,49,30,1,0,16,0
11,184,89,129,30,1,0,16,0
61,222,0,157,33,0,1,15,1
15,41,0,42,33,0,2,16,1
14,166,324,184,59,1,0,16,0
6,123,0,14,33,0,1,14,0
45,88,137,182,83,0,1,16,0
9,27,0,20,33,0,9,14,0
33,168,0,74,33,0,0,16,0
11,34,247,129,28,0,0,16,0
28,35,430,70,173,0,1,16,0
62,158,86,31,30,1,1,16,1
8,123,197,72,108,0,0,14,0
60,162,83,184,33,0,7,16,0
34,171,298,6,30,1,0,14,0
3,123,363,9,123,0,0,14,0
5,162,271,179,27,0,0,16,0
5,162,387,184,135,0,0,16,0
5,162,200,184,7,0,0,16,0
40,108,0,112,33,0,0,16,0
15,71,0,42,33,0,8,16,1
6,40,278,61,30,1,1,16,0
28,151,298,179,30,1,0,16,0
55,221,479,134,30,1,1,16,0
34,186,273,161,30,1,1,16,0
14,162,105,184,61,0,1,16,0
17,98,0,45,33,0,1,15,0
4,184,373,137,30,1,5,16,0
55,221,0,139,33,0,7,16,1
64,199,29,184,1,0,0,16,0
23,159,200,184,7,0,1,16,1
31,229,427,184,30,1,0,16,0
40,267,308,161,175,1,2,16,0
14,62,0,36,33,0,0,16,0
14,169,0,36,33,0,0,16,0
47,59,34,155,124,0,0,16,0
62,39,0,170,33,0,0,16,0
5,162,482,161,182,0,9,16,0
51,56,69,22,28,0,1,10,0
61,85,491,184,30,1,0,16,0
15,203,413,8,40,0,1,16,1
14,162,23,161,179,0,10,14,1
44,259,0,120,33,0,0,16,0
38,162,469,106,117,0,1,16,0
15,216,0,42,33,0,8,15,1
16,236,259,184,30,1,1,5,1
6,40,52,61,30,1,0,16,0
60,162,83,184,21,0,7,16,0
64,205,405,6,30,1,0,16,0
14,162,324,184,4,0,0,16,0
15,204,241,161,30,1,8,14,0
5,162,482,161,182,0,9,16,0
34,189,208,184,30,1,0,16,0
27,117,191,161,105,0,1,17,1
14,166,390,184,132,0,5,16,0
14,162,314,179,27,0,0,16,0
15,41,147,48,27,0,8,17,0
15,71,229,161,30,1,0,16,0
35,14,80,184,30,1,0,16,0
29,198,169,180,30,1,0,16,0
11,34,203,184,7,0,5,11,1
55,93,89,32,52,0,0,16,0
5,162,284,179,27,0,0,16,0
62,241,139,184,30,1,0,16,0
47,80,0,129,33,0,8,15,1
40,267,0,112,33,0,1,14,0
17,89,0,45,174,0,2,15,1
40,108,380,102,25,0,0,16,0
47,45,382,141,121,0,1,14,1
14,162,476,75,30,1,0,16,0
45,19,342,184,5,0,1,17,0
6,123,49,137,28,0,7,16,0
28,151,170,179,187,0,0,16,0
28,274,41,185,30,1,1,16,0
5,162,255,184,32,0,0,16,0
15,204,230,184,4,0,0,16,0
14,162,324,184,7,0,0,16,0
2,33,380,92,25,0,1,14,0
14,169,478,161,67,0,7,16,0
45,19,231,184,26,0,5,16,1
47,48,417,146,167,0,0,16,0
64,214,0,173,33,0,1,16,1
14,166,120,184,132,0,7,16,0
31,115,238,184,24,0,1,16,0
5,162,186,161,28,0,1,16,0
47,49,348,184,30,1,0,16,0
64,195,351,161,27,0,0,16,0
55,93,377,184,49,0,0,16,0
49,84,430,160,33,0,0,16,0
48,175,362,134,30,1,1,16,0
44,197,162,25,30,1,1,18,0
47,131,381,140,30,1,8,16,0
9,27,494,176,24,0,0,18,0
11,34,0,33,33,0,7,15,1
11,97,424,157,30,1,0,14,0
61,222,89,129,30,1,0,17,0
5,162,292,179,27,0,0,16,0
61,245,408,152,33,0,0,16,0
61,63,426,179,30,1,0,16,0
2,33,465,176,71,0,8,16,0
17,110,110,184,33,0,0,16,0
40,267,62,176,30,1,0,14,0
47,131,381,140,30,1,8,16,1
40,267,193,161,27,1,12,16,0
12,78,446,34,24,0,8,16,1
6,40,278,61,30,1,1,16,0
61,245,285,179,27,0,0,16,0
9,27,312,92,46,1,0,16,0
49,32,0,131,33,0,0,16,0
60,162,420,161,30,1,11,5,0
9,87,0,20,33,0,0,16,0
28,151,298,179,30,1,0,16,0
16,77,55,2,30,1,1,18,1
11,179,200,184,7,0,0,16,0
45,19,233,182,30,1,5,16,1
15,204,147,48,121,0,1,17,0
25,109,373,137,30,1,5,16,1
62,68,324,184,30,1,0,16,0
62,241,413,155,30,1,0,14,0
14,162,0,36,33,0,7,16,1
29,212,179,58,30,1,0,14,0
3,123,65,21,30,1,0,16,0
30,37,0,69,33,0,9,16,1
5,162,292,179,27,0,0,16,0
6,22,373,137,30,1,0,19,0
14,162,307,161,28,0,5,16,0
49,277,263,111,136,0,8,16,1
29,212,200,184,18,0,0,16,0
14,162,393,179,27,0,0,16,0
45,19,155,179,27,0,0,16,0
0,0,334,122,30,1,0,16,0
5,114,0,13,33,0,8,16,1
45,19,114,184,28,0,5,16,0
33,242,0,74,33,0,0,16,0
6,123,47,137,29,0,5,16,0
45,19,114,184,28,0,5,16,0
17,110,0,45,33,0,8,15,0
5,162,324,184,162,0,9,16,0
28,35,319,119,121,0,1,16,0
17,154,0,45,28,0,6,15,1
15,225,0,42,33,0,5,15,1
10,94,380,23,80,0,1,18,1
5,162,460,184,28,0,0,16,0
31,111,235,184,30,1,0,16,0
14,162,22,184,61,0,0,16,0
5,162,273,161,120,0,5,16,0
5,162,303,161,178,0,0,18,0
29,212,179,58,30,1,0,16,0
62,39,408,152,30,1,1,14,1
5,162,223,179,27,0,0,16,0
17,89,0,45,174,0,2,16,0
14,162,128,185,134,0,5,16,0
65,272,309,11,28,0,0,16,0
14,166,390,184,132,0,5,16,0
61,85,88,184,30,1,0,16,0
18,271,413,6,30,1,0,14,0
51,56,41,184,30,1,0,16,0
14,162,307,161,28,0,5,16,0
5,162,261,184,135,0,0,16,0
39,278,0,109,33,0,0,16,0
47,49,88,184,30,1,0,16,0
33,219,476,75,30,1,0,16,0
11,34,89,129,125,0,1,17,0
61,245,408,152,33,0,0,16,0
5,162,186,161,28,0,1,16,0
8,123,65,21,30,1,0,16,0
49,84,140,50,30,1,0,16,0
44,16,200,184,7,0,0,16,0
5,162,186,161,28,0,1,16,0
45,19,233,182,30,1,5,16,0
5,162,200,184,7,0,0,16,0
47,45,348,184,30,1,0,18,0
15,35,0,42,33,0,7,16,1
15,71,229,161,30,1,0,16,0
31,60,299,179,30,1,0,16,0
6,22,46,150,39,0,1,16,1
47,48,435,179,27,0,1,16,1
61,245,140,77,30,1,7,0,0
6,40,200,184,7,0,0,18,0
14,166,196,184,132,0,7,16,0
2,33,457,176,24,0,5,16,1
27,201,420,156,121,0,7,0,0
28,35,425,49,30,1,0,18,0
65,276,30,184,28,0,0,16,0
0,0,132,46,30,1,1,16,0
14,162,476,75,30,1,0,16,0
28,151,298,179,30,1,0,16,0
27,201,200,184,7,0,0,16,0
28,151,427,184,28,0,0,16,0
14,69,477,161,30,1,9,16,1
29,211,238,184,30,1,1,16,0
61,23,96,129,28,0,1,14,1
14,166,496,184,32,0,10,16,1
49,174,0,131,33,0,7,16,1
31,239,0,71,33,0,0,16,0
39,278,300,184,7,0,0,16,0
11,184,0,33,33,0,1,15,1
14,166,496,184,11,0,10,16,1
45,88,136,163,30,1,0,16,0
14,166,240,184,30,1,0,16,0
14,163,0,36,33,0,0,16,0
40,108,380,102,25,0,0,14,0
29,212,238,184,30,1,5,16,0
5,162,406,184,161,0,0,16,0
23,159,0,61,33,0,1,16,1
5,162,286,179,27,0,0,16,0
62,119,86,31,30,1,1,16,1
34,25,200,184,44,0,1,18,0
14,162,307,161,121,0,5,16,0
28,35,0,67,121,0,5,16,0
33,266,53,61,30,1,1,16,1
5,162,287,179,27,0,0,16,0
5,162,57,179,27,0,1,16,0
29,196,0,68,33,0,0,14,0
61,63,408,152,121,0,0,16,0
38,162,434,161,175,0,0,16,0
14,166,386,161,30,1,0,16,0
65,10,0,174,33,0,0,16,0
14,165,0,36,33,0,0,16,0
38,162,273,161,104,0,5,16,1
12,113,380,184,10,0,0,4,0
5,162,129,161,178,0,3,18,1
61,85,348,184,30,1,0,16,0
53,170,41,185,30,1,1,18,1
47,131,381,140,30,1,8,16,1
28,35,447,77,28,0,7,16,1
39,278,187,61,28,0,1,16,0
5,162,286,179,27,0,0,16,0
28,151,205,179,27,0,0,16,0
61,85,348,184,30,1,0,16,0
6,123,279,134,28,0,5,16,0
28,151,170,179,187,0,0,16,0
29,215,0,68,33,0,0,14,0
61,245,140,77,30,1,7,0,1
55,123,171,134,76,0,7,14,1
34,25,200,184,44,0,1,16,1
27,201,188,9,25,0,0,16,0
64,199,450,185,172,0,0,16,0
56,8,4,0,30,1,1,16,0
28,35,425,49,30,1,0,16,0
38,162,69,161,121,0,5,16,1
45,19,39,184,33,0,0,16,0
31,270,427,184,30,1,0,16,0
5,162,292,179,27,0,0,16,0
56,8,210,79,30,1,1,16,0
15,41,141,47,30,1,5,16,0
60,162,83,184,17,0,7,5,1
51,56,97,161,30,1,0,16,0
9,27,193,161,30,1,0,16,0
65,276,175,184,30,1,0,16,0
11,34,247,129,28,0,0,16,0
33,242,211,161,30,1,1,16,1
34,171,143,161,30,1,0,16,0
14,166,254,106,117,0,8,14,1
64,205,0,173,33,0,9,16,0
33,164,67,93,25,0,0,16,0
65,276,1,178,33,0,0,16,0
11,34,200,87,113,0,0,16,0
58,46,0,142,33,0,1,15,1
14,162,157,185,28,0,5,7,0
15,224,229,161,30,1,0,16,0
5,162,186,161,28,0,1,16,0
5,162,0,13,33,0,0,16,0
14,166,390,184,32,0,5,16,0
21,97,72,161,84,0,1,16,0
45,88,384,161,38,0,1,17,1
60,162,83,184,17,0,7,16,1
28,182,364,96,30,1,0,16,0
29,155,238,184,147,0,5,18,1
49,277,263,111,121,0,8,17,0
29,207,179,58,30,1,0,16,0
15,56,0,42,33,0,0,16,0
30,233,379,96,30,1,1,16,0
6,40,380,9,25,0,0,18,0
51,56,99,107,30,1,0,16,0
62,68,211,161,30,1,1,16,1
61,86,348,184,30,1,0,16,0
62,30,110,185,30,1,5,16,1
5,162,187,61,30,1,0,16,0
64,195,0,173,28,0,5,16,0
65,276,220,179,30,1,0,16,1
33,168,0,74,33,0,0,16,0
55,93,394,122,29,0,1,16,0
55,123,328,137,121,0,1,16,0
57,15,0,141,33,0,1,15,1
55,123,328,137,121,0,1,16,0
5,162,271,179,27,0,0,16,0
15,204,230,184,4,0,0,18,0
11,2,0,33,176,0,0,16,0
15,224,229,161,30,1,0,16,0
39,278,0,109,33,0,0,16,0
65,273,238,184,161,0,1,16,1
26,95,0,65,33,0,0,16,0
5,162,460,184,28,0,0,16,0
47,49,256,184,14,0,1,5,1
47,49,21,184,7,0,1,16,0
28,183,364,96,30,1,0,16,0
15,71,147,48,80,0,9,18,1
65,273,1,178,33,0,0,16,0
12,78,446,34,24,0,8,16,1
34,25,211,161,30,1,1,18,1
65,10,0,174,33,0,0,16,0
55,93,476,75,155,0,5,16,0
55,221,0,139,33,0,7,16,1
19,271,413,6,30,1,1,16,1
45,88,136,163,30,1,0,16,0
8,123,349,130,24,0,0,16,0
5,162,255,184,135,0,0,16,0
55,123,362,134,154,0,5,16,0
30,134,0,69,33,0,2,16,1
9,27,0,20,33,0,9,16,0
15,41,435,179,30,1,5,16,1
65,276,175,184,30,1,0,16,0
49,84,140,50,30,1,0,16,0
61,245,408,152,33,0,0,16,0
61,85,348,184,30,1,0,16,0
5,114,380,162,25,0,1,14,0
14,166,0,36,33,0,0,16,0
14,166,0,36,33,0,0,16,0
14,162,135,161,130,0,8,16,0
50,193,0,133,33,0,0,16,0
14,163,406,184,161,0,0,16,0
45,19,40,184,1,0,0,16,0
25,144,0,64,33,0,1,15,1
14,162,324,184,4,0,0,16,0
14,162,393,179,27,0,0,16,0
31,61,0,71,33,0,0,15,0
14,162,477,161,107,0,5,16,1
49,160,0,131,33,0,8,16,1
45,19,87,184,5,0,7,16,0
15,56,483,184,30,1,1,16,0
29,155,238,184,147,0,5,16,0
62,20,413,8,30,1,9,14,1
11,34,89,129,125,0,1,16,1
12,113,0,34,33,0,0,15,1
14,162,157,185,28,0,5,16,0
55,123,362,134,154,0,5,16,1
27,201,482,161,181,0,0,5,0
14,162,128,185,134,0,5,9,1
40,267,308,161,175,1,2,16,1
27,117,0,66,33,0,1,16,0
45,19,145,184,9,0,0,16,0
5,162,57,179,27,0,1,16,0
62,124,380,102,25,0,0,14,0
15,204,391,184,110,0,8,5,1
28,35,447,77,28,0,7,16,0
60,162,0,156,33,0,0,16,0
5,162,460,184,28,0,0,16,0
28,180,0,67,33,0,0,16,0
17,116,0,45,28,0,4,15,1
35,72,118,11,30,1,0,16,0
38,162,469,106,117,0,1,16,0
33,164,0,74,33,0,0,16,0
54,56,97,161,30,1,0,16,0
15,122,0,42,33,0,10,15,1
5,162,186,161,28,0,1,16,0
14,257,380,162,25,0,0,14,0
16,236,0,44,33,0,0,16,0
1,47,0,1,33,0,0,16,1
6,123,0,14,33,0,1,14,0
4,258,50,16,30,1,5,17,1
65,276,175,184,30,1,0,16,0
5,162,268,184,32,0,0,16,0
8,123,373,137,41,0,7,14,1
55,93,394,122,29,0,1,16,0
55,93,265,161,118,0,8,16,0
6,40,0,14,33,0,5,16,0
2,33,457,176,24,0,5,16,0
0,0,332,99,30,1,1,16,1
47,45,0,129,33,0,8,14,1
3,123,34,135,39,0,1,16,0
8,123,374,9,148,0,5,16,0
33,168,482,161,30,1,0,16,0
29,155,368,179,30,1,1,16,0
64,205,405,6,30,1,0,16,0
44,42,406,184,161,0,0,16,0
27,117,187,61,106,0,0,16,0
29,198,169,180,30,1,0,16,0
49,277,263,111,136,0,8,16,0
28,180,41,184,30,1,1,17,1
5,162,268,184,32,0,0,16,0
47,59,348,184,30,1,0,16,0
13,43,416,145,30,1,1,16,1
14,162,0,36,33,0,7,16,1
1,47,4,79,30,1,0,16,0
14,162,115,185,30,1,1,16,0
47,59,98,185,8,0,1,16,0
15,203,484,161,151,0,1,16,0
14,162,324,184,4,0,0,16,0
61,245,0,157,33,0,2,16,1
64,199,29,184,1,0,0,16,0
33,264,0,74,33,0,0,16,0
15,204,241,161,30,1,8,5,1
34,25,431,179,30,1,1,16,1
29,212,238,184,30,1,5,16,0
27,117,0,66,33,0,1,16,1
47,48,94,35,30,1,0,16,0
0,0,95,94,30,1,1,16,0
49,160,0,131,33,0,8,16,0
54,21,413,8,165,0,0,16,0
15,176,200,86,113,0,0,14,0
32,162,325,115,25,0,5,16,0
40,268,62,176,30,1,0,16,0
60,162,0,156,33,0,0,15,0
5,162,129,161,178,0,3,18,1
42,126,442,164,30,1,0,16,0
29,200,238,184,30,1,0,16,0
16,91,55,164,30,1,1,16,0
30,220,0,69,33,0,1,15,1
45,19,342,184,5,0,1,17,0
28,151,427,184,28,0,0,18,0
17,98,31,184,5,0,10,6,1
29,212,427,184,30,1,1,16,0
14,166,390,184,132,0,5,16,0
14,166,496,184,13,0,10,16,1
5,162,271,179,27,0,0,16,0
45,19,155,179,27,0,0,16,0
16,178,200,84,113,0,0,16,0
14,162,105,184,61,0,1,16,0
3,123,34,135,39,0,1,16,0
49,160,80,184,30,1,1,16,0
17,98,31,184,33,0,10,16,0
49,84,373,137,30,1,0,16,0
55,135,140,77,30,1,9,14,1
42,127,442,164,30,1,0,16,0
17,89,0,45,174,0,2,16,1
17,116,0,45,16,0,4,15,0
40,267,9,102,97,0,1,16,0
65,276,0,174,33,0,0,16,1
31,111,427,184,7,0,0,16,0
14,166,496,184,32,0,10,10,0
61,85,0,157,33,0,8,16,1
58,226,334,122,30,1,7,16,0
25,210,374,9,106,0,0,16,0
13,51,0,35,27,0,1,16,0
14,162,400,161,30,1,0,16,0
5,162,261,184,32,0,0,16,0
6,123,47,137,29,0,5,14,1
0,257,380,162,35,0,0,14,0
14,162,104,161,179,0,5,16,0
62,158,0,170,33,0,5,16,1
1,105,0,1,33,0,5,16,1
47,45,348,184,30,1,0,16,0
39,278,187,61,28,0,1,16,0
16,178,0,44,33,0,11,15,1
14,166,270,184,6,0,5,16,0
62,68,211,161,30,1,1,16,1
28,151,205,179,27,0,0,16,0
14,166,390,184,132,0,5,16,0
45,19,44,181,30,1,0,17,0
6,123,279,134,28,0,5,16,0
32,162,0,73,33,0,0,16,0
29,198,149,49,79,0,1,16,0
31,239,0,71,33,0,0,16,1
55,93,480,137,30,1,7,16,1
61,85,395,140,33,0,1,16,0
45,19,342,184,5,0,1,16,0
44,42,0,120,33,0,5,16,1
47,45,348,184,30,1,0,16,0
31,115,299,179,30,1,0,16,1
14,166,120,184,132,0,7,16,1
5,162,303,161,178,0,0,18,0
61,86,134,179,30,1,1,16,0
65,272,0,174,33,0,0,14,0
38,162,0,107,33,0,0,16,0
55,123,373,137,41,0,1,5,0
55,93,0,139,33,0,7,16,0
14,139,138,179,29,0,1,16,1
61,85,395,140,125,0,1,16,0
14,162,115,185,30,1,1,16,0
23,159,0,61,33,0,1,16,0
11,179,89,129,27,1,0,17,0
14,162,22,184,61,0,0,16,0
20,278,111,179,30,1,0,16,1
31,60,0,71,33,0,0,16,0
61,222,355,132,80,0,1,16,1
5,162,286,179,27,0,0,16,0
5,162,57,179,27,0,1,16,0
30,24,295,179,112,0,1,1,0
55,135,0,139,33,0,0,16,0
30,233,299,179,27,0,0,16,1
61,63,358,179,30,1,0,16,0
28,274,458,184,33,0,0,16,0
44,197,161,161,30,1,1,18,0
34,191,324,184,7,0,0,18,0
30,233,298,179,30,1,1,16,1
45,19,44,181,30,1,0,16,0
31,270,490,185,30,1,5,18,1
0,0,332,99,30,1,1,16,0
5,162,292,179,27,0,0,16,0
34,171,82,184,50,0,5,16,1
14,162,107,161,179,0,1,16,0
25,145,0,64,33,0,1,15,1
5,162,222,179,27,0,0,16,0
61,63,0,157,121,0,2,15,0
8,123,362,134,154,0,7,16,0
23,159,187,105,30,1,1,16,0
15,41,141,47,30,1,5,16,1
17,110,28,184,82,0,1,16,1
62,68,0,170,33,0,0,16,0
28,35,319,119,173,0,1,16,0
29,212,238,184,30,1,5,16,0
5,162,273,161,120,0,5,16,0
56,8,334,122,30,1,1,16,1
6,123,49,137,28,0,7,14,1
55,93,0,139,33,0,7,16,0
64,205,405,6,30,1,0,16,0
8,123,397,185,58,0,0,16,0
62,255,238,184,115,0,0,16,0
14,162,115,185,30,1,1,16,0
48,175,197,72,30,1,1,16,1
14,162,128,185,134,0,5,16,0
0,0,0,0,109,0,0,16,0
55,123,362,134,154,0,5,16,0
6,123,289,185,58,0,0,16,0
61,85,395,140,125,0,1,16,0
40,267,436,161,169,0,1,16,0
11,34,203,184,7,0,5,16,1
45,19,342,184,5,0,1,16,0
34,25,431,179,30,1,1,16,0
29,198,236,184,145,0,0,16,0
5,162,287,179,27,0,0,16,0
31,115,183,96,30,1,0,16,0
62,68,0,170,33,0,0,16,0
27,201,273,11,28,0,5,18,1
5,114,380,162,25,0,1,14,0
29,215,179,58,30,1,0,16,0
6,123,421,16,80,0,0,16,0
14,162,22,184,61,0,0,16,0
29,211,238,184,30,1,1,18,1
1,47,88,184,30,1,0,16,0
30,35,383,49,30,1,1,16,1
8,123,197,72,108,0,0,16,0
28,173,0,67,25,0,1,16,1
14,162,324,184,4,0,0,16,0
31,96,427,184,30,1,1,16,0
14,257,0,36,33,0,5,15,1
23,159,187,105,30,1,1,16,1
61,63,358,179,30,1,0,16,0
47,59,476,75,30,1,0,16,0
46,77,0,128,33,0,0,16,1
49,277,492,174,26,0,0,16,0
40,267,0,112,33,0,1,14,0
44,197,212,111,30,1,0,16,0
64,199,371,179,0,0,1,16,1
2,33,465,176,71,0,8,16,0
0,0,195,62,30,1,0,16,0
3,123,65,21,30,1,0,16,0
5,162,223,179,27,0,0,16,0
48,175,197,72,30,1,1,16,0
31,115,427,184,30,1,0,16,0
34,73,0,75,33,0,1,16,1
15,97,407,151,164,0,1,16,1
42,128,442,164,30,1,0,16,0
65,149,98,185,30,1,0,16,0
14,166,386,161,30,1,0,16,0
64,205,456,185,119,0,0,16,0
14,162,24,184,61,0,0,16,0
23,159,275,163,23,0,0,16,0
11,34,248,185,28,0,5,16,1
33,219,476,75,30,1,0,16,0
40,267,180,179,27,0,1,16,0
14,166,269,184,132,0,5,16,0
49,277,354,161,121,0,0,16,0
45,19,253,161,121,0,0,16,0
61,85,0,157,33,0,8,16,1
53,26,378,161,33,0,0,16,0
5,162,57,179,27,0,1,16,0
0,0,334,122,30,1,0,16,0
47,45,382,141,25,0,1,17,0
1,138,262,161,30,1,0,18,0
15,71,229,161,30,1,0,17,0
30,37,149,49,30,1,0,16,0
60,162,420,161,30,1,11,5,1
64,195,351,161,150,0,0,16,0
15,204,230,184,4,0,0,16,0
14,162,400,161,30,1,0,16,0
14,3,0,36,33,0,7,16,1
38,162,469,106,117,0,1,16,0
5,162,273,161,120,0,5,16,1
14,62,240,184,30,1,0,16,0
5,162,0,13,33,0,0,16,0
23,263,406,184,161,0,0,16,0
49,277,323,11,136,0,5,16,0
60,162,0,156,33,0,0,15,0
23,159,200,184,7,0,0,16,0
2,78,297,111,30,1,1,16,1
10,1,0,23,33,0,0,16,0
40,268,9,102,97,0,1,16,1
29,155,468,180,24,0,1,18,0
23,256,0,61,33,0,0,16,0
9,27,45,184,7,0,0,16,0
65,272,309,11,28,0,0,16,0
6,140,480,137,30,1,1,16,0
14,166,270,184,6,0,5,16,0
38,162,273,161,104,0,5,16,0
5,162,187,61,30,1,0,16,0
6,123,49,137,28,0,7,16,1
65,272,80,184,30,1,5,18,1
14,162,128,185,134,0,5,16,0
15,122,0,42,33,0,10,14,1
15,97,229,161,30,1,0,16,0
5,162,186,161,28,0,1,16,0
29,198,427,184,30,1,1,16,1
31,61,36,6,30,1,0,18,0
31,115,427,184,30,1,0,16,0
64,195,80,184,28,0,0,18,0
6,123,0,14,33,0,1,14,0
14,162,324,184,4,0,0,16,0
11,34,247,129,28,0,0,18,0
49,160,351,161,30,1,0,16,0
6,123,421,16,80,0,0,16,0
5,162,284,179,27,0,0,16,0
54,21,98,185,54,0,7,5,1
34,25,0,75,33,0,1,16,1
64,195,37,185,161,0,5,0,1
14,166,324,184,59,1,0,16,0
29,208,169,180,30,1,0,16,0
25,58,0,64,33,0,0,14,0
35,14,0,76,33,0,5,16,1
61,85,491,184,30,1,0,16,0
27,117,380,96,25,0,0,14,0
55,123,0,139,25,0,9,15,0
40,267,79,161,75,0,1,18,1
14,162,240,184,115,0,0,16,0
49,84,0,131,121,0,5,15,1
27,201,420,156,128,0,7,16,0
0,0,336,3,30,1,1,16,0
32,162,200,184,7,0,0,12,0
49,277,0,131,161,0,0,15,0
17,110,110,184,15,0,0,16,0
47,131,381,140,30,1,8,16,0
55,93,476,75,155,0,5,16,0
5,162,0,13,33,0,0,16,0
18,92,0,51,33,0,0,16,1
34,191,144,161,30,1,0,14,0
5,162,292,179,27,0,0,16,0
50,275,264,185,30,1,0,16,0
49,84,140,50,30,1,0,16,0
14,166,269,184,132,0,5,16,0
27,201,0,66,33,0,5,15,0
17,89,19,161,126,0,7,16,0
30,233,298,179,30,1,1,16,0
3,123,0,5,33,0,0,15,0
47,48,4,0,34,0,5,16,0
3,123,34,135,39,0,1,16,0
34,191,0,75,33,0,0,16,0
5,162,186,161,28,0,1,16,0
31,115,0,71,33,0,0,14,0
38,162,0,107,33,0,0,16,0
5,162,200,184,7,0,0,16,0
5,162,482,161,182,0,9,16,0
4,260,277,137,30,1,0,16,0
35,64,45,184,1,0,0,16,0
30,220,149,49,30,1,0,17,0
15,56,12,184,30,1,0,16,0
30,219,0,69,27,0,1,14,1
5,162,255,184,135,0,0,16,0
5,162,406,184,161,0,0,16,0
4,97,407,151,80,0,1,16,0
55,93,377,184,49,0,0,16,0
28,180,36,6,25,0,1,14,1
30,5,89,67,30,1,1,16,0
61,85,491,184,30,1,0,16,0
49,277,430,160,121,0,1,16,0
64,199,370,179,0,0,1,16,0
11,34,289,185,30,1,1,16,0
5,162,57,179,27,0,1,16,0
29,198,179,58,30,1,0,16,0
15,56,260,185,30,1,1,16,0
17,110,0,45,33,0,8,16,0
55,93,381,140,29,0,0,16,0
29,215,0,68,33,0,0,14,0
47,48,472,59,80,0,0,14,0
31,111,121,181,30,1,1,16,0
45,19,113,184,32,0,1,6,0
5,162,186,161,28,0,1,16,0
33,168,122,184,30,1,0,16,0
29,198,427,184,30,1,1,16,0
62,53,194,161,30,1,0,16,0
45,88,0,125,33,0,8,16,0
29,200,0,68,33,0,0,14,0
49,277,323,11,136,0,5,16,0
15,41,200,184,7,0,0,12,0
5,162,387,184,32,0,0,16,0
31,239,201,184,28,0,5,10,1
31,181,238,184,24,0,1,6,1
12,17,219,179,30,1,0,16,0
8,123,362,134,154,0,7,16,1
0,0,334,122,30,1,0,16,0
17,89,25,161,30,1,1,16,0
26,95,169,180,30,1,7,16,1
14,162,105,184,61,0,1,16,0
47,59,491,184,30,1,0,16,0
3,123,479,134,154,0,9,16,0
55,93,245,161,105,0,1,16,0
11,179,356,101,28,0,1,16,1
25,109,0,64,33,0,0,14,0
61,85,491,184,30,1,0,16,0
8,123,362,134,154,0,7,16,0
11,179,355,132,80,0,1,16,1
58,153,381,140,25,0,1,18,1
30,219,295,179,27,0,1,16,0
29,212,482,184,145,0,9,18,1
15,71,0,42,33,0,8,16,1
61,85,88,184,30,1,0,16,0
31,181,329,184,30,1,0,16,0
27,117,187,61,106,0,0,14,0
32,162,325,115,25,0,5,16,1
44,42,200,184,7,0,0,16,0
45,19,233,182,30,1,5,16,0
34,25,6,179,30,1,5,16,1
33,164,254,106,117,0,1,14,1
11,34,248,185,28,0,5,6,1
40,108,0,112,33,0,0,16,0
19,193,405,6,30,1,0,16,0
40,267,193,161,27,1,12,14,0
49,32,0,131,33,0,0,16,0
8,123,424,157,168,0,0,14,0
17,154,0,45,33,0,6,16,1
13,51,0,35,27,0,1,16,0
39,278,306,184,161,0,0,16,0
14,162,157,185,131,0,5,16,0
29,196,427,184,30,1,1,16,1
14,162,128,185,32,0,5,16,0
34,190,380,102,25,0,0,14,0
62,119,406,184,28,0,0,16,0
29,207,169,180,30,1,0,16,0
14,166,0,36,33,0,0,16,0
40,267,308,161,30,1,2,16,1
15,122,1,178,33,0,0,16,0
1,259,417,146,30,1,0,14,0
64,9,177,57,30,1,1,16,1
29,136,0,68,33,0,0,16,0
16,178,55,2,125,0,1,16,0
14,162,115,185,30,1,1,16,0
65,276,0,174,33,0,0,15,0
6,40,52,61,30,1,0,16,0
15,203,251,161,151,0,1,16,0
62,70,380,161,175,0,5,16,1
49,277,263,111,136,0,8,17,1
29,215,169,180,30,1,0,16,0
5,162,287,179,27,0,0,16,0
4,97,373,137,156,0,1,14,1
60,162,331,121,28,0,0,16,0
27,201,482,161,181,0,0,18,0
62,241,289,185,122,0,0,5,0
65,276,1,178,33,0,0,16,0
61,63,358,179,30,1,0,16,0
14,169,478,161,67,0,7,14,1
17,98,0,45,33,0,1,15,1
44,16,274,102,25,0,0,16,0
44,138,418,111,30,1,1,16,1
40,108,147,91,24,0,5,16,0
14,162,302,184,61,0,1,16,0
5,162,387,184,32,0,0,16,0
39,278,34,135,28,0,0,14,0
15,204,391,184,110,0,8,16,1
5,162,286,179,27,0,0,16,0
48,175,89,129,30,1,0,16,0
30,38,0,69,33,0,1,16,1
15,122,1,178,33,0,0,16,0
14,166,270,184,6,0,5,16,0
44,42,332,99,30,1,0,16,0
46,77,376,18,30,1,0,16,0
11,34,247,129,121,0,0,16,0
14,162,393,179,27,0,0,16,0
55,123,172,184,7,0,1,16,0
55,123,357,179,27,0,0,16,0
47,45,191,161,107,0,1,5,1
64,9,218,179,30,1,0,16,0
14,166,145,184,59,0,0,16,0
56,8,334,122,30,1,1,16,0
17,116,189,184,5,0,5,16,1
55,123,65,21,30,1,0,16,0
55,123,65,21,30,1,0,16,0
47,48,0,129,29,0,0,16,1
47,59,98,185,54,0,1,16,1
47,59,34,155,124,0,0,16,0
24,28,238,184,161,0,0,16,0
6,123,280,137,138,0,5,14,0
55,123,65,21,30,1,0,16,0
6,40,200,184,7,0,0,16,0
65,276,30,184,24,0,0,18,0
19,193,324,185,30,1,1,16,1
15,41,131,53,22,0,1,18,0
61,85,395,140,33,0,1,16,0
8,123,397,185,58,0,0,16,0
5,114,380,162,25,0,1,14,0
5,162,187,61,30,1,0,16,0
33,264,200,184,7,0,1,16,1
5,162,268,184,32,0,0,16,0
14,162,393,179,27,0,0,16,0
47,59,373,137,41,0,1,16,1
14,166,269,184,32,0,5,16,0
5,162,129,161,178,0,3,18,1
15,204,230,184,4,0,0,16,0
26,95,468,180,30,1,5,16,1
61,246,84,72,30,1,5,16,0
53,170,380,6,33,0,0,14,0
5,162,406,184,161,0,0,16,0
30,5,89,67,30,1,1,16,1
29,200,169,180,30,1,1,16,0
31,115,468,180,28,0,0,16,0
64,206,0,173,33,0,0,15,0
14,162,307,161,121,0,5,16,0
27,201,181,60,80,0,1,16,0
55,123,172,184,7,0,1,16,0
5,162,222,179,27,0,0,16,0
14,166,496,184,13,0,10,16,0
40,267,193,161,30,1,12,16,1
23,159,482,161,22,0,1,17,1
14,162,128,185,134,0,5,0,1
49,277,354,161,121,0,0,16,0
34,25,6,179,30,1,5,17,0
3,123,34,135,39,0,1,16,0
49,84,373,137,30,1,0,16,0
31,239,468,180,28,0,0,16,0
45,19,253,161,121,0,0,16,0
45,19,155,179,27,0,0,16,0
17,89,25,161,30,1,1,16,1
30,106,0,69,33,0,5,16,1
47,45,92,179,30,1,1,16,0
31,115,238,184,24,0,1,6,1
28,151,18,184,30,1,1,18,0
11,34,289,185,30,1,1,16,1
14,162,324,184,4,0,0,16,0
49,7,362,134,30,1,1,14,1
34,25,481,6,121,0,1,10,0
55,123,172,184,7,0,1,16,0
55,123,65,21,30,1,0,16,0
14,162,240,184,115,0,0,16,0
14,166,0,36,33,0,0,16,0
14,162,307,161,121,0,5,16,0
28,35,430,70,173,0,1,16,0
39,278,111,179,30,1,0,16,0
9,27,300,184,7,0,0,16,0
47,48,94,35,30,1,0,16,0
33,219,0,74,33,0,0,16,0
58,153,0,142,33,0,8,16,1
39,278,34,135,28,0,0,16,0
15,41,147,48,28,0,8,17,0
55,93,381,140,29,0,0,16,0
23,256,485,102,80,0,1,18,1
45,19,0,125,33,0,5,15,0
25,109,373,137,30,1,5,16,0
14,162,135,161,130,0,8,16,0
65,276,29,184,28,0,0,16,0
33,164,379,61,30,1,0,16,0
55,93,252,179,152,0,1,17,0
14,162,115,185,30,1,1,16,0
3,123,0,5,33,0,0,16,0
34,25,298,6,30,1,0,14,0
15,41,131,53,22,0,1,18,1
5,162,186,161,28,0,1,16,0
6,123,421,16,80,0,0,16,0
15,56,130,53,30,1,0,16,0
5,114,0,13,33,0,8,16,1
2,33,457,176,24,0,5,14,0
55,23,0,139,27,0,0,16,0
8,123,197,72,108,0,0,14,0
45,88,488,161,28,0,5,16,0
14,162,240,184,115,0,0,16,0
3,123,98,185,54,0,1,18,1
5,162,482,161,182,0,9,17,0
8,123,0,17,33,0,1,16,0
8,123,397,185,58,0,0,16,0
18,271,0,51,33,0,0,16,1
11,179,89,129,30,1,0,16,0
45,19,87,184,5,0,7,11,1
5,162,0,13,33,0,0,16,0
5,162,273,161,120,0,5,16,0
35,72,112,185,28,0,0,17,0
11,34,206,184,7,0,1,20,0
14,162,192,179,27,0,0,16,0
15,41,147,48,121,0,8,17,1
47,133,0,129,33,0,9,16,1
62,20,413,8,30,1,9,14,1
27,282,0,66,33,0,1,16,1
9,172,62,19,30,1,1,16,1
29,207,238,184,30,1,1,18,1
29,196,238,184,30,1,0,16,0
6,123,279,134,28,0,5,16,0
34,171,322,179,30,1,1,18,1
47,45,382,141,121,0,1,16,0
55,93,89,32,52,0,0,16,0
33,219,103,37,30,1,1,16,1
9,27,403,11,160,0,5,16,0
61,85,92,179,30,1,0,16,0
15,203,487,161,151,0,1,17,1
28,35,447,77,28,0,7,16,0
11,50,89,129,30,1,1,18,1
14,162,135,161,28,0,8,16,1
40,267,437,184,5,0,5,16,1
5,162,261,184,135,0,0,16,0
1,137,246,184,29,0,0,16,0
12,78,297,111,30,1,5,16,0
64,199,370,179,0,0,1,16,0
16,91,0,44,33,0,0,16,0
5,162,303,161,178,0,0,18,0
49,277,323,11,33,0,5,16,0
55,57,0,139,33,0,0,15,0
44,90,11,120,42,0,1,19,1
55,93,0,139,33,0,7,16,1
6,40,482,161,182,0,1,18,0
49,277,492,174,26,0,0,14,0
5,162,482,161,182,0,9,16,0
55,93,476,75,155,0,5,16,1
40,267,0,112,33,0,0,16,0
3,123,479,134,154,0,9,16,1
40,267,193,161,27,1,12,16,0
47,45,382,141,121,0,1,16,0
61,85,92,179,30,1,0,16,0
31,18,0,71,33,0,0,16,1
5,162,200,184,7,0,0,16,0
15,56,165,55,30,1,0,16,0
11,2,228,185,30,1,1,5,1
34,25,0,75,33,0,1,14,0
64,206,0,173,33,0,0,14,0
33,264,406,184,161,0,0,16,0
45,19,114,184,28,0,5,20,1
14,162,400,161,30,1,0,16,0
5,162,268,184,32,0,0,16,0
27,210,374,9,144,0,1,16,1
11,179,289,185,30,1,0,6,0
61,246,285,179,30,1,1,16,0
45,88,232,184,28,0,0,16,0
33,265,161,161,120,0,1,18,1
40,267,62,176,30,1,0,16,0
16,91,55,164,30,1,1,16,1
12,248,219,179,30,1,1,16,1
29,155,0,68,33,0,1,14,0
34,75,0,75,33,0,1,16,1
3,123,479,134,154,0,9,16,0
29,207,179,58,30,1,0,16,0
55,93,381,140,29,0,0,16,0
9,87,380,98,25,0,1,16,1
45,19,44,181,30,1,0,16,0
28,35,0,67,121,0,5,16,0
49,277,0,131,33,0,0,16,1
15,41,435,179,30,1,5,16,0
64,199,372,179,0,0,1,16,1
6,140,0,14,33,0,0,16,0
28,151,299,179,32,0,0,16,0
5,162,387,184,135,0,0,16,0
45,99,0,125,33,0,5,16,0
65,276,221,179,30,1,0,16,0
65,273,30,184,28,0,0,18,0
14,257,173,179,30,1,0,16,1
15,56,483,184,30,1,1,16,1
14,78,0,36,33,0,0,16,0
47,45,382,141,25,0,1,16,0
44,197,123,111,143,0,1,18,1
28,35,319,119,173,0,1,17,1
15,203,484,161,151,0,1,17,1
64,199,30,184,1,0,0,16,0
65,273,0,174,33,0,0,16,1
29,194,179,58,30,1,1,16,0
49,35,352,11,66,0,1,16,0
56,8,210,79,30,1,1,16,1
14,162,192,179,27,0,0,16,0
5,162,0,13,33,0,0,16,0
0,0,0,0,28,0,0,16,0
14,166,0,36,33,0,0,16,0
5,162,223,179,27,0,0,16,0
3,123,34,135,39,0,1,16,0
47,45,348,184,30,1,0,16,0
1,138,361,179,185,0,1,16,1
65,276,220,179,30,1,0,16,0
14,162,24,184,61,0,0,16,0
39,278,111,179,30,1,0,16,1
44,197,212,111,30,1,0,16,0
44,90,11,120,42,0,1,16,0
5,162,284,179,27,0,0,16,0
45,19,113,184,32,0,1,16,0
21,97,72,161,84,0,1,16,1
14,162,314,179,27,0,0,16,0
14,162,107,161,179,0,1,16,0
14,162,324,184,4,0,0,16,0
45,88,153,161,121,0,1,16,0
15,204,0,42,33,0,0,15,0
6,123,47,137,29,0,5,16,0
5,162,0,13,33,0,0,16,0
14,166,269,184,132,0,5,16,0
14,166,324,184,59,1,0,16,0
12,248,416,145,30,1,0,16,0
47,131,381,140,30,1,8,16,1
45,88,0,125,33,0,8,16,0
47,48,93,34,51,0,1,16,0
13,51,0,35,27,0,1,16,0
54,56,97,8,30,1,1,16,1
5,162,273,161,120,0,5,16,0
4,11,141,43,30,1,1,14,1
17,154,0,45,28,0,6,15,1
51,56,0,135,33,0,0,15,0
55,123,362,134,154,0,5,16,1
5,162,284,179,27,0,0,16,0
29,215,427,184,30,1,0,16,0
5,162,324,184,162,0,9,16,0
29,200,169,180,30,1,1,16,1
34,25,431,179,30,1,1,3,0
34,65,45,183,30,1,10,6,1
6,123,421,16,80,0,0,16,0
49,277,354,161,26,0,0,18,0
49,277,430,160,26,0,1,0,0
14,166,496,184,13,0,10,16,1
17,89,19,161,126,0,7,16,0
58,226,411,161,107,0,0,16,0
64,195,37,185,161,0,5,16,1
45,19,0,125,33,0,5,16,1
47,133,133,179,30,1,0,16,0
14,162,400,161,30,1,0,16,0
55,221,367,179,30,1,5,16,0
42,125,0,114,33,0,0,15,0
11,34,0,33,33,0,7,15,0
5,162,261,184,32,0,0,16,0
19,193,0,54,33,0,5,16,1
9,27,315,117,80,0,8,16,0
14,169,476,75,30,1,0,16,0
28,151,299,179,32,0,0,16,0
0,0,410,154,30,1,1,16,0
45,19,145,184,9,0,0,5,0
42,103,0,114,33,0,0,16,0
45,19,145,184,9,0,0,5,0
8,123,0,17,33,0,1,15,0
45,19,87,184,5,0,7,16,0
49,32,185,161,105,0,1,16,0
49,84,0,131,33,0,5,16,1
31,115,427,184,30,1,0,18,0
15,204,0,42,121,0,0,15,0
58,46,159,77,30,1,0,18,0
5,162,292,179,27,0,0,16,0
60,162,80,184,132,0,0,16,0
28,35,90,49,30,1,0,16,0
5,162,129,161,178,0,3,18,1
20,278,36,6,33,0,0,16,0
28,151,170,179,33,0,0,16,0
14,162,192,179,27,0,0,16,0
5,162,482,161,182,0,9,16,0
45,19,233,182,30,1,5,13,0
47,59,0,129,33,0,5,16,1
51,56,99,107,30,1,1,14,1
0,0,132,46,30,1,1,16,0
29,200,301,186,29,0,0,16,0
61,86,0,157,33,0,1,16,1
39,278,405,7,29,1,0,14,0
34,25,324,184,30,1,0,16,0
18,35,0,51,33,0,0,16,1
3,123,0,5,33,0,0,14,0
19,193,0,54,33,0,5,16,0
40,267,0,112,33,0,0,16,0
45,19,340,184,5,0,5,16,1
5,162,186,161,121,0,1,0,0
34,67,389,161,30,1,5,16,1
47,48,4,0,34,0,5,16,0
14,162,104,161,179,0,5,16,0
64,199,370,179,0,0,1,16,0
51,56,0,135,33,0,0,15,0
4,258,0,12,33,0,5,15,1
55,93,377,184,49,0,0,16,0
45,19,339,184,7,0,1,16,1
5,162,482,161,182,0,9,16,0
14,163,200,184,7,0,0,16,0
17,89,0,45,174,0,2,16,1
49,84,430,160,26,0,0,16,0
31,60,427,184,30,1,0,16,0
35,64,28,184,1,0,0,16,0
31,250,183,96,30,1,0,16,0
42,128,0,114,33,0,0,16,0
5,162,186,161,28,0,1,16,0
45,19,339,184,7,0,1,16,0
61,246,0,157,33,0,1,15,0
47,133,133,179,30,1,0,16,0
34,25,17,179,30,1,1,3,0
8,123,373,137,41,0,7,16,1
11,34,200,87,113,0,0,16,0
14,257,380,162,25,0,0,14,0
14,162,105,184,61,0,1,16,0
58,226,0,142,25,0,0,16,0
14,166,254,106,117,0,8,16,0
44,90,226,120,42,0,1,19,1
14,162,105,184,61,0,1,16,0
47,249,0,129,33,0,5,15,1
64,205,0,173,33,0,9,16,0
55,93,89,32,52,0,0,16,0
28,151,364,96,30,1,0,18,0
56,8,4,0,30,1,1,16,1
34,25,142,161,30,1,1,14,0
28,151,0,67,12,0,0,15,0
14,78,297,111,30,1,1,16,1
0,0,195,62,30,1,0,16,0
15,71,156,185,30,1,5,16,0
28,151,364,96,30,1,0,16,0
14,166,120,184,132,0,7,16,0
14,162,302,184,61,0,1,16,0
13,43,0,35,4,0,0,15,0
45,19,0,125,33,0,5,15,0
13,43,406,184,161,0,0,16,0
33,164,66,161,30,1,0,16,0
34,190,273,161,30,1,1,16,1
14,139,0,36,33,0,7,16,1
0,0,195,62,30,1,0,16,0
13,132,408,145,30,1,1,16,1
35,64,112,184,186,0,0,16,0
14,166,254,106,117,0,8,16,0
5,162,261,184,32,0,0,16,0
35,14,237,180,20,1,0,16,0
61,222,200,184,7,0,0,18,0
55,93,363,9,123,0,0,16,0
64,199,372,179,0,0,1,16,0
5,162,324,184,162,0,9,16,0
64,205,347,185,139,0,5,16,1
4,184,366,161,118,0,1,16,0
17,110,200,184,7,0,0,16,0
33,164,208,184,110,0,1,18,0
14,169,307,161,30,1,8,16,1
34,171,298,6,30,1,0,14,0
33,112,377,184,49,0,8,16,0
29,212,201,186,19,0,0,16,0
41,252,464,169,103,0,5,18,1
62,120,200,184,7,0,0,19,0
5,162,482,161,182,0,9,18,1
29,155,427,184,29,0,0,18,0
3,123,0,5,33,0,0,16,0
5,162,273,161,120,0,5,14,1
38,162,459,161,104,0,1,14,1
3,123,65,21,30,1,0,16,0
31,239,401,149,30,1,1,16,1
28,151,422,69,25,0,1,16,0
34,171,322,179,30,1,1,16,0
6,123,280,137,138,0,5,14,1
28,183,298,179,30,1,0,16,0
5,114,380,162,25,0,1,14,0
14,166,270,184,6,0,5,16,0
14,162,115,185,30,1,1,16,0
14,162,307,161,28,0,5,16,0
28,180,413,8,30,1,0,16,0
38,162,386,184,68,0,0,16,0
14,166,269,184,132,0,5,16,0
39,278,42,6,25,0,0,14,0
65,276,175,184,30,1,0,16,0
45,19,267,184,6,0,0,6,0
42,125,14,111,30,1,0,16,0
14,3,0,36,33,0,7,16,1
47,48,94,35,30,1,0,16,0
3,123,363,9,123,0,0,14,0
14,257,0,36,33,0,5,15,1
64,206,294,184,26,0,7,18,1
49,32,184,161,105,0,1,5,1
23,263,406,184,161,0,0,16,0
0,0,475,184,30,1,0,16,0
40,108,433,29,98,0,1,16,0
65,276,29,184,28,0,0,16,0
14,162,240,184,115,0,0,16,0
12,78,446,34,24,0,8,17,0
49,160,455,160,121,0,1,16,0
4,260,147,48,25,0,0,14,0
29,212,427,184,30,1,1,16,0
8,123,65,21,30,1,0,16,0
12,78,297,111,30,1,5,16,0
60,162,198,184,5,0,5,10,1
14,162,476,75,30,1,0,16,0
6,123,279,134,28,0,5,16,0
48,175,424,157,30,1,0,16,0
35,14,112,110,28,0,5,16,1
55,221,367,179,30,1,5,16,1
40,267,0,112,33,0,0,16,0
29,212,0,68,33,0,0,14,0
39,278,111,179,30,1,0,16,0
61,86,92,179,30,1,0,16,0
64,199,0,173,1,0,13,15,1
30,24,0,69,33,0,0,14,0
45,19,190,184,5,0,0,16,0
64,199,370,179,0,0,1,16,1
14,257,173,179,30,1,0,16,0
61,245,285,179,27,0,0,16,0
8,123,89,129,24,0,1,16,0
14,162,157,185,131,0,5,16,0
8,123,89,129,24,0,1,14,0
5,162,57,179,27,0,1,16,0
15,204,0,42,33,0,0,15,0
44,197,0,120,33,0,0,14,0
42,127,0,114,33,0,0,16,0
52,97,380,162,25,0,0,14,0
5,162,129,161,178,0,3,18,1
14,162,157,185,28,0,5,16,0
64,199,30,184,1,0,0,16,0
29,215,169,180,30,1,0,16,0
56,78,0,140,33,0,0,15,0
5,162,57,179,27,0,1,16,0
62,68,200,184,28,0,1,19,1
2,33,193,161,30,1,0,16,0
14,166,0,36,33,0,0,16,0
64,195,0,173,33,0,5,16,0
39,278,42,6,121,0,0,16,0
27,201,200,184,7,0,0,16,0
55,57,476,75,30,1,1,16,1
55,221,367,179,30,1,5,16,1
5,162,284,179,27,0,0,16,0
34,65,45,183,30,1,10,6,1
15,41,0,42,33,0,2,16,1
47,59,348,184,30,1,0,16,0
45,19,233,182,30,1,5,13,0
30,5,299,179,30,1,0,16,0
12,248,73,163,29,0,0,18,0
33,247,0,74,33,0,0,16,0
55,123,0,139,25,0,9,15,0
29,212,0,68,33,0,0,14,0
14,162,302,184,61,0,1,16,0
47,49,256,184,14,0,1,16,0
31,181,329,184,30,1,0,16,0
35,64,112,184,186,0,0,16,0
29,212,238,184,30,1,5,16,0
23,97,275,163,30,1,1,13,1
17,98,0,45,33,0,1,15,0
34,65,0,75,33,0,0,16,0
6,123,49,137,28,0,7,16,1
29,212,169,180,30,1,1,16,0
65,272,309,11,28,0,0,16,0
47,59,0,129,33,0,5,16,0
40,108,468,184,30,1,1,16,0
31,239,401,149,30,1,1,16,0
62,70,211,161,30,1,0,16,0
14,162,324,184,4,0,0,16,0
29,211,427,184,30,1,1,16,1
14,162,240,184,115,0,0,16,0
14,166,496,184,13,0,10,16,0
12,78,297,111,30,1,5,16,1
5,162,57,179,27,0,1,16,0
34,186,273,161,30,1,1,16,1
5,162,286,179,27,0,0,16,0
31,239,0,71,33,0,0,16,0
64,199,0,173,146,0,13,15,1
32,162,482,161,30,1,5,16,0
47,59,466,64,25,0,0,16,0
19,271,0,54,33,0,0,16,0
5,114,0,13,33,0,8,16,0
17,89,25,161,30,1,1,16,0
6,140,375,83,30,1,1,14,0
29,212,0,68,33,0,0,14,0
34,186,0,75,33,0,5,15,1
14,162,199,179,27,0,0,16,0
45,19,155,179,27,0,0,16,0
0,0,63,20,30,1,0,16,0
38,162,432,161,30,1,0,16,0
64,199,372,179,0,0,1,16,0
27,201,183,96,30,1,0,16,0
55,57,195,62,121,0,0,16,0
14,162,240,184,115,0,0,16,0
31,115,41,185,161,0,1,6,1
17,98,31,184,33,0,10,16,0
28,35,90,49,30,1,0,16,0
27,201,183,96,30,1,0,16,0
64,195,0,173,28,0,5,16,0
2,33,193,161,30,1,0,16,0
29,212,169,180,30,1,1,16,0
5,162,273,161,120,0,5,16,0
47,48,94,35,30,1,0,16,0
40,267,308,161,30,1,2,16,1
31,111,149,49,30,1,1,16,0
64,205,0,173,33,0,9,16,1
47,133,0,129,33,0,9,15,0
9,27,494,176,24,0,0,18,0
15,97,0,42,33,0,5,15,1
2,33,344,40,25,0,0,16,0
64,9,413,8,30,1,1,16,0
23,97,200,184,12,0,1,5,1
44,197,161,161,30,1,1,18,1
2,78,0,4,33,0,1,16,1
29,212,179,58,30,1,0,16,0
9,27,64,184,161,0,0,16,0
65,276,29,184,28,0,0,16,0
62,20,69,22,30,1,0,16,0
28,35,425,49,30,1,0,16,0
14,166,324,184,59,1,0,16,0
34,189,0,75,33,0,1,16,1
17,98,0,45,33,0,1,15,0
34,171,143,161,30,1,0,18,0
5,114,380,162,25,0,1,14,0
0,0,0,0,28,0,0,16,0
15,204,229,161,33,0,0,18,0
14,166,390,184,132,0,5,16,0
27,282,362,134,30,1,0,16,0
49,277,353,184,32,0,1,0,0
42,103,304,26,30,1,0,16,0
2,269,404,176,30,1,1,16,1
28,238,401,149,30,1,0,16,0
5,162,286,179,27,0,0,16,0
9,172,0,20,33,0,0,16,0
65,273,309,11,30,1,0,16,0
14,166,0,36,33,0,0,16,0
9,27,320,98,73,0,1,16,0
9,27,64,184,161,0,0,16,0
14,162,477,161,107,0,5,16,1
35,14,0,76,33,0,5,15,1
14,166,120,184,32,0,7,16,1
34,186,0,75,33,0,5,16,1
60,162,331,121,33,0,0,16,0
5,162,0,13,33,0,0,16,0
5,162,0,13,33,0,0,16,0
14,162,476,75,30,1,0,16,0
14,162,199,179,27,0,0,16,0
60,162,420,161,30,1,11,5,1
13,51,140,77,30,1,9,16,0
55,123,0,139,25,0,9,16,1
5,162,292,179,27,0,0,16,0
5,162,261,184,32,0,0,16,0
5,162,273,161,120,0,5,16,0
55,93,381,140,29,0,0,16,0
1,259,100,111,143,0,1,16,1
31,239,200,184,7,0,1,16,0
17,98,30,184,5,0,10,16,0
23,159,273,161,178,0,5,5,1
11,50,0,33,33,0,5,15,1
15,204,168,184,110,0,9,10,0
54,21,43,181,140,0,1,17,1
28,151,299,179,32,0,0,16,0
6,40,161,161,120,0,5,16,1
9,27,45,184,7,0,0,16,0
65,273,294,184,30,1,0,16,0
49,7,0,131,33,0,0,16,0
55,93,394,122,29,0,1,16,1
30,233,298,179,30,1,1,16,0
47,131,4,0,30,1,7,16,0
64,199,450,185,172,0,0,16,0
49,35,59,185,30,1,0,16,0
50,275,326,11,30,1,0,16,0
61,85,491,184,30,1,0,16,0
45,19,253,161,121,0,0,16,0
45,19,233,182,30,1,5,16,0
47,59,466,64,25,0,0,16,0
5,162,187,61,30,1,0,16,0
47,45,94,35,25,0,1,16,0
5,162,268,184,32,0,0,16,0
45,99,135,161,30,1,1,16,0
45,19,44,181,30,1,0,16,0
28,244,396,179,30,1,0,16,0
38,162,459,161,104,0,1,16,0
8,123,397,185,58,0,0,16,0
15,203,33,161,151,0,1,16,0
8,123,374,9,148,0,5,16,1
29,212,401,149,25,0,0,16,0
47,59,466,64,25,0,0,16,0
14,62,211,161,30,1,0,16,0
5,162,273,161,120,0,5,16,0
61,245,0,157,33,0,2,15,1
14,166,240,184,30,1,0,16,0
14,162,302,184,61,0,1,16,0
14,162,128,185,134,0,5,16,0
55,123,362,134,154,0,5,16,0
8,123,0,17,33,0,1,15,0
33,264,380,148,65,0,1,16,1
14,166,196,184,132,0,7,16,0
14,162,302,184,61,0,1,16,1
23,159,275,161,178,1,7,16,0
14,162,104,161,179,0,5,16,0
28,274,0,67,33,0,1,16,1
14,162,476,75,30,1,0,16,0
5,162,0,13,33,0,0,16,0
45,88,0,125,33,0,8,16,0
3,123,363,9,123,0,0,14,0
14,162,135,161,130,0,8,16,0
47,131,4,0,30,1,7,16,0
58,226,411,161,86,0,0,18,0
5,162,286,179,27,0,0,16,0
61,85,0,157,33,0,8,15,0
15,41,0,42,33,0,2,16,1
17,89,20,161,70,0,0,16,0
29,212,0,68,33,0,0,14,0
3,123,65,21,30,1,0,16,0
45,88,0,125,33,0,8,16,1
34,76,0,75,33,0,1,16,1
31,96,0,71,33,0,5,15,1
28,35,319,119,121,0,1,16,0
47,131,4,0,30,1,7,16,0
27,201,406,184,161,0,0,16,0
15,204,391,184,110,0,8,16,0
29,212,179,58,30,1,0,16,0
55,123,172,184,7,0,1,16,0
29,212,482,184,145,0,9,16,1
39,278,42,6,25,0,0,16,0
28,151,18,184,30,1,1,16,0
47,131,381,140,30,1,8,16,0
53,26,0,137,33,0,5,15,1
65,276,1,178,33,0,0,16,0
49,277,323,11,136,0,5,16,0
14,257,380,162,25,0,0,14,0
14,162,192,179,27,0,0,16,0
31,173,0,71,33,0,0,16,1
34,25,0,75,33,0,1,14,1
55,93,476,75,155,0,5,16,1
24,142,200,184,7,0,1,12,1
55,123,172,184,7,0,1,5,1
5,162,223,179,27,0,0,16,0
5,162,255,184,135,0,0,16,0
55,123,328,137,121,0,1,16,0
29,212,169,180,30,1,1,16,0
17,116,0,45,28,0,4,15,1
9,27,320,98,73,0,1,16,0
38,162,468,161,175,0,0,16,0
12,248,209,184,110,0,1,12,1
31,239,401,149,30,1,1,16,0
9,78,0,20,33,0,1,16,1
11,34,206,184,7,0,1,11,0
34,25,142,161,30,1,1,16,1
14,166,386,161,30,1,0,16,0
11,97,4,0,30,1,1,16,1
40,267,308,161,175,1,2,16,1
45,88,152,161,28,0,1,16,1
26,95,380,161,29,0,0,14,0
45,88,137,182,83,0,1,16,0
33,266,0,74,33,0,1,16,1
55,93,0,139,33,0,7,16,0
47,45,348,184,30,1,0,16,0
47,48,435,179,27,0,1,16,0
5,162,284,179,27,0,0,16,0
56,8,0,140,33,0,0,16,0
5,162,129,161,178,0,3,16,0
45,19,155,179,27,0,0,16,0
5,162,187,61,30,1,0,16,0
4,97,147,48,25,0,1,16,1
14,162,0,36,33,0,7,14,0
9,27,402,11,121,0,5,10,0
45,19,249,184,7,0,0,16,0
34,25,211,161,30,1,1,16,0
28,4,38,9,30,1,5,16,1
27,201,406,184,161,0,0,16,0
15,97,0,42,33,0,5,16,1
12,78,0,34,33,0,13,16,1
5,162,287,179,27,0,0,16,0
49,277,263,111,136,0,8,17,1
15,71,147,48,80,0,9,16,0
9,27,321,184,161,0,0,16,0
23,256,406,184,161,0,0,16,0
34,25,17,179,30,1,1,18,1
47,49,21,184,7,0,1,16,1
49,121,273,161,30,1,0,16,0
49,160,80,184,30,1,1,18,0
14,162,476,75,30,1,0,16,0
62,158,390,163,30,1,5,16,1
5,162,200,184,7,0,0,16,0
47,59,0,129,33,0,5,16,0
30,31,0,69,33,0,9,15,1
47,48,0,129,29,0,0,14,0
49,32,2,161,37,0,1,5,1
8,123,397,185,58,0,0,16,0
5,162,129,161,178,0,3,18,1
49,277,354,161,26,0,0,16,0
47,48,416,145,24,0,5,18,0
35,14,440,184,30,1,0,16,0
29,212,169,180,30,1,1,16,0
11,179,0,33,33,0,0,16,0
55,93,388,179,69,0,1,16,0
5,162,187,61,30,1,0,16,0
20,278,41,185,8,0,0,16,0
55,93,388,179,69,0,1,16,0
33,164,66,161,30,1,0,16,0
28,35,90,49,30,1,0,16,0
60,162,331,121,28,0,0,16,0
31,60,299,179,30,1,0,16,1
9,27,402,11,159,0,5,16,1
2,33,457,176,24,0,5,16,0
0,0,0,0,28,0,0,16,0
29,198,0,68,33,0,0,14,0
47,146,424,157,30,1,0,17,0
6,123,0,14,33,0,1,14,0
12,17,219,179,30,1,0,16,0
47,131,4,0,30,1,7,16,1
47,45,88,184,30,1,0,16,0
29,215,238,184,30,1,1,18,1
64,195,80,184,149,0,0,16,0
15,56,12,184,30,1,0,16,0
16,91,385,184,33,0,1,16,0
65,276,0,174,33,0,0,15,0
8,123,362,134,154,0,7,14,1
31,251,427,184,30,1,0,16,0
49,35,351,161,30,1,1,18,1
34,190,273,161,30,1,1,16,0
40,267,0,112,33,0,0,16,0
60,257,380,162,25,0,0,14,0
28,274,427,184,30,1,1,16,1
29,212,427,184,30,1,1,16,0
2,33,344,40,25,0,0,16,0
5,162,303,161,178,0,0,18,0
45,19,233,182,30,1,5,17,1
31,115,183,96,30,1,0,16,0
47,48,435,179,27,0,1,16,0
4,184,373,137,30,1,5,16,1
12,17,0,34,33,0,5,15,1
5,162,271,179,27,0,0,16,0
65,149,175,184,30,1,0,16,0
0,0,417,146,30,1,0,16,0
47,131,0,129,33,0,2,16,1
14,162,199,179,27,0,0,16,0
48,175,362,134,30,1,1,16,0
14,162,105,184,61,0,1,16,0
13,51,140,77,30,1,9,16,1
14,162,302,184,61,0,1,16,0
55,93,89,32,52,0,0,16,0
14,163,101,36,128,0,1,16,1
58,153,0,142,33,0,8,14,1
40,267,436,161,169,0,1,16,1
24,28,200,184,7,0,0,16,0
5,162,273,161,120,0,5,16,0
5,162,292,179,27,0,0,16,0
15,122,0,42,33,0,10,16,1
15,71,229,161,30,1,0,16,0
31,250,427,184,30,1,0,16,0
5,162,223,179,27,0,0,16,0
29,212,401,149,25,0,0,16,0
58,153,0,142,33,0,8,14,1
6,123,279,134,28,0,5,16,1
61,63,408,152,121,0,0,16,0
63,261,262,161,48,0,1,17,1
65,272,0,174,33,0,0,16,0
15,204,241,161,30,1,8,14,1
5,162,268,184,32,0,0,16,0
40,108,380,102,25,0,0,14,0
34,171,200,184,44,0,1,5,1
42,102,0,114,33,0,7,16,1
62,158,166,163,30,1,5,16,1
33,243,211,161,30,1,0,16,0
32,162,325,115,25,0,5,16,1
35,14,200,184,29,0,1,16,0
31,52,0,71,33,0,5,16,1
14,163,476,75,30,1,0,16,0
4,97,0,12,33,0,0,16,0
14,166,270,184,32,0,5,10,0
61,63,426,179,30,1,0,16,0
44,42,380,6,25,0,0,16,0
14,139,476,75,30,1,5,16,1
64,195,36,6,25,0,0,18,0
65,272,36,6,25,0,0,14,0
23,263,273,161,30,1,1,16,1
64,206,262,6,25,0,0,14,0
32,162,0,73,33,0,0,16,0
55,93,394,122,29,0,1,16,0
40,268,0,112,33,0,0,16,0
49,84,0,131,121,0,5,15,1
60,162,0,156,33,0,0,16,0
5,162,261,184,135,0,0,16,0
31,52,0,71,33,0,5,15,1
61,12,89,129,30,1,0,16,0
30,233,379,96,30,1,1,16,1
28,35,0,67,33,0,5,15,1
14,166,196,184,132,0,7,16,0
40,267,308,161,175,1,2,18,1
14,162,22,184,61,0,0,16,0
65,276,221,179,30,1,0,16,0
61,86,60,129,72,0,5,16,1
62,70,0,170,33,0,1,16,0
15,41,435,179,30,1,5,16,1
14,166,324,184,59,1,0,16,0
0,0,63,20,30,1,0,16,0
8,123,89,129,24,0,1,16,0
43,228,0,118,33,0,1,15,1
47,45,491,184,30,1,0,16,0
55,93,480,137,30,1,7,14,0
62,241,296,185,29,0,1,5,1
6,40,406,184,161,0,0,16,0
16,91,56,41,30,1,1,16,0
31,60,413,6,30,1,0,16,0
5,162,222,179,27,0,0,16,0
5,162,292,179,27,0,0,16,0
8,123,80,184,49,0,7,16,0
28,279,360,179,30,1,0,16,0
34,25,142,161,30,1,1,16,0
47,45,491,184,30,1,0,18,0
38,162,303,106,117,0,1,16,0
8,123,65,21,30,1,0,16,0
5,162,324,184,162,0,9,16,0
33,164,27,102,183,0,0,16,0
17,89,25,161,30,1,1,16,0
44,259,100,111,143,0,1,16,1
40,268,216,161,30,1,1,16,1
14,166,254,106,117,0,8,16,0
5,162,387,184,32,0,0,16,0
5,162,268,184,32,0,0,16,0
0,0,417,146,30,1,0,16,0
53,170,109,6,47,0,1,18,1
14,162,240,184,115,0,0,16,0
64,199,372,179,0,0,1,16,0
14,166,270,184,6,0,5,16,1
5,162,223,179,27,0,0,16,0
5,114,380,162,25,0,1,16,1
49,277,0,131,158,0,0,15,0
60,162,331,121,28,0,0,16,0
3,123,34,135,39,0,1,16,0
45,19,190,184,28,0,0,16,0
49,277,492,174,33,0,0,16,0
14,162,199,179,27,0,0,16,0
5,162,222,179,27,0,0,16,0
21,97,71,23,77,0,0,16,0
39,278,300,184,7,0,0,16,0
65,276,1,178,33,0,0,16,0
14,166,324,184,59,1,0,16,0
9,27,45,184,7,0,0,16,0
38,162,70,161,33,0,1,16,0
60,162,0,156,33,0,0,15,0
62,158,86,31,30,1,1,16,0
60,162,0,156,33,0,0,16,0
6,123,65,21,30,1,0,16,0
2,33,176,179,27,0,0,16,0
14,166,269,184,132,0,5,16,0
47,45,491,184,30,1,0,16,0
47,131,0,129,33,0,2,16,0
29,208,0,68,33,0,0,14,0
45,19,232,184,30,1,0,16,0
47,131,4,0,30,1,7,16,1
0,0,410,154,30,1,1,16,0
8,123,349,130,24,0,0,16,0
35,72,272,184,20,0,1,6,1
64,199,370,179,0,0,1,16,0
13,51,140,77,30,1,9,16,1
55,123,0,139,25,0,9,16,0
39,278,305,116,80,0,0,16,0
5,162,200,184,7,0,0,16,0
26,95,468,180,30,1,5,10,1
15,203,251,161,151,0,1,5,1
1,137,0,1,33,0,0,15,0
29,211,238,184,30,1,1,16,0
55,93,0,139,33,0,7,16,0
30,219,295,179,112,0,1,16,1
30,35,0,69,33,0,1,16,1
0,0,475,184,30,1,0,16,0
55,135,0,139,33,0,0,16,0
14,162,476,75,30,1,0,16,0
15,71,229,161,30,1,0,16,0
29,209,238,184,30,1,0,16,0
65,149,0,174,33,0,0,16,1
36,105,331,161,24,0,5,16,1
3,123,363,9,123,0,0,14,0
14,162,0,36,33,0,7,16,1
14,166,386,161,30,1,0,16,0
0,0,475,184,30,1,0,16,0
34,25,211,161,30,1,1,16,1
2,33,65,92,30,1,0,16,0
32,162,110,184,28,0,0,16,0
31,111,121,181,30,1,1,16,0
60,162,420,161,30,1,11,14,1
5,162,200,184,7,0,0,16,0
27,201,200,184,7,0,0,16,0
15,224,147,48,80,0,1,16,1
4,97,147,48,33,0,1,16,0
31,239,401,149,30,1,1,16,0
5,162,186,161,28,0,1,16,0
34,191,148,184,110,0,5,18,1
23,256,200,184,7,0,0,16,0
4,184,0,12,33,0,0,14,0
49,277,354,161,121,0,0,16,0
45,19,113,184,7,0,1,16,0
28,151,0,67,12,0,0,15,1
61,246,84,72,30,1,5,17,1
5,162,460,184,28,0,0,16,0
16,91,330,179,30,1,0,16,0
61,223,0,157,33,0,7,16,1
55,93,480,137,30,1,7,16,1
42,127,443,165,102,0,1,17,1
55,93,476,75,155,0,5,16,0
60,162,83,184,21,0,7,16,0
14,166,390,184,132,0,5,16,0
33,264,379,61,30,1,1,16,0
33,265,406,184,161,0,0,16,0
27,201,188,9,25,0,0,18,0
45,88,488,161,121,0,5,16,0
55,93,377,184,49,0,0,16,0
61,63,0,157,27,0,2,15,1
9,27,300,184,7,0,0,16,0
30,233,0,69,27,0,0,15,0
31,96,238,184,30,1,1,16,0
62,20,413,8,30,1,9,14,1
14,162,302,184,61,0,1,16,0
31,61,468,180,28,0,0,16,0
16,235,0,44,33,0,0,16,0
5,162,303,161,178,0,0,16,0
65,272,0,174,33,0,0,14,0
15,71,156,185,30,1,5,16,0
45,19,253,161,121,0,0,16,0
31,111,169,180,28,0,0,16,0
6,123,279,134,28,0,5,16,0
5,162,482,161,182,0,9,18,1
65,276,41,185,30,1,5,17,1
8,123,362,134,154,0,7,16,0
45,88,137,182,83,0,1,17,0
13,43,200,184,28,0,0,5,0
65,276,493,185,7,0,0,16,0
15,122,0,42,33,0,10,15,1
0,0,0,0,109,0,0,16,0
3,55,102,162,25,0,0,14,0
23,159,200,184,7,0,0,16,0
12,78,0,34,33,0,13,16,1
14,162,157,185,131,0,5,16,0
47,49,491,184,30,1,0,16,0
28,274,427,184,30,1,1,18,0
62,20,0,170,33,0,9,15,1
5,162,271,179,27,0,0,16,0
14,162,135,161,130,0,8,16,0
6,123,65,21,30,1,0,16,0
0,0,417,146,30,1,0,16,0
5,162,255,184,135,0,0,16,0
14,162,240,184,115,0,0,16,0
14,162,22,184,61,0,0,16,0
17,110,200,184,7,0,0,16,0
25,210,154,179,30,1,1,16,1
31,96,468,180,30,1,0,16,0
62,119,0,170,33,0,0,16,0
8,123,362,134,154,0,7,16,0
64,195,0,173,33,0,5,15,1
34,25,17,179,30,1,1,16,1
45,19,267,184,6,0,0,16,0
5,162,387,184,32,0,0,16,0
45,19,114,184,28,0,5,16,0
44,197,160,52,85,0,0,16,0
14,162,302,184,61,0,1,16,0
14,166,386,161,30,1,0,16,0
64,205,405,6,30,1,0,14,0
23,263,0,61,33,0,1,14,1
33,164,27,102,183,0,0,16,0
5,162,255,184,32,0,0,16,0
28,173,316,118,25,0,0,16,0
65,272,80,184,30,1,5,0,1
49,277,263,111,136,0,8,17,0
47,133,133,179,30,1,0,16,1
5,162,324,184,162,0,9,16,0
55,123,362,134,154,0,5,16,0
10,1,225,161,30,1,1,16,1
31,96,427,184,30,1,1,18,1
5,162,273,161,120,0,5,16,0
21,97,312,92,30,1,0,16,0
5,162,223,179,27,0,0,16,0
5,162,223,179,27,0,0,16,0
45,88,0,125,33,0,8,15,1
55,93,377,184,49,0,0,16,0
61,86,88,184,30,1,0,16,0
40,108,62,176,30,1,0,16,0
34,171,298,6,30,1,0,14,0
5,162,0,13,33,0,0,16,0
28,274,299,179,30,1,0,16,0
45,88,152,161,28,0,1,16,0
14,257,0,36,33,0,5,16,1
48,175,89,129,30,1,0,16,0
64,9,0,173,33,0,0,16,0
31,270,427,184,30,1,0,16,0
5,162,387,184,135,0,0,16,0
14,162,240,184,115,0,0,16,0
62,255,0,170,33,0,0,16,0
15,29,0,42,33,0,1,16,1
31,251,18,184,30,1,0,16,0
14,162,400,161,30,1,0,16,0
31,115,427,184,30,1,0,16,0
32,162,482,161,30,1,5,16,0
25,58,362,134,30,1,1,16,0
14,139,0,36,33,0,7,16,0
44,138,262,161,30,1,0,16,0
61,245,0,157,121,0,2,15,1
39,278,405,7,29,1,0,16,0
34,67,0,75,33,0,0,16,0
34,25,211,161,30,1,1,18,0
55,123,373,137,138,0,1,16,0
65,276,0,174,33,0,0,15,1
60,162,420,161,30,1,11,14,1
45,88,0,125,33,0,8,16,0
65,10,345,126,30,1,1,16,0
49,160,0,131,28,0,8,15,1
14,162,23,161,179,0,10,14,1
15,41,435,179,30,1,5,16,0
61,85,380,129,33,0,1,16,0
29,211,179,58,30,1,0,16,0
9,27,0,20,33,0,9,16,1
14,162,302,184,61,0,1,16,0
45,88,136,163,30,1,0,16,0
25,58,362,134,30,1,1,16,1
14,162,115,185,30,1,1,5,0
5,114,380,162,25,0,1,14,0
14,162,307,161,28,0,5,16,0
11,34,206,184,7,0,1,16,1
31,61,41,184,30,1,1,18,1
14,166,254,106,117,0,8,16,0
61,223,281,129,30,1,0,16,0
14,162,199,179,27,0,0,16,0
28,274,299,179,30,1,0,18,0
28,35,447,77,28,0,7,17,1
45,19,232,184,30,1,0,16,0
40,108,468,184,30,1,1,16,0
4,97,362,134,30,1,1,16,0
23,159,0,61,33,0,0,16,1
59,141,0,149,33,0,0,16,0
45,19,253,161,121,0,0,16,0
38,162,432,161,30,1,0,16,0
11,179,262,161,4,0,0,16,0
5,162,482,161,182,0,9,16,0
33,247,386,161,30,1,1,16,1
6,22,0,14,33,0,8,16,0
15,71,0,42,33,0,8,16,1
14,162,314,179,27,0,0,16,0
5,162,286,179,27,0,0,16,0
30,5,205,179,30,1,0,16,0
45,88,384,161,38,0,1,17,1
5,162,287,179,27,0,0,16,0
39,278,41,185,8,0,0,16,0
58,226,335,153,34,0,1,14,1
5,162,186,161,28,0,1,16,0
5,162,303,161,33,0,0,16,0
16,178,0,44,33,0,11,16,1
5,162,287,179,27,0,0,16,0
49,35,80,184,30,1,0,16,0
40,108,0,112,33,0,0,16,0
34,25,200,184,44,0,1,18,0
45,19,253,161,121,0,0,16,0
5,162,222,179,27,0,0,16,0
5,162,187,61,30,1,0,16,0
25,148,0,64,33,0,1,15,1
6,123,0,14,33,0,1,14,0
6,123,289,185,58,0,0,16,0
7,129,0,16,33,0,0,16,0
34,187,208,184,30,1,0,16,0
34,171,117,184,60,0,1,5,1
55,123,357,179,27,0,0,16,0
5,162,286,179,27,0,0,16,0
2,33,0,4,33,0,5,14,0
28,151,298,179,30,1,0,16,0
1,44,0,1,33,0,5,14,1
62,20,0,170,33,0,9,15,1
42,103,265,108,90,0,1,16,1
15,41,141,47,30,1,5,16,0
45,88,153,161,4,0,1,16,0
47,59,491,184,30,1,0,16,0
33,112,0,74,33,0,1,16,0
34,25,17,179,30,1,1,16,0
16,91,0,44,33,0,0,14,0
31,229,149,49,30,1,1,16,0
45,88,153,161,28,0,1,5,1
5,162,268,184,32,0,0,16,0
61,63,0,157,27,0,2,15,1
0,0,337,124,30,1,1,16,0
5,162,200,184,7,0,0,16,0
5,162,223,179,27,0,0,16,0
31,18,313,149,30,1,1,14,1
60,162,83,184,33,0,7,16,0
2,33,193,161,30,1,0,16,0
12,17,0,34,33,0,5,15,1
40,108,380,102,25,0,0,16,0
8,123,424,157,168,0,0,16,0
55,93,0,139,33,0,7,16,1
5,162,287,179,27,0,0,16,0
16,91,56,41,30,1,1,16,0
54,21,98,185,54,0,7,5,1
47,49,491,184,30,1,0,16,0
61,246,408,152,33,0,0,16,0
5,162,186,161,121,0,1,16,1
64,199,0,173,7,0,13,16,1
45,19,267,184,6,0,0,5,0
2,33,380,92,25,0,1,19,0
45,88,136,163,30,1,0,16,0
30,253,0,69,33,0,1,16,1
40,108,468,184,30,1,1,16,0
49,35,0,131,33,0,5,15,0
34,171,322,179,30,1,1,3,0
40,267,193,161,27,1,12,16,1
47,45,94,35,25,0,1,16,0
14,162,302,184,61,0,1,16,0
40,108,8,81,24,0,5,16,0
33,265,364,61,30,1,0,16,0
14,162,0,36,33,0,7,16,0
2,33,65,92,30,1,0,16,0
9,87,193,161,30,1,1,16,1
3,123,34,135,39,0,1,16,0
27,201,181,60,80,0,1,16,0
14,162,400,161,30,1,0,16,0
61,85,348,184,30,1,0,16,0
27,117,380,96,25,0,0,14,0
55,93,381,140,29,0,0,16,0
34,171,240,184,30,1,1,16,1
61,86,491,184,30,1,0,16,0
17,110,369,184,82,0,9,2,1
11,34,206,184,7,0,1,11,0
5,162,271,179,27,0,0,16,0
5,162,222,179,27,0,0,16,0
14,162,393,179,27,0,0,16,0
62,20,413,8,30,1,9,14,1
40,267,308,161,30,1,2,16,0
39,278,405,7,29,1,0,16,0
64,199,450,185,172,0,0,16,0
34,171,45,183,43,0,5,16,1
45,19,114,184,28,0,5,10,1
55,93,245,161,105,0,1,16,0
65,276,0,174,33,0,0,15,0
14,162,307,161,28,0,5,16,0
4,184,0,12,33,0,0,16,0
15,204,168,184,110,0,9,10,1
33,164,0,74,33,0,0,16,1
14,162,393,179,27,0,0,16,0
0,0,334,122,30,1,0,16,0
5,162,287,179,27,0,0,16,0
34,171,200,184,12,0,1,16,0
9,27,402,11,121,0,5,16,0
39,278,41,185,8,0,0,16,0
15,41,0,42,31,0,2,15,1
33,265,486,148,184,0,5,16,1
49,232,0,131,33,0,0,16,0
17,110,0,45,33,0,8,16,0
15,92,0,42,33,0,1,16,1
47,59,466,64,25,0,0,16,0
5,162,268,184,32,0,0,16,0
30,5,364,96,30,1,1,16,0
5,162,268,184,135,0,0,16,0
64,199,0,173,7,0,13,15,1
25,148,238,185,30,1,0,16,0
45,19,39,184,1,0,0,16,0
43,232,0,118,33,0,1,16,1
33,164,379,61,30,1,0,16,0
64,195,81,161,48,0,1,17,1
23,159,275,163,23,0,0,16,0
45,19,190,184,28,0,0,16,0
14,165,61,161,62,0,1,16,1
45,19,113,184,32,0,1,6,0
14,162,400,161,30,1,0,16,0
39,278,305,116,80,0,0,16,0
14,166,269,184,132,0,5,16,0
47,45,491,184,30,1,0,16,0
6,123,289,185,58,0,0,16,0
0,0,336,3,30,1,1,16,0
17,89,19,161,126,0,7,16,0
40,267,308,161,175,1,2,16,1
45,19,145,184,9,0,0,5,0
44,90,227,120,42,0,1,19,1
34,25,322,179,30,1,1,16,0
51,56,97,161,30,1,0,16,0
14,69,135,161,30,1,7,16,1
39,278,0,109,33,0,0,16,0
49,277,0,131,158,0,0,15,0
0,0,474,161,30,1,0,16,0
15,216,492,7,40,0,0,16,0
31,96,169,180,30,1,0,18,0
35,64,0,76,33,0,7,15,1
14,162,135,161,130,0,8,16,0
64,199,450,185,172,0,0,16,0
45,19,190,184,5,0,0,16,0
6,140,0,14,33,0,0,16,0
14,162,240,184,115,0,0,16,0
29,196,427,184,30,1,1,16,0
49,277,430,160,121,0,1,16,0
65,273,1,178,33,0,0,16,0
29,211,150,184,145,0,0,18,0
55,135,367,179,30,1,0,16,0
15,41,0,42,121,0,2,15,1
5,162,57,179,27,0,1,16,0
5,162,324,184,162,0,9,16,0
47,59,491,184,30,1,0,16,0
40,267,327,175,99,0,0,16,0
14,162,105,184,61,0,1,16,0
32,162,0,73,33,0,0,16,0
62,120,238,184,115,0,0,16,0
5,162,406,184,161,0,0,16,0
9,27,45,184,7,0,0,16,0
29,215,427,184,30,1,0,16,0
14,162,115,185,30,1,1,16,0
40,108,433,29,98,0,1,16,1
55,93,480,137,30,1,7,16,0
47,59,491,184,30,1,0,16,0
60,162,331,121,28,0,0,16,0
30,5,0,69,33,0,0,16,0
33,265,0,74,33,0,0,16,0
5,162,324,184,162,0,9,20,1
45,88,0,125,33,0,8,15,0
55,123,172,184,7,0,1,16,0
64,205,0,173,33,0,9,15,1
64,199,29,184,1,0,0,16,0
0,0,95,94,30,1,1,16,1
5,162,287,179,27,0,0,16,0
0,0,334,122,30,1,0,16,0
47,133,133,179,30,1,0,16,0
14,162,107,161,179,0,1,16,0
0,0,337,124,30,1,1,16,0
33,219,103,37,30,1,1,16,0
5,162,482,161,182,0,9,16,0
19,271,324,185,30,1,0,16,0
39,54,380,185,28,0,1,19,1
28,35,319,119,173,0,1,16,0
65,273,0,174,33,0,0,15,1
28,13,0,67,28,0,0,14,0
65,10,218,179,30,1,0,16,0
9,27,403,11,160,0,5,16,1
17,89,19,161,126,0,7,16,0
3,55,406,184,161,0,0,16,0
33,243,0,74,33,0,0,16,0
21,97,399,144,30,1,0,16,0
55,123,172,184,7,0,1,16,0
28,240,235,184,33,0,0,16,0
55,123,328,137,121,0,1,16,0
0,0,132,46,30,1,1,16,1
28,151,18,184,30,1,1,16,0
5,162,200,184,7,0,0,16,0
5,162,255,184,32,0,0,16,0
14,162,115,185,30,1,1,16,0
64,9,0,173,33,0,0,16,0
64,205,0,173,33,0,9,16,1
65,276,41,185,30,1,5,16,0
14,166,240,184,30,1,0,16,0
14,162,324,184,4,0,0,16,0
31,61,169,180,30,1,0,16,0
40,267,0,112,33,0,0,16,0
31,229,427,184,30,1,0,16,0
45,19,114,184,28,0,5,16,0
5,162,57,179,27,0,1,16,0
14,162,104,161,179,0,5,16,0
2,33,45,184,7,0,0,16,0
45,19,0,125,33,0,5,16,0
45,19,87,184,5,0,7,16,0
62,124,166,163,30,1,0,16,0
49,84,373,137,30,1,0,16,0
9,27,315,117,80,0,8,16,1
15,224,147,48,80,0,1,16,0
65,276,1,178,33,0,0,16,0
64,9,177,57,30,1,1,16,0
61,85,88,184,30,1,0,16,0
15,204,391,184,110,0,8,10,1
14,162,302,184,61,0,1,16,0
27,201,181,60,80,0,1,16,1
6,123,47,137,29,0,5,16,0
55,123,172,184,7,0,1,16,0
14,162,400,161,30,1,0,16,0
28,151,0,67,33,0,0,16,1
42,103,266,161,30,1,0,16,0
29,212,201,186,149,0,0,16,0
1,44,332,99,30,1,0,16,0
45,88,0,125,33,0,8,16,0
61,63,285,179,30,1,0,16,1
34,25,240,184,30,1,1,18,0
55,123,172,184,7,0,1,16,0
30,219,0,69,28,0,1,15,0
29,212,200,184,18,0,0,16,0
49,160,0,131,121,0,8,15,1
8,123,80,184,49,0,7,5,1
14,62,200,184,28,0,0,19,0
9,27,403,11,160,0,5,16,0
39,278,306,184,161,0,0,16,0
34,171,322,179,30,1,1,16,1
5,162,387,184,135,0,0,16,0
65,272,80,184,30,1,5,16,0
3,123,0,5,33,0,0,16,0
17,110,369,184,82,0,9,17,1
2,33,465,176,71,0,8,18,1
45,19,87,184,5,0,7,16,0
3,123,363,9,123,0,0,14,0
47,45,0,129,33,0,8,15,1
43,217,0,118,33,0,5,16,1
29,198,0,68,33,0,0,15,0
61,86,348,184,30,1,0,16,0
55,57,63,20,121,0,0,16,0
28,151,170,179,187,0,0,16,1
16,91,330,179,30,1,0,16,1
9,27,193,161,30,1,0,16,0
29,198,169,180,30,1,0,16,0
29,194,179,58,30,1,1,18,0
15,56,130,53,30,1,0,16,0
5,114,380,162,25,0,1,14,0
49,277,353,184,26,0,1,18,0
35,64,35,181,30,1,0,16,0
45,19,232,184,30,1,0,16,0
45,88,152,161,28,0,1,10,0
45,19,253,161,121,0,0,16,0
28,240,419,49,30,1,0,16,0
61,63,285,179,30,1,0,16,0
45,88,137,182,83,0,1,16,0
14,166,196,184,132,0,7,16,0
15,203,487,161,151,0,1,16,0
17,98,325,184,30,1,1,16,0
5,162,186,161,28,0,1,16,0
14,162,192,179,27,0,0,16,0
2,33,176,179,27,0,0,16,0
31,96,238,184,30,1,1,18,0
31,239,200,184,7,0,1,16,1
14,162,115,185,30,1,1,16,0
55,93,480,137,30,1,7,16,0
15,41,435,179,30,1,5,16,0
19,193,41,185,30,1,1,16,0
55,93,245,161,105,0,1,16,0
3,123,65,21,30,1,0,16,0
55,93,480,137,30,1,7,16,0
47,59,467,134,30,1,1,16,0
0,0,332,99,30,1,1,16,0
47,131,381,140,30,1,8,16,0
40,267,180,179,27,0,1,16,1
32,162,380,38,128,0,0,19,0
0,0,332,99,30,1,1,16,0
45,19,267,184,6,0,0,16,0
8,123,197,72,108,0,0,14,0
29,198,238,184,30,1,1,18,1
34,171,116,184,60,0,1,8,1
40,267,308,161,30,1,2,16,0
3,123,34,135,39,0,1,14,1
55,93,388,179,69,0,1,16,0
8,123,65,21,30,1,0,16,0
17,89,19,161,126,0,7,16,1
14,162,104,161,179,0,5,16,0
31,250,0,71,33,0,0,16,1
64,205,456,185,119,0,0,16,0
11,118,0,33,33,0,1,16,1
5,162,286,179,27,0,0,16,0
9,27,320,98,73,0,1,16,0
62,158,0,170,33,0,5,16,1
11,81,200,87,113,0,0,14,0
31,115,169,180,28,0,0,16,0
6,123,421,16,80,0,0,16,0
28,151,299,179,32,0,0,16,0
33,164,200,184,68,0,0,16,0
44,16,406,184,161,0,0,16,0
5,114,0,13,33,0,8,16,1
34,65,45,183,30,1,10,6,1
49,277,430,160,26,0,1,0,0
64,199,29,184,1,0,0,16,0
5,162,261,184,32,0,0,16,0
26,95,169,180,30,1,7,2,1
49,35,0,131,33,0,5,16,0
64,195,351,161,27,0,0,16,0
49,160,351,161,30,1,0,16,0
47,45,92,179,30,1,1,16,0
9,27,321,184,161,0,0,16,0
14,162,192,179,27,0,0,16,0
64,205,0,173,33,0,9,14,1
14,162,105,184,61,0,1,16,0
24,28,0,63,33,0,0,16,0
9,27,300,184,7,0,0,16,0
9,27,0,20,33,0,9,16,1
14,166,120,184,32,0,7,10,0
48,175,362,134,30,1,1,16,0
5,162,261,184,32,0,0,16,0
5,162,129,161,178,0,3,18,1
55,123,373,137,138,0,1,14,0
14,162,107,161,179,0,1,16,0
55,123,362,134,154,0,5,16,0
3,123,479,134,154,0,9,14,1
47,49,348,184,30,1,0,16,0
65,276,30,184,7,0,0,16,0
5,114,0,13,33,0,8,15,1
15,56,165,55,30,1,0,16,0
61,85,0,157,33,0,8,16,1
9,27,321,184,161,0,0,16,0
31,96,169,180,30,1,0,16,0
12,17,414,34,170,0,5,17,1
64,199,0,173,0,0,13,16,1
33,164,379,61,30,1,0,16,0
17,89,20,161,27,0,0,16,0
9,27,0,20,33,0,9,14,1
11,66,424,157,30,1,1,14,1
29,155,468,180,24,0,1,18,1
34,67,0,75,33,0,0,16,0
15,56,260,185,30,1,1,16,1
21,97,0,59,33,0,0,16,0
15,97,147,48,80,0,5,16,0
14,162,393,179,27,0,0,16,0
14,166,496,184,13,0,10,16,0
2,33,0,4,33,0,5,16,1
64,205,0,173,33,0,9,15,1
29,136,301,186,30,1,1,16,0
20,278,111,179,30,1,0,16,0
14,162,105,184,61,0,1,16,0
6,123,65,21,30,1,0,16,0
5,162,255,184,32,0,0,16,0
14,162,314,179,27,0,0,16,0
29,200,427,184,30,1,1,18,0
15,41,0,42,33,0,2,15,1
14,162,157,185,131,0,5,16,0
55,93,89,32,52,0,0,16,0
32,162,482,161,30,1,5,16,1
14,162,104,161,179,0,5,16,0
14,166,270,184,6,0,5,16,0
29,196,238,184,30,1,0,16,0
39,278,98,185,54,0,1,18,1
34,25,431,179,30,1,1,18,1
35,64,276,184,20,0,1,16,1
34,25,324,184,30,1,0,18,0
8,123,373,137,41,0,7,14,0
28,35,430,70,121,0,1,16,0
28,151,0,67,12,0,0,15,0
34,25,211,161,30,1,1,18,0
45,19,249,184,7,0,0,16,0
29,212,238,184,30,1,5,0,0
64,205,0,173,33,0,9,16,1
4,184,366,161,118,0,1,16,0
5,162,261,184,32,0,0,16,0
62,68,124,183,30,1,1,16,1
6,123,289,185,58,0,0,16,0
34,25,82,184,50,0,2,7,1
40,108,380,102,25,0,0,16,0
16,231,0,44,33,0,0,16,1
47,48,4,0,34,0,5,14,1
33,243,45,183,43,0,5,16,1
21,97,71,23,30,1,1,16,1
49,232,445,161,30,1,1,16,1
9,27,321,184,161,0,0,16,0
55,123,171,134,76,0,7,16,1
55,93,89,32,52,0,0,16,0
31,181,364,96,30,1,0,16,0
31,181,169,180,29,0,0,16,0
15,204,241,161,30,1,8,16,1
9,27,315,117,80,0,8,16,0
49,121,429,160,30,1,0,16,0
12,130,0,34,33,0,11,16,1
9,27,300,184,7,0,0,16,0
34,171,143,161,30,1,0,14,0
14,69,477,161,30,1,9,16,1
15,225,0,42,7,0,5,15,1
39,278,111,179,30,1,0,16,1
49,160,80,184,30,1,1,16,0
34,143,298,162,30,1,0,14,0
63,261,80,184,30,1,0,16,0
11,34,0,33,33,0,7,15,0
5,114,0,13,33,0,8,15,1
0,0,337,124,30,1,1,16,0
61,23,85,72,28,0,1,14,1
31,96,0,71,33,0,5,14,0
58,226,412,184,137,0,5,16,0
28,151,364,96,30,1,0,18,0
28,180,427,184,30,1,0,16,0
4,97,407,151,80,0,1,16,1
53,26,378,161,27,0,0,16,0
3,55,0,5,33,0,0,16,0
17,89,20,161,70,0,0,16,0
29,207,0,68,33,0,0,14,0
34,191,10,184,115,0,5,18,1
14,165,0,36,33,0,0,16,0
47,131,4,0,30,1,7,16,0
62,68,200,184,28,0,1,19,1
4,184,0,12,33,0,0,16,0
14,166,196,184,132,0,7,16,0
6,40,161,161,120,0,5,18,1
61,85,0,157,33,0,8,15,1
47,48,93,34,51,0,1,16,1
14,166,240,184,30,1,0,16,0
45,19,249,184,7,0,0,16,0
5,162,261,184,135,0,0,16,0
14,162,476,75,30,1,0,16,0
55,221,140,77,30,1,1,16,0
4,184,366,161,118,0,1,16,0
3,123,0,5,33,0,0,16,0
2,33,45,184,7,0,0,16,0
14,162,107,161,179,0,1,16,0
14,162,476,75,30,1,0,14,0
31,52,0,71,33,0,5,16,1
28,35,430,70,173,0,1,16,0
31,18,0,71,89,0,0,15,0
29,200,238,184,30,1,0,16,0
5,162,303,161,178,0,0,18,0
5,162,261,184,32,0,0,16,0
33,112,373,137,30,1,7,16,1
5,162,292,179,27,0,0,16,0
29,198,238,184,30,1,1,16,0
61,85,88,184,30,1,0,16,0
33,264,380,148,65,0,1,16,0
11,34,248,185,28,0,5,6,0
14,166,240,184,30,1,0,16,0
5,162,273,161,120,0,5,16,0
39,278,0,109,33,0,0,16,0
25,281,187,61,30,1,0,16,0
31,115,0,71,33,0,0,16,1
17,110,28,184,33,0,1,16,0
11,34,203,184,7,0,5,16,0
33,264,482,161,182,0,0,16,0
5,162,187,61,30,1,0,16,0
15,41,435,179,30,1,5,17,1
8,123,424,157,168,0,0,16,0
27,117,273,11,66,0,1,17,1
49,32,0,131,33,0,0,16,0
55,93,363,9,123,0,0,14,0
0,0,95,94,30,1,1,16,0
45,19,39,184,1,0,0,16,0
45,88,152,161,121,0,1,16,0
48,175,424,157,30,1,0,16,0
62,30,291,185,30,1,7,16,1
27,23,0,66,33,0,1,15,1
49,232,0,131,33,0,7,16,1
34,65,0,75,33,0,0,16,0
55,93,265,161,118,0,8,16,0
55,221,479,134,30,1,1,16,0
48,175,424,157,30,1,0,16,0
34,25,200,184,44,0,1,16,0
5,162,200,184,7,0,0,16,0
39,278,187,61,28,0,1,16,0
62,39,398,147,30,1,1,14,1
5,162,271,179,27,0,0,16,0
55,135,140,77,30,1,9,16,1
9,27,193,161,30,1,0,18,0
42,128,14,111,30,1,0,16,0
14,166,240,184,30,1,0,16,0
40,108,468,184,30,1,1,16,0
14,162,157,185,131,0,5,7,0
28,35,90,49,30,1,0,16,0
45,19,145,184,9,0,0,16,0
61,85,491,184,30,1,0,16,0
25,152,0,64,33,0,5,16,1
55,123,357,179,27,0,0,16,0
17,89,0,45,174,0,2,16,0
45,99,135,161,30,1,1,16,0
5,162,223,179,27,0,0,16,0
5,162,261,184,32,0,0,16,0
14,166,390,184,132,0,5,16,0
15,71,156,185,30,1,5,16,0
2,33,465,176,71,0,8,18,1
1,259,100,111,143,0,1,16,0
8,123,197,72,108,0,0,16,0
5,162,57,179,27,0,1,16,0
15,204,229,161,169,0,0,16,0
47,45,0,129,121,0,8,16,1
55,93,480,137,30,1,7,16,0
5,162,200,184,7,0,0,16,0
