325,515,270,278,0,1,30
55,899,410,23,0,2,492
119,121,457,278,0,1,30
354,772,278,534,0,7,240
141,163,263,240,0,10,423
88,412,530,292,0,10,492
224,184,590,324,0,10,492
403,321,545,325,1,1,426
94,264,114,97,0,2,492
77,769,601,534,0,8,360
107,24,684,534,1,2,535
403,899,410,23,0,2,492
34,5,18,17,0,2,492
317,398,497,278,0,1,30
68,289,546,325,0,2,492
190,412,544,237,0,10,4479
44,1143,565,303,0,2,492
46,755,126,534,0,7,3706
296,293,497,278,0,1,492
72,350,426,528,0,1,536
333,571,746,421,0,1,30
184,347,795,528,1,1,4800
284,300,10,341,0,2,492
15,672,921,278,0,1,30
194,412,0,241,0,10,3993
126,350,300,534,0,1,361
117,1182,590,324,1,1,706
201,412,534,292,0,10,501
63,163,263,240,1,10,422
85,1177,546,325,0,1,425
229,412,534,292,0,10,501
403,586,34,200,1,1,30
318,350,611,278,0,1,30
148,350,0,186,0,1,1885
333,771,312,210,0,8,1805
201,412,0,253,0,10,3993
53,878,81,94,0,2,492
343,1094,622,534,0,1,620
401,539,0,504,0,1,1681
260,416,622,337,0,2,492
55,326,290,534,0,7,267
184,350,546,325,0,1,426
184,347,795,528,0,10,4800
359,1140,8,465,0,2,492
71,1193,91,213,0,2,492
361,914,22,365,0,2,492
94,696,425,278,0,1,30
125,520,0,147,0,2,4109
2,412,534,292,0,10,501
2,498,128,62,0,1,30
365,412,534,292,0,10,501
403,242,0,506,0,7,3713
13,271,891,528,1,1,2784
36,163,263,240,1,11,421
299,350,819,528,1,1,535
279,751,723,293,0,2,492
254,359,11,528,0,1,5
103,412,534,292,0,10,501
299,350,546,325,1,1,425
14,372,212,528,0,1,4055
374,350,217,167,0,1,30
94,427,166,50,0,2,492
328,941,565,303,0,2,492
350,412,278,534,0,7,106
224,765,211,343,1,1,439
292,986,698,365,0,2,492
217,52,277,195,0,2,492
317,398,795,528,1,1,4800
222,321,291,326,0,1,30
191,412,534,292,0,10,501
112,412,530,292,0,10,501
120,412,534,292,0,10,501
366,660,837,461,1,10,30
118,412,534,292,0,10,492
9,521,38,32,1,10,30
218,703,211,343,1,1,3397
398,613,682,534,0,2,639
241,1009,724,410,0,2,492
81,412,534,292,0,10,501
403,898,223,455,0,1,30
317,398,110,534,0,1,3814
241,392,211,343,1,1,439
375,102,923,450,0,2,492
415,539,166,488,0,1,30
324,385,211,343,1,1,3398
356,658,110,534,1,10,363
77,188,546,325,1,1,425
292,753,0,376,0,1,1242
9,711,738,163,0,1,30
152,350,300,534,0,10,535
383,350,307,303,0,1,780
222,321,291,326,0,1,30
94,440,682,534,0,7,222
55,252,278,534,0,7,267
107,499,682,534,0,2,61
77,242,299,210,0,7,1805
401,527,245,32,1,10,30
334,412,0,424,0,10,495
55,12,625,455,0,1,30
403,132,437,85,0,1,492
203,249,417,528,1,1,536
46,409,312,210,0,8,1805
249,424,546,325,1,1,426
83,131,278,534,0,7,620
63,163,263,240,1,10,422
374,350,684,534,1,1,538
275,412,534,292,0,10,501
321,412,534,292,0,10,492
9,712,642,365,0,1,492
9,709,692,303,0,1,492
89,391,211,343,1,1,438
292,967,256,53,0,2,492
312,350,856,528,0,10,2784
43,752,398,534,1,1,361
96,412,534,292,0,10,501
161,349,684,534,1,1,538
144,386,590,62,1,1,1697
404,827,724,410,0,2,492
116,412,278,534,0,7,106
2,369,825,528,0,10,4055
403,374,45,303,0,1,30
299,350,825,528,1,1,536
291,412,534,292,0,10,4161
401,412,0,504,0,10,3993
380,350,893,528,0,1,2784
79,412,0,93,0,10,3993
37,195,832,250,0,2,492
223,242,312,210,0,8,1805
78,769,702,534,0,8,3706
337,412,0,427,0,10,495
124,520,0,146,0,2,4109
27,412,410,23,0,10,4479
213,242,102,266,0,1,1242
55,412,534,292,0,10,501
81,1174,290,534,1,14,61
37,215,832,250,0,2,492
66,883,230,77,0,2,492
205,48,176,303,0,2,492
24,840,724,410,0,2,492
252,684,590,506,0,10,30
221,276,705,488,0,2,492
76,1210,312,210,0,8,1805
398,412,0,497,0,10,3993
90,350,104,107,0,1,30
380,350,546,325,1,1,426
324,791,211,343,1,1,3398
360,412,0,454,0,10,3993
172,537,312,210,0,8,1805
101,558,300,34,0,1,30
9,622,601,209,0,1,492
198,321,615,528,0,1,536
123,412,0,145,0,10,495
318,350,0,405,0,1,1893
373,717,278,210,0,7,1805
55,373,32,455,0,1,30
246,355,312,210,0,8,1805
206,49,565,303,0,2,492
58,539,0,66,0,1,1681
46,1106,81,94,0,2,492
200,369,825,528,0,10,4055
304,321,662,155,0,11,492
172,394,17,339,0,2,492
178,779,112,534,0,17,61
72,350,892,528,0,10,2784
172,412,0,213,0,10,3993
238,750,327,94,0,2,492
49,412,534,292,0,10,501
46,464,81,94,0,2,492
246,381,362,407,0,1,492
282,804,278,534,0,10,360
102,568,721,34,0,1,30
90,350,104,107,0,1,30
222,412,534,292,0,10,501
2,369,724,410,0,1,492
159,516,217,167,0,1,30
256,344,257,303,0,1,30
55,202,0,62,1,1,2143
203,766,315,534,1,1,361
193,412,0,240,0,10,495
65,1189,311,210,0,8,1805
21,408,21,533,0,10,492
77,1022,312,210,0,8,1805
402,412,0,505,0,10,3993
374,350,565,303,0,1,30
394,350,546,325,1,1,426
343,321,825,528,0,1,4055
222,412,0,276,0,10,3993
241,791,0,311,0,10,1929
194,350,256,53,0,1,30
165,204,300,534,0,7,143
9,713,642,410,0,1,492
55,370,258,410,0,1,30
14,371,622,337,0,10,1216
237,412,403,534,0,7,3706
417,412,534,292,0,10,501
117,26,590,324,1,1,706
251,412,0,326,0,10,495
383,350,546,325,0,1,426
240,1153,825,407,0,10,492
9,708,685,303,0,1,492
382,630,887,278,0,1,30
83,131,278,534,0,7,620
279,759,723,293,0,2,492
55,146,437,85,0,1,492
265,258,53,339,0,2,492
233,601,811,453,0,10,492
407,148,682,509,0,2,492
403,587,570,324,0,1,995
309,412,0,394,0,10,3993
14,337,212,528,0,1,4055
373,100,568,200,1,1,492
46,197,211,343,1,1,439
7,271,819,528,0,1,536
115,662,843,278,0,1,30
94,435,825,278,0,1,30
46,321,0,47,0,10,1929
279,756,723,293,0,2,492
55,586,34,200,0,1,30
233,408,531,292,1,10,30
94,696,650,534,0,7,216
105,753,699,534,0,7,3706
77,412,534,292,0,10,4143
55,217,0,62,1,1,2143
312,539,0,397,0,1,1681
148,350,0,186,0,1,1893
403,217,707,24,0,1,492
116,25,160,226,0,2,492
94,439,684,534,0,7,4103
55,1053,724,410,0,2,492
55,236,32,47,0,1,30
343,1136,230,177,0,2,492
318,350,546,325,1,1,425
78,121,731,62,0,2,492
361,327,211,343,1,1,436
185,163,263,240,0,11,421
247,412,0,318,0,10,3993
255,577,290,534,0,7,360
69,232,590,324,0,1,1011
312,412,534,292,0,10,501
37,195,420,528,0,1,4800
299,350,215,528,0,10,2784
229,57,169,115,0,2,492
408,321,546,325,0,1,426
239,163,263,240,1,11,423
55,237,437,85,0,1,30
288,126,312,210,0,8,1805
68,273,546,325,0,2,492
55,412,0,62,0,10,3993
341,171,601,343,1,10,437
108,148,160,530,0,2,492
14,337,212,528,0,1,4055
347,121,799,437,0,9,492
200,361,553,303,0,1,30
412,412,756,516,0,10,3366
216,350,698,365,0,1,30
380,350,217,167,0,1,30
94,440,684,534,0,7,4103
383,539,0,481,0,1,1681
347,467,290,534,1,10,620
55,308,896,455,0,1,30
383,350,826,528,0,10,2784
116,412,820,278,1,10,492
317,398,825,528,0,1,329
279,1201,724,410,1,1,30
295,350,546,325,1,1,425
181,720,523,534,0,7,4036
53,877,81,94,0,2,492
34,412,534,292,0,10,4143
55,132,437,85,0,1,492
55,338,615,54,0,10,492
148,190,546,325,1,1,425
341,163,263,240,1,11,422
132,412,0,157,0,10,3993
21,247,390,534,0,7,3706
410,350,546,325,1,1,426
325,471,103,278,0,1,30
264,734,211,343,1,1,436
83,321,291,326,0,1,30
7,271,825,278,1,1,30
288,141,832,529,0,7,3728
22,412,534,292,0,10,4143
51,790,779,57,0,2,492
238,412,534,292,0,10,501
42,412,534,292,0,10,4143
178,412,651,534,0,7,4036
403,842,536,344,0,2,492
381,350,894,528,0,1,2784
136,31,502,534,0,7,3706
172,1123,752,407,1,1,30
342,732,517,534,0,1,61
89,1188,211,343,1,1,3398
72,429,682,534,0,7,222
37,216,126,534,0,1,535
120,1185,682,509,0,2,492
224,699,211,343,1,1,3398
94,684,111,534,0,10,361
128,1041,621,528,0,2,305
145,412,534,292,0,10,4161
354,613,324,94,0,1,30
294,580,682,534,0,7,3706
30,350,50,529,0,10,492
63,163,263,240,1,10,422
137,272,658,407,0,1,30
55,753,639,534,0,7,3706
279,1192,723,294,0,2,492
45,412,534,292,0,10,4161
384,442,166,488,1,10,30
375,102,749,534,1,1,363
95,295,923,450,0,2,492
310,412,0,395,0,10,3993
9,524,642,303,0,1,492
297,350,300,534,0,1,361
136,148,832,532,0,2,492
415,350,217,167,0,1,30
352,313,290,534,0,1,620
349,91,578,439,0,2,492
44,412,0,44,0,10,3993
157,412,0,195,0,10,3993
67,412,534,292,0,10,501
374,412,534,292,0,10,501
40,412,534,292,0,10,501
94,267,312,210,0,8,1805
9,710,738,163,0,1,30
68,304,546,325,0,2,492
407,112,682,509,0,1,30
149,676,1,529,0,7,3728
343,321,622,337,0,1,1216
101,555,300,34,0,1,30
79,242,299,210,0,7,1805
246,705,203,163,1,1,30
129,412,534,292,0,10,501
161,349,826,278,0,10,492
324,547,312,210,0,8,1805
403,110,166,488,0,1,30
55,585,642,343,0,1,492
403,237,437,85,0,1,30
55,242,278,534,0,7,249
89,699,0,107,1,10,1892
334,412,534,292,0,10,4161
291,412,0,375,0,10,495
53,11,82,94,0,2,492
381,350,893,528,0,1,2784
403,1048,565,303,0,2,492
361,1043,622,337,0,2,492
307,412,534,292,0,10,501
69,1203,921,525,1,1,1697
394,428,166,488,1,10,30
89,791,211,343,0,1,3397
106,23,687,94,0,2,492
55,202,278,534,0,7,249
125,617,682,534,0,2,639
249,794,546,325,1,1,425
333,769,0,423,0,2,4109
178,564,290,534,1,10,620
77,242,192,455,0,1,30
55,368,546,325,1,1,425
317,350,546,325,0,1,426
46,881,602,58,0,2,492
292,321,291,326,0,1,30
14,203,546,325,1,1,425
37,195,807,528,0,1,4792
412,1068,10,424,0,2,492
160,321,601,343,1,1,438
197,412,0,246,0,10,3993
147,412,0,185,0,10,3993
36,163,846,240,1,1,421
112,657,650,534,1,10,620
132,932,246,177,0,2,492
36,121,211,343,1,1,439
178,412,534,292,0,10,501
178,1020,113,94,0,2,492
134,811,235,407,0,15,492
241,389,581,534,0,7,3706
299,350,217,167,0,1,30
276,741,172,122,0,1,30
308,412,534,292,0,10,4143
71,802,91,213,0,2,492
378,613,682,534,0,2,639
387,539,0,485,0,1,1681
251,412,534,292,0,10,4161
303,75,607,407,0,2,492
223,55,249,407,0,2,492
55,1210,625,455,0,1,30
380,980,17,365,0,2,492
191,961,565,303,0,2,492
76,1210,312,210,0,8,1805
248,412,534,292,0,10,501
30,412,0,26,0,10,3993
47,321,211,343,1,1,436
392,412,534,292,0,10,501
148,191,116,534,1,1,535
367,428,302,534,0,7,3830
102,555,721,34,0,1,30
76,121,32,47,0,1,30
296,191,546,325,1,1,425
392,912,263,534,0,2,64
214,359,11,528,0,1,5
30,350,110,534,0,1,3814
359,412,0,452,0,10,3993
24,963,223,407,1,1,30
60,412,534,292,0,10,501
224,184,417,528,1,1,621
30,442,642,337,0,1,30
232,412,0,291,0,10,3993
342,377,752,407,0,10,492
24,412,534,292,0,10,501
385,398,291,326,0,1,30
139,227,160,533,0,1,30
213,1116,565,303,0,2,492
282,297,748,407,0,11,492
147,163,263,240,1,11,422
106,471,103,278,0,1,30
403,110,636,500,0,1,30
341,163,263,240,0,11,421
326,404,557,301,0,2,492
37,215,126,534,1,1,538
105,753,725,534,0,7,3706
347,412,0,438,0,10,3993
30,351,601,209,0,1,30
219,739,912,524,1,16,30
62,412,126,534,0,7,3706
55,887,223,50,0,1,30
143,449,246,177,1,10,30
383,351,67,365,0,1,30
184,347,110,534,0,1,3814
63,412,0,73,0,10,3993
25,121,211,343,1,1,439
197,539,128,62,0,10,492
94,441,682,534,0,7,222
378,412,0,475,0,10,3993
194,350,650,534,0,1,3812
339,86,246,177,0,2,492
405,412,534,292,0,10,4143
363,412,534,292,0,10,4143
327,404,70,41,0,2,492
46,197,211,343,1,1,436
213,321,160,457,0,1,30
333,769,682,422,0,2,492
95,765,0,116,1,1,1928
403,110,625,455,0,1,30
403,240,312,210,0,8,1805
343,412,0,434,0,10,3993
374,350,497,278,0,1,30
311,412,534,292,0,10,501
9,710,642,410,0,1,492
303,75,607,407,0,2,492
242,59,365,177,0,2,492
385,398,560,303,0,1,30
132,1041,621,528,0,2,62
79,188,829,455,0,1,30
95,184,244,536,1,1,536
157,36,923,450,0,2,492
216,944,565,303,0,2,492
148,1082,430,218,0,2,492
79,188,546,325,1,1,426
328,321,0,416,0,1,1929
380,350,546,325,0,1,425
201,184,244,528,1,1,536
42,6,922,117,0,2,492
139,412,534,292,0,10,501
19,350,498,278,0,1,30
79,540,312,210,0,8,1805
94,441,684,534,0,7,4103
392,350,546,325,0,1,426
391,539,166,488,0,1,30
401,412,534,292,0,10,501
351,782,682,442,0,1,30
24,354,362,407,0,10,492
107,629,303,534,0,17,61
369,613,682,534,0,2,639
403,321,10,329,0,1,30
152,350,546,325,0,1,426
129,657,497,278,0,1,30
280,412,534,292,0,10,501
297,412,534,292,0,10,501
247,321,217,167,0,1,30
78,540,642,234,0,1,492
401,350,300,534,0,1,361
203,765,279,534,0,1,535
375,743,658,407,0,16,30
128,412,534,292,0,10,501
115,545,415,278,0,1,30
206,964,10,341,0,2,492
403,240,312,210,0,8,1805
223,452,228,250,0,1,30
31,350,50,529,0,10,492
68,274,546,325,0,2,492
192,412,0,239,0,10,3993
23,408,660,21,0,10,492
298,442,166,488,0,10,492
55,240,437,85,0,1,30
172,394,601,343,1,1,437
28,792,211,343,1,1,437
201,184,590,324,0,10,492
37,216,126,534,1,1,538
63,163,263,240,0,10,423
240,408,562,303,0,10,492
14,336,825,528,0,10,4055
279,1192,23,21,1,1,30
117,1182,590,324,0,1,995
261,412,756,338,0,10,4479
76,1022,312,210,0,8,1805
55,373,312,210,0,8,1805
55,1210,0,62,0,7,3734
179,44,544,375,0,2,492
151,455,542,278,0,1,30
14,372,362,407,0,1,30
76,1210,731,62,1,1,30
37,195,312,210,0,8,1805
94,428,166,488,0,2,492
139,335,312,210,0,8,1805
68,263,546,325,0,2,492
2,540,278,534,0,7,222
124,520,682,534,0,2,61
148,350,819,278,0,1,30
185,163,263,240,1,1,422
89,321,211,343,1,1,437
94,264,652,226,0,2,492
46,330,593,326,0,1,30
9,856,565,303,0,2,492
403,373,615,500,0,10,492
410,350,546,325,0,1,425
412,1027,565,303,0,2,492
197,539,0,246,0,1,1680
58,350,0,66,0,1,1893
256,344,258,410,0,1,30
239,163,263,240,0,11,421
24,531,35,407,0,1,30
22,359,11,528,1,1,5
94,698,300,534,0,7,143
172,1097,736,250,0,9,492
299,350,307,303,0,1,780
72,412,0,84,0,10,3993
403,240,312,210,0,8,1805
246,974,565,303,0,2,492
172,321,207,167,0,1,30
83,321,160,457,0,1,30
403,483,312,210,0,8,1805
14,337,739,183,0,1,30
186,46,399,410,0,2,492
39,398,312,210,0,7,1805
299,412,534,292,0,10,501
265,270,53,339,0,2,492
203,765,211,343,1,1,439
79,1204,731,506,1,1,30
89,767,379,282,0,1,30
363,412,534,292,0,10,501
272,350,553,303,0,1,30
92,412,534,292,0,10,501
172,321,291,81,0,1,30
199,359,11,528,0,1,5
407,782,682,509,0,2,492
9,854,565,303,0,2,492
71,803,234,174,0,2,492
200,369,622,337,0,10,1216
403,326,290,534,0,7,267
184,347,650,534,0,1,3812
136,148,125,534,0,7,3706
297,442,166,488,1,10,30
184,398,739,183,0,1,30
295,350,819,278,0,1,30
211,412,534,292,0,10,501
367,428,684,534,0,7,4103
403,217,278,534,0,7,267
55,321,571,327,0,1,30
125,412,534,292,0,10,501
55,753,0,62,0,7,3734
278,1154,642,534,0,1,64
177,564,290,534,0,17,61
71,1194,91,213,0,2,492
94,440,825,278,0,1,30
46,465,684,534,1,10,363
43,419,232,534,0,1,535
30,350,307,303,0,1,780
227,412,0,283,0,10,3993
333,629,205,439,0,1,30
239,838,32,455,0,2,492
298,442,278,534,0,7,143
333,499,746,421,0,1,30
90,350,104,107,0,1,30
391,412,0,490,0,10,3993
299,350,682,534,0,7,3706
375,1155,642,534,0,1,64
21,247,531,94,0,1,492
318,350,546,325,1,1,425
129,147,662,155,0,2,492
203,1209,0,255,1,1,1892
79,769,601,534,0,8,360
203,184,615,337,1,1,492
55,785,636,54,0,1,30
296,382,682,534,0,1,3812
14,133,256,517,0,1,30
328,184,417,528,1,1,621
53,412,534,292,0,10,501
369,772,278,534,0,7,240
124,782,686,534,0,1,620
403,1045,223,455,0,1,30
242,412,0,312,0,10,3993
374,1035,565,303,0,2,492
210,412,0,263,0,10,3993
147,163,263,240,1,11,421
237,412,0,305,0,10,3993
177,681,600,534,0,1,620
194,205,116,534,0,1,538
108,520,682,534,0,2,61
416,148,682,521,0,2,492
101,412,0,123,0,10,3993
74,163,263,240,0,11,423
403,239,0,506,0,7,3734
375,412,0,470,0,10,3993
176,412,0,219,0,10,3993
372,331,0,467,0,1,1242
361,327,211,343,1,1,436
312,539,590,506,0,10,492
64,412,756,74,0,10,4479
282,1098,607,407,0,2,492
246,362,825,528,0,1,536
361,391,211,343,0,1,436
201,414,251,281,1,1,30
4,733,278,534,0,7,620
94,435,300,534,0,7,143
396,412,0,495,0,10,3993
230,515,537,286,1,10,30
78,188,546,325,0,1,425
56,412,534,292,0,10,501
212,924,560,303,0,1,30
403,370,32,455,0,1,30
131,412,534,292,0,10,4161
369,148,682,463,0,2,492
207,412,0,260,0,10,3993
213,887,223,457,0,1,30
95,1209,0,116,1,1,1892
403,1210,278,534,0,7,267
144,386,288,339,0,1,30
319,211,832,85,0,2,492
68,294,546,325,0,2,492
184,398,110,534,0,1,3814
239,58,32,455,0,2,492
79,412,534,292,0,10,501
256,242,102,331,0,1,1242
225,321,211,343,0,1,438
67,593,634,339,0,2,492
18,1023,621,528,0,2,62
11,412,0,9,0,10,3993
233,311,300,292,1,1,30
14,336,546,325,0,1,426
403,373,312,210,0,8,1805
403,202,278,534,0,7,249
22,412,534,292,0,10,501
73,412,0,87,0,10,3284
240,408,561,303,1,1,780
328,341,211,343,1,1,3398
2,334,546,325,0,1,426
403,110,192,455,0,1,30
46,764,211,343,0,1,437
151,455,855,278,0,1,30
369,412,534,292,0,10,501
95,766,211,343,1,1,437
94,224,658,534,0,7,222
222,540,330,250,0,1,30
317,347,795,528,0,10,4800
280,412,0,360,0,10,3993
198,412,0,247,0,10,3284
41,412,0,38,0,10,3993
2,203,546,325,0,1,426
406,121,290,534,1,1,240
328,765,0,416,1,1,1928
295,191,546,325,1,1,425
197,526,245,32,1,10,30
246,362,497,278,0,1,30
357,95,694,407,0,2,492
95,413,251,117,1,1,30
300,412,534,292,0,10,501
55,1049,724,410,0,2,492
359,412,534,292,0,10,501
97,412,601,119,0,10,4479
107,629,686,534,0,17,61
117,26,590,324,1,1,706
367,428,302,534,0,7,3830
74,168,63,534,0,1,538
107,412,534,292,0,10,501
209,412,534,292,0,10,501
113,657,126,534,0,1,535
374,350,546,325,0,1,426
107,499,81,534,0,2,61
296,383,682,534,0,1,61
256,1203,575,528,1,1,536
380,350,590,506,0,1,1697
29,729,211,343,0,1,438
40,412,0,36,0,10,3993
87,412,534,292,0,10,501
119,412,0,141,0,10,3993
403,339,45,303,0,1,30
55,753,0,62,0,7,3713
224,805,211,343,1,1,3398
279,1201,723,294,0,2,492
410,350,546,325,0,1,425
312,350,285,198,0,1,30
79,321,571,327,0,1,492
154,148,62,534,0,2,64
106,515,270,278,0,1,30
201,1188,0,253,1,10,1892
94,444,689,534,0,7,222
46,466,211,343,1,1,439
101,581,300,34,0,1,30
316,412,534,292,0,10,4143
402,321,776,407,0,1,30
73,16,565,303,0,2,492
74,163,263,240,1,10,422
292,366,825,528,0,1,620
46,330,719,25,0,2,492
21,408,20,533,0,7,3728
205,569,126,534,0,10,361
298,350,291,326,0,1,30
31,328,42,198,0,1,30
297,350,590,506,0,1,1697
51,9,646,57,0,2,492
347,412,534,292,0,10,501
213,324,565,303,0,1,30
117,1182,625,22,0,1,30
77,1210,312,210,0,8,1805
206,972,5,239,0,2,492
256,332,299,210,0,7,1805
180,412,791,224,0,10,4478
94,684,615,534,0,7,216
367,428,684,534,0,7,4103
405,321,546,325,0,1,426
94,696,818,278,0,1,30
317,347,825,528,0,1,329
401,363,300,534,0,10,361
111,1133,329,534,1,1,620
200,334,546,325,1,1,425
9,855,601,209,0,2,492
397,669,298,495,1,10,30
2,369,546,325,0,1,426
9,852,565,303,0,2,492
222,816,565,303,0,2,492
221,285,705,444,0,2,492
19,539,0,15,0,1,1681
133,1027,565,303,0,2,492
378,148,682,474,0,2,492
182,412,756,229,0,10,3366
167,412,530,292,0,10,4161
284,408,338,245,0,10,492
94,697,682,534,0,7,222
77,321,291,326,0,1,30
94,439,682,534,0,7,222
31,372,546,325,0,1,426
223,412,534,292,0,10,501
219,739,912,524,1,16,30
383,412,0,481,0,10,3993
120,782,682,534,0,2,61
155,412,534,292,0,10,492
94,224,825,528,0,1,2784
200,372,825,528,0,10,4055
103,678,497,278,0,1,30
23,408,659,21,0,10,492
14,218,546,325,1,1,425
246,362,0,317,1,1,1242
227,412,534,292,0,10,501
71,802,234,174,0,2,492
14,337,362,407,0,1,30
415,539,0,520,0,1,1680
343,308,842,278,0,1,30
125,782,686,534,0,1,620
46,196,211,343,0,1,438
361,890,622,337,0,2,492
201,1209,0,253,1,1,1892
367,442,302,534,0,7,3830
217,52,765,115,0,2,492
94,440,166,488,0,2,492
116,25,160,226,0,7,3718
39,398,903,278,0,1,30
78,188,829,455,0,1,30
89,767,211,343,1,1,437
249,594,211,343,1,1,437
112,784,302,534,0,7,3830
401,363,858,528,0,10,2784
224,414,0,279,1,1,1928
279,1198,723,294,0,2,492
402,412,534,292,0,10,501
55,1048,565,303,0,2,492
191,982,10,341,0,2,492
356,658,110,534,1,10,361
31,350,650,534,0,1,3812
55,236,0,62,0,7,3713
172,850,565,303,0,1,30
52,412,739,59,0,10,4479
141,163,263,240,1,10,422
317,347,0,404,0,1,1893
148,350,650,534,0,1,3812
94,435,166,50,0,2,492
300,412,0,385,0,10,3993
142,611,677,407,1,10,30
1,0,366,407,0,2,492
39,398,684,534,1,1,538
105,753,556,534,0,7,3706
161,349,650,534,0,1,3812
103,412,820,278,1,10,492
133,1100,825,278,0,2,492
275,960,435,528,0,2,62
214,359,647,329,0,1,30
393,412,534,292,0,10,501
367,428,682,534,0,7,222
185,163,263,240,1,11,423
336,412,534,292,0,10,501
321,412,534,292,0,10,501
401,539,0,504,0,1,1680
139,370,312,210,0,8,1805
356,1135,110,534,0,1,363
380,350,300,534,0,1,535
399,412,0,498,0,10,3993
108,617,682,534,0,2,639
213,1107,249,281,0,2,492
352,143,578,345,0,2,492
13,412,0,10,0,10,3993
403,909,565,303,0,2,492
218,1168,211,343,1,1,3398
403,123,14,476,0,2,492
184,347,724,410,0,1,30
403,1045,32,455,0,1,30
361,391,211,343,1,1,439
342,377,752,407,0,10,492
260,253,0,337,0,1,1216
14,337,546,325,0,1,426
218,1167,211,343,0,1,3397
172,733,278,534,0,7,620
324,412,534,292,0,10,4143
78,769,622,455,0,1,30
89,767,379,282,0,1,30
385,347,221,528,0,1,305
107,617,682,534,0,2,639
14,133,17,365,0,1,492
410,350,546,325,0,1,425
249,795,546,325,1,1,425
111,784,290,534,0,17,61
219,443,642,534,0,1,360
403,540,300,233,0,1,30
6,412,403,534,0,7,3706
94,434,300,534,0,7,143
341,321,218,78,0,1,30
241,791,211,343,1,1,3398
76,188,546,325,1,1,425
357,456,687,94,0,1,30
224,764,211,343,0,1,3397
294,627,819,528,0,1,2784
223,412,0,277,0,10,3993
55,237,312,210,0,8,1805
55,242,896,455,0,1,30
216,350,217,167,0,1,30
213,1136,246,177,0,2,492
203,1188,211,343,1,1,3398
55,540,168,534,0,7,106
352,1001,453,534,0,2,61
397,666,298,495,1,10,30
295,412,0,380,0,10,3993
116,412,0,138,0,10,3993
364,412,534,292,0,10,501
111,657,335,222,0,1,30
387,350,291,326,0,1,30
264,412,544,343,0,10,4478
189,412,534,292,0,10,501
79,1204,731,506,1,1,30
86,242,315,210,0,7,1805
95,764,211,343,0,1,3397
94,439,300,534,0,7,143
317,347,825,528,1,1,653
415,350,546,325,0,1,426
246,357,362,407,0,1,30
403,321,639,534,0,7,3706
395,321,776,407,0,1,30
305,1117,621,528,0,2,305
384,871,850,528,0,2,305
28,121,211,343,0,2,492
184,347,825,528,1,1,653
39,347,560,303,0,1,30
28,412,534,292,0,10,501
205,412,534,292,0,10,501
206,1027,565,303,0,2,492
1,412,0,1,0,10,3993
272,350,697,303,0,1,30
203,765,136,528,1,1,536
341,163,263,240,1,1,423
403,321,194,25,0,1,30
239,321,33,343,0,1,438
299,442,166,488,1,10,30
44,350,378,528,0,1,4
278,1156,848,409,0,7,3728
14,372,622,337,0,10,1216
112,784,300,534,0,7,143
129,657,166,457,0,1,30
139,905,565,303,0,2,492
219,739,494,534,0,16,360
55,146,437,85,0,1,492
272,412,0,351,0,10,495
263,65,267,240,0,2,492
89,699,211,343,0,1,3397
72,350,0,84,0,1,1885
360,412,534,292,0,10,501
132,412,0,157,0,10,3284
19,412,0,15,0,10,3993
7,271,825,278,0,1,30
341,163,263,240,1,11,423
94,435,302,534,0,7,3830
55,1210,278,534,0,7,267
55,217,896,22,0,1,30
95,999,454,115,0,2,492
284,799,53,365,0,10,492
39,398,909,278,0,1,30
141,163,846,240,1,10,421
74,163,263,240,1,11,422
403,753,167,534,0,7,3706
213,1106,246,177,0,2,492
288,412,0,372,0,10,3993
55,1045,32,455,0,1,30
403,240,437,85,0,1,30
14,372,546,325,1,1,425
404,321,546,325,0,1,425
195,412,392,242,0,10,4478
372,887,166,466,0,1,30
298,627,682,534,0,7,3706
406,679,278,534,0,7,240
312,350,784,528,0,10,2784
119,1176,615,534,0,7,216
1,0,251,281,0,2,492
46,196,86,534,0,1,538
317,398,825,528,0,1,329
241,699,211,343,0,1,3397
71,803,91,213,0,2,492
14,351,256,499,0,1,30
217,738,277,534,0,1,620
55,326,312,210,0,8,1805
241,390,211,343,1,1,3398
144,885,565,303,0,2,492
75,471,103,278,0,1,30
111,528,300,222,0,1,30
333,769,682,534,0,2,61
14,539,166,488,0,1,30
203,765,0,255,1,1,1928
216,1021,281,197,0,2,492
68,261,546,325,0,2,492
9,711,693,303,0,1,492
329,412,534,292,0,10,501
361,1064,22,365,0,2,492
28,416,642,339,0,1,492
178,412,821,292,0,10,30
39,398,905,278,0,1,30
350,412,0,442,0,10,3993
284,408,562,332,0,10,492
89,412,0,107,0,10,3993
246,412,0,317,0,10,3993
99,22,680,358,0,2,492
304,412,534,292,0,10,501
403,887,166,488,0,1,30
79,769,601,534,0,1,4
2,1030,590,62,0,2,492
139,412,534,292,0,10,4143
299,350,819,528,0,1,2784
91,279,160,529,0,7,3728
2,680,160,50,1,1,30
55,1060,223,54,0,1,30
249,794,546,325,0,1,426
2,540,300,233,0,1,30
94,441,86,534,0,7,3830
374,350,110,534,0,1,3814
285,412,535,292,0,10,501
132,412,756,157,0,10,3366
246,60,166,313,0,1,30
89,767,379,282,0,1,30
172,394,601,343,1,1,436
76,121,849,534,0,2,64
14,371,546,325,0,1,426
341,396,601,343,0,1,438
283,753,126,534,0,7,3706
55,412,534,292,0,10,706
31,369,622,337,0,10,1216
352,657,290,534,1,10,620
249,794,546,325,0,1,426
249,795,546,325,0,1,426
0,412,534,292,0,10,501
55,321,167,534,0,7,3706
94,434,825,528,0,1,2784
55,132,437,85,0,1,492
197,350,572,534,0,1,361
135,412,534,292,0,10,4161
39,680,166,50,0,1,30
101,582,300,34,0,1,30
94,436,166,50,0,1,30
222,815,327,94,0,2,492
46,1110,81,94,0,2,492
221,276,819,278,0,1,30
184,191,546,325,1,1,425
28,412,0,24,0,10,3993
297,412,0,382,0,10,3993
292,839,565,303,0,2,492
304,76,565,303,0,2,492
14,336,546,325,1,1,425
111,681,327,94,0,2,492
249,424,546,325,0,2,492
342,221,752,407,0,10,492
36,163,263,240,1,1,421
2,372,212,528,0,1,4055
78,188,546,325,0,1,425
198,47,565,303,0,2,492
394,350,572,534,0,1,361
141,168,64,250,0,7,3738
364,412,0,460,0,10,3993
55,132,384,230,0,2,492
55,335,257,303,0,1,30
77,769,702,534,0,8,3706
292,621,642,303,0,1,492
55,786,570,324,1,11,30
361,412,0,455,0,10,3993
89,767,379,282,0,1,30
321,753,278,534,0,7,106
230,545,537,286,1,10,30
201,764,211,343,0,1,3397
55,217,0,62,0,7,3734
239,1070,662,307,0,2,492
182,321,210,166,0,1,30
276,67,489,271,0,2,492
403,753,166,110,0,1,30
69,316,590,324,0,1,1011
94,264,654,94,0,2,492
152,350,546,325,1,1,425
117,1182,590,324,1,1,706
221,285,705,444,0,7,3718
107,24,688,97,1,2,30
77,769,731,506,0,2,492
68,291,546,325,0,2,492
94,436,825,528,0,1,536
191,412,0,238,0,10,3993
133,937,10,341,0,2,492
224,1055,629,338,0,2,492
403,321,615,500,0,1,30
55,240,437,85,0,1,30
56,412,534,292,0,10,4143
108,148,686,534,1,1,360
313,412,534,292,0,10,501
72,350,893,528,0,10,2784
354,613,0,445,0,2,4109
342,377,752,407,0,10,492
198,47,295,344,0,2,492
379,412,0,477,0,10,3993
343,89,166,457,0,1,30
401,378,858,528,0,10,2784
403,1204,0,506,0,7,3713
387,104,664,534,0,2,61
305,1110,565,303,0,2,492
186,412,534,292,0,10,501
228,412,0,286,0,10,3993
91,198,651,534,0,7,4036
9,128,404,347,0,2,492
403,321,194,25,0,1,30
105,412,534,292,0,10,501
280,962,327,94,0,2,492
51,9,386,57,0,2,492
94,435,682,534,0,7,222
172,1097,739,452,0,1,30
354,148,682,444,0,2,492
160,321,601,343,1,1,436
410,350,546,325,0,1,425
89,767,251,281,1,1,30
139,1045,32,455,0,2,492
148,350,110,534,0,1,3814
180,412,530,292,0,10,4161
46,330,211,343,1,1,436
177,530,312,210,0,8,1805
108,617,682,534,0,2,61
168,412,534,292,0,10,501
58,350,546,325,1,1,426
241,791,707,24,0,1,492
361,327,211,343,0,1,437
107,24,88,97,1,2,30
224,765,0,279,1,1,1928
55,489,290,534,0,1,249
94,214,131,94,0,1,30
374,101,374,303,0,2,492
55,785,650,534,0,7,620
14,372,714,528,0,1,4055
203,766,211,343,1,1,437
184,398,683,528,0,1,2784
161,349,217,167,0,1,30
82,487,184,528,0,1,62
343,887,223,457,0,1,30
95,414,0,116,1,1,1928
244,156,278,534,0,7,535
341,412,0,432,0,10,3993
148,191,546,325,0,1,426
56,321,546,325,0,1,425
49,412,0,52,0,10,3993
389,246,119,528,1,1,536
284,408,209,165,0,10,492
184,347,217,167,0,1,30
318,350,546,325,1,1,425
9,711,693,303,0,1,492
361,1128,22,365,0,2,492
216,350,110,534,0,1,5
356,472,110,534,1,10,361
91,479,160,226,0,7,3718
55,242,861,47,0,1,30
12,667,855,278,0,1,30
292,366,291,326,0,1,30
225,321,211,343,1,1,436
184,398,825,528,0,10,329
374,350,824,528,1,1,62
285,412,535,292,0,10,492
31,350,546,325,1,1,425
14,442,166,488,1,10,30
341,88,565,303,0,9,492
86,412,530,292,0,10,501
126,350,291,326,0,1,30
112,784,300,534,0,7,143
9,776,404,347,0,2,492
88,412,793,407,1,10,30
148,191,546,325,1,1,425
383,412,534,292,0,10,4143
19,920,791,16,0,2,492
72,429,300,534,0,7,143
346,412,534,292,0,10,501
123,617,0,145,0,2,4109
74,168,63,534,0,1,535
336,412,0,426,0,10,3993
403,202,0,506,0,7,3713
382,500,887,278,0,1,30
195,412,0,242,0,10,495
375,743,278,534,1,16,4
241,1188,0,311,1,1,1892
117,1182,590,324,0,1,995
269,889,737,407,0,2,492
296,383,305,250,0,7,3738
351,1145,601,440,0,2,492
403,251,32,455,0,1,30
107,921,682,534,0,2,61
55,371,0,62,1,1,2143
86,412,278,210,0,7,1805
83,1080,682,534,0,1,620
239,321,33,343,0,1,436
249,794,546,325,1,1,425
397,670,298,495,1,10,30
206,975,10,424,0,2,492
31,350,48,181,0,1,30
206,412,534,292,0,10,501
309,78,607,407,0,2,492
89,391,211,343,1,1,437
55,483,628,534,1,1,620
95,200,601,119,0,2,492
69,1207,560,324,0,1,1011
325,662,843,278,0,1,30
14,337,825,528,0,10,4055
296,382,305,250,0,7,3738
160,396,563,344,0,1,30
7,1,366,407,0,2,492
200,350,611,278,0,1,30
403,321,192,455,0,1,30
319,212,126,534,0,1,535
352,648,0,444,0,7,3718
55,251,0,62,0,7,3713
123,27,688,250,0,2,492
214,412,535,292,0,10,501
181,702,523,534,0,7,4036
232,412,534,292,0,10,501
113,657,336,250,0,1,30
253,412,534,292,0,10,4143
213,894,698,156,0,2,492
317,347,684,534,1,1,538
246,987,256,320,0,2,492
94,440,300,534,0,7,143
296,412,534,292,0,10,501
403,492,642,534,0,1,61
246,965,188,6,0,2,492
200,361,555,410,0,1,30
398,412,534,292,0,10,501
417,412,0,523,0,10,3993
69,882,590,324,0,1,1011
184,398,825,528,0,10,653
19,350,825,278,0,1,30
125,412,0,147,0,10,3993
141,168,63,534,0,1,538
45,412,0,45,0,10,495
403,242,32,455,0,1,30
403,899,290,534,0,2,361
184,347,825,528,0,1,329
328,764,211,343,1,1,3398
172,42,771,407,0,1,30
361,793,575,528,1,1,536
34,412,534,292,0,10,501
407,772,278,534,0,7,240
156,412,756,194,0,10,4478
298,350,572,534,0,1,361
341,163,846,240,1,11,423
98,412,534,292,0,10,4143
28,792,211,343,1,1,436
157,246,642,534,0,1,361
149,676,1,529,0,10,492
19,412,534,292,0,10,501
25,121,211,343,0,1,438
154,148,327,94,0,2,492
69,891,185,174,0,2,30
410,350,217,167,0,1,30
77,769,601,534,0,1,4
81,121,290,534,0,14,620
51,787,53,58,0,2,492
161,349,110,534,0,1,3814
55,217,278,534,0,7,267
247,321,16,161,0,1,492
383,350,217,167,0,1,30
133,412,0,158,0,10,3993
144,386,256,53,0,1,30
292,321,682,534,0,7,222
124,412,0,146,0,10,3993
46,764,211,343,1,1,3397
113,412,0,135,0,10,3993
94,435,300,534,0,7,143
127,412,0,149,0,10,3284
369,782,682,463,0,2,492
21,247,531,94,0,10,492
14,540,300,233,0,1,30
152,412,0,190,0,10,495
224,412,0,279,0,10,3993
313,80,249,407,0,2,492
129,875,76,152,0,1,30
282,802,91,213,0,2,492
183,412,534,292,0,10,4161
101,550,300,34,0,1,30
203,765,211,343,1,1,439
89,791,211,343,1,1,3398
301,452,166,50,0,2,492
125,148,160,530,0,2,492
246,355,497,278,1,1,492
374,350,824,528,1,1,536
298,350,893,528,0,1,2784
361,791,0,455,0,10,1929
172,128,404,75,0,2,492
178,474,327,94,0,2,492
178,564,650,534,0,17,61
24,733,278,534,0,7,620
76,459,312,210,0,8,1805
2,372,714,528,0,1,4055
327,404,557,301,0,2,492
254,359,647,329,0,1,30
198,412,534,292,0,10,501
148,412,0,186,0,10,3993
24,354,211,343,1,1,439
30,350,565,303,0,1,30
7,454,166,313,0,1,30
178,1020,654,94,0,2,492
233,675,535,292,0,1,30
200,328,43,303,0,1,30
184,398,385,528,0,10,4792
216,412,534,292,0,10,501
101,554,300,34,0,1,30
220,412,534,292,0,10,4143
30,351,601,209,0,1,30
83,412,0,98,0,10,3993
46,466,211,343,0,1,438
94,442,166,50,0,2,492
24,1110,565,303,0,2,492
31,369,546,325,0,1,426
375,102,765,115,0,2,492
212,1025,658,410,0,1,30
135,412,0,160,0,10,495
249,794,410,23,0,2,492
19,350,546,325,0,1,425
200,350,0,249,0,1,1893
172,394,854,528,0,10,305
416,613,682,534,0,2,639
281,412,544,363,0,10,4479
32,567,336,242,0,1,30
148,350,217,167,0,1,30
367,442,682,534,0,7,222
139,907,724,410,0,2,492
361,327,211,343,0,1,438
272,1074,565,303,0,2,492
55,242,166,50,0,1,30
178,779,653,534,0,17,61
127,412,0,149,0,10,3993
55,252,32,455,0,1,30
332,412,0,422,0,10,3993
312,350,217,167,0,1,30
351,782,682,442,0,2,492
76,242,299,210,0,7,1805
374,350,110,534,1,1,361
165,761,682,534,0,7,222
55,326,896,455,0,1,30
324,385,211,343,1,1,439
144,386,826,278,0,10,492
46,196,211,343,0,1,437
55,321,719,326,0,1,492
312,938,758,454,0,2,492
219,739,658,407,0,16,30
76,769,731,62,0,2,492
317,347,0,404,0,1,1885
403,240,312,210,0,8,1805
30,350,0,26,0,1,1885
387,350,921,528,0,1,2784
78,321,571,327,0,1,492
319,541,862,284,0,2,492
46,197,86,534,1,1,538
239,163,263,240,1,11,422
111,412,0,133,0,10,3993
317,398,385,528,1,1,305
386,412,534,292,0,10,501
413,412,0,519,0,10,3993
312,350,893,528,0,1,2784
55,753,636,54,0,1,30
157,36,765,115,0,2,492
317,347,497,278,0,1,30
62,657,329,534,0,1,4
412,412,534,292,0,10,501
200,350,819,278,0,10,492
58,412,0,66,0,10,3993
403,374,312,210,0,8,1805
246,969,565,303,0,2,492
154,412,534,292,0,10,501
203,699,211,343,0,1,3397
141,163,846,240,1,12,422
200,372,622,337,0,10,1216
330,412,0,419,0,10,495
76,412,534,292,0,10,501
123,27,686,534,0,7,222
79,188,546,325,0,1,425
2,218,546,325,1,1,425
94,264,652,226,0,7,3718
358,96,409,252,0,2,492
403,242,32,455,0,1,30
88,412,402,534,0,7,4103
333,763,312,210,0,8,1805
373,100,567,200,0,1,30
255,287,924,534,1,1,4
102,554,721,34,0,1,30
177,528,300,219,0,1,30
346,412,0,437,0,10,3993
198,321,38,528,0,1,536
76,540,642,234,0,1,492
177,564,332,219,0,1,30
305,1007,390,528,0,2,62
3,733,278,534,0,7,620
43,420,232,534,1,1,361
192,412,756,239,0,10,4478
127,28,565,303,0,2,492
283,412,0,366,0,10,3993
337,412,548,427,0,10,4478
403,1204,278,534,0,7,249
403,412,534,292,0,10,501
14,337,560,303,1,1,780
367,428,177,528,1,1,62
76,121,731,62,0,2,492
175,43,175,94,0,2,492
144,386,650,534,0,1,3812
391,539,560,506,0,1,30
333,571,746,421,0,1,30
91,479,819,278,0,1,30
51,412,0,58,0,10,495
224,765,251,281,1,1,30
333,499,746,421,0,1,30
77,540,642,234,0,1,492
387,539,0,485,0,1,1680
139,412,756,171,0,10,3366
370,412,8,465,0,10,4478
275,539,128,62,0,10,492
276,412,0,355,0,10,3993
140,246,182,536,1,1,61
177,517,312,210,0,8,1805
381,412,0,479,0,10,3993
294,350,894,528,1,1,621
407,782,0,510,0,2,4109
24,327,211,343,1,1,439
94,441,166,50,0,1,30
55,326,32,22,0,1,30
39,347,217,167,0,1,30
401,363,892,528,0,10,2784
30,350,256,53,0,1,30
352,268,212,345,0,2,492
279,1200,723,294,0,2,492
55,12,166,50,0,1,30
275,350,830,534,0,7,3706
36,163,263,240,1,1,422
107,242,19,285,0,2,492
181,702,71,534,0,1,361
63,163,263,240,1,10,421
303,412,534,292,0,10,501
105,753,554,534,0,7,3706
94,444,825,528,0,1,62
265,412,0,344,0,10,3993
213,540,109,303,0,1,492
385,412,534,292,0,10,4143
403,1081,544,363,0,2,492
410,350,546,325,1,1,426
152,350,546,325,0,1,426
69,1059,590,324,0,1,1011
403,338,437,85,0,1,30
2,985,256,65,0,2,492
343,1138,410,534,1,1,620
72,350,546,325,1,1,425
55,321,615,54,0,1,30
172,42,772,177,0,1,492
14,539,0,11,0,1,1680
156,412,534,292,0,10,4161
120,1185,312,210,0,8,1805
328,766,211,343,1,1,437
317,347,385,528,0,1,4792
209,412,534,292,0,10,492
185,163,263,240,0,1,421
352,268,714,345,0,2,492
357,95,308,407,0,2,492
55,753,896,455,0,1,30
58,412,534,292,0,10,501
403,217,0,506,1,1,2143
319,626,898,284,0,2,492
139,228,160,533,0,1,30
24,531,211,343,0,1,437
30,223,80,534,0,1,538
139,321,291,326,0,1,30
91,198,615,534,0,7,216
21,674,532,292,0,10,30
328,764,211,343,0,1,3397
125,520,682,534,0,2,639
75,545,415,278,0,1,30
365,412,0,461,0,10,3993
246,887,223,313,0,1,30
269,412,534,292,0,10,4143
141,163,263,240,0,11,423
209,782,682,261,0,2,492
295,350,140,528,1,1,535
110,412,534,292,0,10,501
212,1024,560,303,0,1,30
354,613,682,534,0,2,61
31,350,165,278,0,10,492
6,753,126,534,0,7,3706
341,171,601,343,1,10,438
295,350,572,534,1,1,361
125,148,687,94,0,2,492
147,412,534,292,0,10,501
144,387,730,534,0,7,106
324,791,211,343,0,1,3397
218,1168,211,343,0,1,3397
241,184,590,324,0,10,492
403,583,290,534,0,2,61
240,243,238,534,0,7,3706
292,321,684,534,0,7,4103
241,1188,211,343,1,1,3398
62,412,534,292,0,10,501
94,427,497,278,0,1,30
384,412,534,292,0,10,501
9,708,738,163,0,1,30
186,412,0,233,0,10,3993
94,267,165,278,0,1,30
247,321,770,321,0,1,30
69,652,217,167,0,1,30
361,438,312,210,0,8,1805
107,605,650,534,0,2,61
79,1022,312,210,0,8,1805
52,412,534,292,0,10,4161
391,353,345,325,1,1,425
375,102,409,252,0,2,492
269,1072,737,407,0,2,492
111,530,312,210,0,8,1805
249,360,462,407,0,1,30
405,111,599,529,0,2,492
172,321,724,410,0,1,30
120,773,855,278,0,2,492
277,1159,222,536,0,7,3706
262,412,0,341,0,10,495
136,1191,773,534,0,1,61
272,418,397,245,0,2,492
385,398,217,167,0,1,30
383,350,546,325,1,1,425
172,394,739,452,0,2,492
292,540,330,250,0,1,30
141,165,64,250,0,7,3738
24,968,295,344,0,2,492
216,945,724,410,0,2,492
373,715,278,210,0,7,1805
317,398,825,528,0,1,653
189,412,0,235,0,10,3993
292,620,642,410,0,1,492
295,350,0,380,0,1,1885
77,931,312,210,0,8,1805
86,653,814,258,0,1,30
203,766,280,534,1,1,3706
352,121,126,534,1,1,361
269,412,0,346,0,10,3993
44,412,534,292,0,10,501
403,483,195,534,0,1,620
222,321,181,534,0,1,5
42,6,922,281,0,2,492
406,121,290,534,0,14,620
155,412,534,292,0,10,501
86,654,814,258,0,1,30
203,184,417,528,0,1,536
117,180,71,86,0,1,30
95,805,211,343,0,1,3397
111,412,820,278,1,10,492
89,1188,0,107,1,10,1892
380,350,892,528,0,1,2784
62,657,300,534,0,5,61
263,65,851,240,0,2,492
224,1188,0,279,1,10,1892
1,0,251,117,0,2,492
39,347,867,278,0,1,30
318,350,217,167,0,1,30
343,408,20,530,0,7,3728
225,321,590,324,0,1,706
197,350,819,278,0,10,492
242,59,579,82,0,2,492
336,989,8,194,0,2,492
58,350,611,278,0,1,30
2,372,546,325,1,1,425
184,398,385,528,1,1,305
263,1161,622,337,0,2,492
191,321,124,30,0,1,492
63,412,534,292,0,10,501
74,168,64,250,0,7,3738
18,1091,724,410,0,2,492
68,301,546,325,0,2,492
403,251,278,534,0,7,249
410,350,546,325,1,1,426
403,753,32,22,0,1,30
282,1099,607,407,0,2,492
218,1167,0,272,1,10,1892
238,412,312,210,0,8,1805
178,564,110,534,0,17,61
79,321,291,326,0,1,30
14,372,546,325,1,1,425
328,766,251,281,1,1,30
295,191,546,325,0,1,426
381,412,534,292,0,10,501
79,188,546,325,0,1,425
108,520,682,534,0,2,639
401,526,245,32,1,10,30
134,811,92,76,0,1,30
201,765,819,528,0,1,4055
312,350,892,528,0,10,2784
242,59,190,410,0,2,492
51,787,65,57,0,2,492
257,1162,312,210,0,8,1805
312,350,858,528,0,1,2784
264,256,211,343,1,1,436
30,350,724,410,0,1,30
213,1013,565,303,0,2,492
317,347,385,528,0,10,4792
90,350,105,107,0,1,30
219,739,278,534,1,16,4
241,833,71,82,0,2,492
333,629,727,421,0,1,30
358,497,615,337,0,1,30
75,700,1,535,0,10,492
113,121,654,94,0,2,492
224,184,244,528,1,1,536
416,613,0,522,0,2,4109
208,412,0,261,0,10,3993
14,412,534,292,0,10,501
194,190,684,534,1,1,538
319,561,642,530,0,7,3728
356,1135,110,534,0,1,363
241,389,211,343,0,1,439
230,471,537,286,1,10,30
148,412,534,292,0,10,501
172,394,269,528,0,10,305
2,337,546,325,0,1,426
81,679,278,534,0,7,240
203,765,419,528,0,1,305
260,244,624,337,1,10,492
46,791,211,343,0,1,3397
333,613,682,534,0,2,61
296,191,546,325,0,1,426
340,412,0,430,0,10,3993
44,350,302,534,0,7,3706
390,658,110,534,1,10,64
296,383,256,53,0,1,30
224,321,0,279,0,10,1929
178,1020,653,534,1,1,620
181,702,523,534,0,7,4036
381,350,590,506,1,1,1697
213,412,534,292,0,10,4143
304,412,0,389,0,10,3284
296,293,56,534,0,1,61
214,412,535,292,0,10,492
241,699,0,311,1,1,1892
203,699,211,343,1,1,3398
256,838,32,455,0,1,30
46,764,615,531,0,1,305
112,412,820,278,1,10,492
256,344,258,410,0,1,30
144,386,110,534,0,1,3814
403,132,384,230,0,2,492
46,196,211,343,1,1,439
112,1133,653,534,1,1,620
89,321,211,343,0,1,436
129,893,253,151,0,2,492
55,321,627,25,0,1,30
94,801,230,179,0,2,492
53,1091,724,410,0,2,492
361,391,211,343,1,1,438
2,372,546,325,1,1,425
0,412,0,0,0,10,3993
39,347,869,278,0,1,30
401,363,546,325,0,1,426
39,680,116,534,0,1,538
33,412,0,29,0,10,3284
403,1210,625,455,0,1,30
292,862,565,303,0,2,492
317,398,217,167,0,1,30
55,842,536,344,0,2,492
403,673,620,455,0,1,30
386,321,546,325,1,1,425
239,163,263,240,1,1,423
39,828,565,303,0,2,492
380,412,534,292,0,10,501
117,26,590,324,0,1,995
75,570,570,361,1,1,492
55,1061,640,56,0,7,3728
178,779,302,534,0,7,3830
410,350,893,528,0,1,2784
2,323,312,210,0,8,1805
249,594,211,343,0,1,438
215,412,0,269,0,10,3993
200,350,546,325,0,1,426
95,1043,622,337,0,2,492
267,563,497,534,0,7,3706
260,244,623,337,1,10,492
331,412,535,292,0,10,501
161,349,0,201,0,1,1885
72,350,546,325,0,1,426
190,412,0,237,0,10,495
403,217,0,506,0,7,3734
385,412,534,292,0,10,501
329,800,505,534,0,10,304
125,617,682,534,0,2,61
165,497,615,337,0,1,30
215,246,182,536,1,1,535
254,412,0,330,0,10,3993
9,712,642,365,0,1,492
239,163,846,240,0,11,421
256,321,291,326,0,1,30
57,405,312,210,0,8,1805
224,766,211,343,1,1,437
324,1092,246,177,0,2,492
354,613,682,534,0,2,639
222,745,560,303,0,1,492
184,347,825,528,0,1,329
288,412,534,292,0,10,501
224,1119,799,283,0,2,492
241,389,38,339,0,1,30
4,412,0,3,0,10,3993
403,491,290,534,0,2,61
141,163,263,240,0,10,423
317,347,825,528,0,10,329
299,412,0,384,0,10,3993
206,412,0,259,0,10,3993
403,486,34,200,0,2,492
164,412,534,292,0,10,4143
264,734,211,343,1,1,437
403,251,0,506,0,7,3713
295,350,165,278,0,10,492
328,412,0,416,0,10,3993
99,22,923,450,0,2,492
343,639,622,534,1,10,620
31,361,555,410,0,1,30
239,321,33,343,1,1,437
380,350,546,325,0,1,425
319,211,535,292,1,10,492
403,901,565,303,0,2,492
374,350,0,469,0,1,1893
46,791,211,343,1,1,439
55,753,861,47,0,1,30
2,369,622,337,0,10,1216
38,412,534,292,0,10,501
410,350,546,325,1,1,426
68,278,544,419,0,2,492
129,887,166,457,0,1,30
91,280,160,530,0,2,492
291,412,756,375,0,10,4479
247,321,165,278,0,1,492
361,391,211,343,1,1,437
44,350,546,325,1,1,425
224,184,803,528,0,1,536
366,661,837,461,1,10,30
135,412,756,160,0,10,4479
403,1057,565,303,0,2,492
47,321,211,343,0,1,439
39,680,546,325,1,1,425
239,163,263,240,1,11,422
233,742,834,407,0,10,492
297,350,546,325,0,1,425
195,412,534,292,0,10,492
184,347,385,528,0,10,4792
106,279,160,529,0,7,3728
7,1,526,281,0,2,492
312,350,300,534,0,10,5
177,412,532,292,0,10,30
197,350,546,325,0,1,426
178,412,820,292,1,10,492
299,350,572,534,0,1,363
158,730,101,407,0,2,492
36,163,263,240,0,1,423
341,163,846,240,1,11,422
120,1185,689,534,0,7,222
139,1052,565,303,0,2,492
74,163,263,240,1,10,421
1,453,166,50,0,2,492
317,347,825,528,0,10,653
241,392,211,343,0,1,436
343,242,102,434,0,1,1242
352,268,714,534,0,2,61
283,412,534,292,0,10,492
170,415,720,403,0,1,30
397,671,298,495,1,10,30
357,95,170,117,0,2,492
387,412,534,292,0,10,501
265,66,802,454,0,2,492
24,974,565,303,0,2,492
317,398,825,528,0,10,653
184,398,825,528,0,1,329
55,785,650,534,0,7,216
402,412,534,292,0,10,4143
403,1060,223,500,0,1,30
154,148,832,529,0,7,3728
34,412,0,30,0,10,3993
246,321,291,326,0,1,30
335,412,534,292,0,10,501
95,412,534,292,0,10,501
351,494,126,534,0,1,535
339,86,752,407,0,2,492
387,350,546,325,1,1,426
403,365,0,506,1,1,2143
30,191,116,534,0,1,538
14,428,166,488,1,10,30
246,707,642,303,0,10,30
55,898,32,47,0,1,30
184,347,795,528,0,1,4800
94,684,651,534,0,7,4036
246,887,166,313,0,1,30
213,321,497,278,0,1,30
177,242,312,210,0,8,1805
31,361,553,303,0,1,30
225,321,211,343,0,1,439
178,604,327,94,0,2,492
175,412,0,218,0,10,3993
39,539,128,62,0,10,492
78,188,546,325,1,1,426
24,354,719,25,0,2,492
198,321,263,528,0,10,305
111,657,290,534,0,17,61
296,383,217,167,0,1,30
184,398,825,528,0,1,329
379,412,534,292,0,10,501
246,861,565,303,0,2,492
144,387,826,278,0,10,492
403,785,636,500,0,10,492
410,350,546,325,1,1,426
222,887,0,276,0,1,1242
76,445,733,534,0,1,620
380,350,590,506,1,1,1697
333,613,290,534,0,1,620
103,412,821,278,0,10,30
2,372,212,528,0,1,4055
56,412,0,63,0,10,3993
19,350,217,167,0,1,30
338,412,534,292,0,10,501
113,412,534,292,0,10,501
55,483,312,210,0,8,1805
106,412,0,128,0,10,3993
2,369,546,325,1,1,425
55,308,34,534,0,7,106
324,150,728,94,0,2,492
223,452,166,488,0,2,492
403,785,376,534,0,1,360
402,412,0,505,0,10,3284
335,1101,752,407,0,2,492
359,412,534,292,0,10,4143
241,390,211,343,0,1,3397
76,769,601,534,0,1,4
184,398,0,231,0,1,1885
151,455,103,278,0,1,30
123,617,682,534,0,2,61
172,1097,312,210,0,8,1805
201,1006,126,534,0,2,304
186,46,553,303,0,2,492
239,841,410,23,0,2,492
380,350,590,506,0,1,1697
269,948,737,407,0,2,492
28,121,211,343,1,1,438
403,252,32,455,0,1,30
385,347,560,303,0,1,30
112,784,302,534,0,7,3830
102,581,721,34,0,1,30
58,350,217,167,0,1,30
83,18,166,457,0,1,30
77,412,0,91,0,10,3993
28,121,211,343,1,1,439
77,188,546,325,0,1,426
312,350,546,325,0,1,426
203,184,590,324,0,10,492
0,872,67,339,0,2,492
215,246,182,536,1,1,61
233,242,535,292,0,2,492
101,581,300,34,0,1,30
200,1144,565,303,0,2,492
401,378,546,325,1,1,425
46,197,211,343,0,1,438
46,791,707,24,0,1,492
177,681,601,534,0,2,61
211,51,362,407,0,2,492
100,178,71,86,0,1,30
298,350,894,528,0,1,2784
21,674,19,296,0,7,3728
96,412,534,292,0,10,4143
88,654,815,250,0,1,30
79,188,243,24,1,1,30
94,444,684,534,0,7,4103
387,350,546,325,1,1,426
68,261,546,325,1,1,425
403,1038,547,329,0,2,492
76,321,291,326,0,1,30
185,163,846,240,0,11,421
383,428,166,488,1,10,30
213,1043,622,337,0,2,492
101,412,534,292,0,10,501
129,575,596,154,0,2,492
39,539,0,35,0,1,1681
29,729,211,343,1,1,436
407,782,682,534,0,2,61
336,201,312,210,0,8,1805
350,412,534,292,0,10,501
374,101,240,303,0,2,492
94,441,825,528,0,1,62
352,1174,290,534,1,1,620
403,1046,410,23,0,2,492
95,805,211,343,1,1,3398
311,412,0,396,0,10,3993
403,237,437,85,0,1,30
137,412,534,292,0,10,501
328,184,803,528,1,1,305
118,692,38,32,0,1,30
246,540,497,278,1,1,492
201,1086,825,528,0,2,305
152,350,900,528,0,1,2784
272,412,534,292,0,10,4161
2,651,642,71,0,1,492
387,350,546,325,0,1,425
343,1045,32,455,0,2,492
77,121,849,534,0,2,304
197,350,546,325,1,1,425
333,571,727,421,0,1,30
385,347,895,278,0,1,30
194,350,546,325,1,1,425
249,850,565,303,1,1,492
275,539,0,354,0,1,1681
260,1147,825,528,1,10,62
203,765,805,528,0,1,621
184,191,546,325,0,1,426
76,445,705,329,0,2,492
403,242,0,506,0,7,3734
184,398,217,167,0,1,30
409,364,784,528,0,1,2784
147,163,846,240,0,11,423
242,59,170,117,0,2,492
55,309,34,534,0,1,361
374,412,534,292,0,10,4143
200,350,546,325,1,1,425
406,412,534,292,0,10,501
354,613,312,210,0,8,1805
410,350,546,325,0,1,425
94,434,166,488,0,2,492
217,738,489,534,0,1,620
398,148,682,496,0,2,492
102,548,721,34,0,1,30
403,585,642,343,0,1,492
68,305,546,325,0,2,492
83,1079,682,534,0,1,620
83,1066,565,303,0,2,492
238,1195,312,210,0,8,1805
297,350,572,534,1,1,361
9,865,698,365,0,2,492
44,350,278,534,0,7,143
69,726,217,167,0,1,30
68,282,299,210,0,7,1805
58,350,650,534,0,1,3812
152,350,546,325,1,1,425
112,412,821,278,0,10,30
94,214,819,528,0,1,535
194,205,657,534,0,1,538
172,412,534,292,0,10,501
128,1024,565,303,0,2,492
184,398,650,534,0,1,3812
348,412,0,440,0,10,495
51,788,386,57,0,2,492
55,252,0,62,0,7,3734
380,539,890,506,0,1,30
94,439,302,534,0,7,3830
312,350,546,325,0,1,425
51,9,779,57,0,2,492
201,805,211,343,1,1,3398
251,638,732,534,0,7,3706
38,412,0,34,0,10,3993
107,629,81,534,0,2,61
55,370,312,210,0,8,1805
204,412,534,292,0,10,501
24,354,217,167,0,1,30
168,39,753,424,0,2,492
194,412,534,292,0,10,501
46,764,211,343,1,1,436
8,144,630,316,0,2,492
117,1182,590,324,0,1,995
72,350,217,167,0,1,30
205,121,290,534,1,1,620
74,163,846,240,1,12,421
284,408,2,13,0,10,492
75,546,96,535,0,10,492
403,491,34,200,1,1,30
94,684,651,534,0,10,361
152,350,892,528,0,10,2784
304,412,756,389,0,10,3366
191,422,560,343,1,1,3398
385,398,895,278,0,1,30
239,171,601,343,1,10,439
178,779,107,534,0,1,620
295,191,160,50,0,1,30
161,349,0,201,0,1,1893
342,298,752,407,0,2,492
305,992,289,528,0,2,305
404,321,776,407,0,1,30
341,163,263,240,1,11,422
312,539,166,488,0,1,30
305,1106,246,177,0,2,492
71,803,234,174,0,2,492
117,1182,590,324,0,1,995
294,350,894,528,1,1,621
129,536,384,152,0,2,492
79,445,291,326,0,2,492
94,684,166,488,0,10,30
339,86,565,303,0,2,492
292,887,166,50,0,1,30
328,765,211,343,1,1,439
101,1176,439,278,0,1,30
141,412,534,292,0,10,501
338,412,0,428,0,10,3993
30,190,684,534,1,1,538
55,240,312,210,0,8,1805
95,184,590,324,0,10,492
55,907,724,410,0,2,492
331,151,734,421,0,2,492
401,363,784,528,0,10,2784
217,731,520,195,1,1,30
14,523,256,499,0,1,492
403,239,32,455,0,1,30
282,803,696,196,0,1,30
264,412,534,292,0,10,4161
94,440,825,528,0,1,2784
39,412,534,292,0,10,4143
373,557,278,210,0,7,1805
411,350,300,534,0,1,535
345,412,756,436,0,10,4478
295,350,650,534,0,7,3706
178,779,107,534,0,1,620
341,321,601,343,0,1,437
249,794,546,325,0,1,426
217,246,642,534,0,1,361
74,163,846,240,1,12,422
172,776,404,75,0,2,492
139,32,625,455,0,2,492
90,350,104,107,0,1,30
30,350,650,534,0,1,3812
398,613,0,497,0,2,4109
94,267,312,210,0,8,1805
39,398,907,250,0,1,30
144,412,534,292,0,10,501
343,1096,622,534,0,1,620
403,907,724,410,0,2,492
28,407,211,343,1,1,437
98,21,251,117,0,1,492
55,587,642,534,0,1,61
238,412,0,306,0,10,3993
78,1022,312,210,0,8,1805
84,412,534,292,0,10,4143
341,163,263,240,0,11,421
241,389,211,343,0,1,439
31,328,43,303,0,1,30
333,763,290,534,0,1,61
356,1135,110,534,1,1,361
2,584,642,455,0,1,492
246,412,534,292,0,10,501
319,478,162,284,0,2,492
137,272,211,343,1,1,436
39,347,872,278,0,1,30
387,412,0,485,0,10,3993
403,412,534,292,0,10,995
191,422,388,234,0,1,30
79,1204,312,210,0,8,1805
403,321,545,325,1,1,426
186,46,236,303,0,2,492
34,321,312,210,0,8,1805
181,744,523,534,0,7,4036
94,684,891,278,0,10,30
14,337,362,407,0,1,30
186,46,555,410,0,2,492
246,381,367,320,0,1,492
144,387,827,278,0,10,492
383,350,717,528,0,10,2784
9,733,278,534,0,7,620
404,412,534,292,0,10,501
19,350,650,534,0,1,3812
352,121,300,446,0,2,492
95,764,211,343,1,1,3398
317,398,795,528,0,10,4800
33,321,336,528,0,1,536
68,282,299,210,0,7,1805
358,412,534,292,0,10,501
212,946,560,303,0,1,30
318,350,546,325,0,1,426
267,578,497,534,0,7,3706
184,398,795,528,1,10,305
165,761,684,534,0,7,4103
403,489,290,534,0,1,249
261,412,534,292,0,10,4161
220,412,0,274,0,10,3993
90,350,105,107,0,1,30
113,121,312,210,0,8,1805
68,282,541,278,1,1,492
384,1028,662,307,0,2,492
328,765,278,534,0,1,535
55,321,615,54,0,1,30
343,321,0,434,0,1,1242
10,679,658,534,0,7,222
78,188,546,325,0,1,425
216,412,0,270,0,10,3993
31,372,362,407,0,1,30
403,321,571,327,0,1,30
2,372,362,407,0,1,30
247,321,16,161,0,1,492
26,3,32,22,0,2,492
172,321,312,210,0,8,1805
394,412,534,292,0,10,501
144,386,0,180,0,1,1893
292,412,534,292,0,10,501
197,350,611,278,0,1,30
315,81,607,407,0,2,492
175,718,126,534,0,1,363
221,276,580,534,0,2,64
328,766,0,416,1,1,1928
157,731,519,122,1,1,30
94,439,825,528,0,1,2784
186,925,785,183,0,2,492
68,302,546,325,1,1,425
182,321,668,391,0,1,30
246,540,312,210,0,8,1805
403,252,278,534,0,7,267
144,387,217,167,0,1,30
352,412,535,292,0,10,501
403,887,223,488,0,1,30
36,121,211,343,0,1,438
50,8,649,424,0,2,492
2,137,816,72,0,1,30
123,412,534,292,0,10,4161
279,754,723,293,0,2,492
94,264,655,97,0,2,492
107,499,0,129,0,2,4109
297,350,682,534,0,1,5
9,708,685,303,0,1,492
72,429,166,205,0,2,492
394,442,166,488,1,10,30
55,217,707,24,0,1,492
133,1103,10,424,0,2,492
14,1178,546,325,0,2,492
206,971,536,344,0,2,492
94,697,684,534,0,7,4103
101,568,300,34,0,1,30
351,613,0,443,0,2,4109
113,657,126,534,0,1,535
415,539,0,520,0,1,1681
359,97,563,344,0,2,492
2,337,112,534,0,10,61
55,242,278,534,0,7,267
292,621,738,163,1,1,30
343,308,0,434,0,1,1242
123,810,278,534,0,7,222
239,321,33,343,1,1,439
30,191,166,50,0,1,30
14,540,166,488,0,1,30
403,490,642,343,0,1,492
9,709,738,163,0,1,30
46,644,81,94,0,2,492
94,435,684,534,0,7,4103
211,51,622,337,0,2,492
188,412,534,292,0,10,501
75,515,270,278,0,1,30
112,784,112,534,0,1,620
203,184,417,528,1,1,536
318,350,546,325,0,1,426
403,1022,546,325,0,2,492
375,246,642,534,0,1,361
392,412,0,491,0,10,3993
351,613,682,534,0,2,639
403,321,10,329,0,1,30
354,412,0,445,0,10,3993
125,617,0,147,0,2,4109
74,412,0,88,0,10,3993
398,613,682,534,0,2,61
298,350,894,528,1,1,621
5,501,855,278,0,1,30
282,808,472,407,0,1,30
152,350,546,325,1,1,425
296,383,682,534,0,1,3812
401,363,782,528,0,10,2784
98,412,0,120,0,10,3993
222,886,544,419,0,2,492
341,345,601,343,1,1,439
270,505,559,81,0,1,30
403,321,291,326,0,1,30
218,1169,211,343,0,1,3397
98,412,534,292,0,10,501
328,184,417,528,1,1,621
200,350,110,534,0,1,3814
206,966,246,177,0,2,492
405,321,546,325,1,1,425
172,321,291,81,0,1,30
137,272,397,430,0,1,30
144,386,565,303,0,1,30
112,657,290,534,0,1,620
221,276,705,445,0,2,492
319,634,160,284,0,2,492
2,337,362,407,0,1,30
117,1182,590,324,1,1,706
220,54,409,252,0,2,492
403,1058,724,410,0,2,492
374,350,256,53,0,1,30
24,327,211,343,1,1,437
112,474,327,94,0,2,492
287,119,825,528,0,10,2784
157,36,172,122,0,2,492
94,444,891,528,0,1,2784
148,350,256,53,0,1,30
30,539,0,26,0,1,1681
194,350,217,167,0,1,30
78,188,546,325,1,1,426
279,1196,565,303,1,1,30
328,341,211,343,0,1,3397
129,321,131,152,0,1,1929
197,412,534,292,0,10,501
9,712,738,163,0,1,30
74,163,263,240,1,11,421
129,29,166,457,0,1,30
292,210,686,534,0,7,222
55,489,570,324,0,1,706
89,765,211,343,1,1,439
403,673,159,455,0,1,30
224,766,251,281,1,1,30
14,203,546,325,0,1,426
403,412,0,506,0,10,3993
94,436,684,534,0,7,4103
129,138,384,152,0,2,492
343,1105,658,410,0,1,30
250,412,546,325,0,10,4479
197,527,245,32,1,10,30
296,191,160,50,0,1,30
186,46,553,303,0,2,492
72,350,307,303,0,1,780
47,321,211,343,1,1,437
70,412,534,292,0,10,501
14,372,825,528,0,10,4055
395,108,10,341,0,2,492
147,163,263,240,1,10,422
369,613,0,464,0,2,4109
403,1210,0,506,0,7,3734
312,350,782,528,1,1,2784
294,350,497,278,0,1,30
147,163,263,240,0,11,423
191,959,563,344,0,2,492
200,412,534,292,0,10,501
191,1087,706,236,0,2,492
403,326,32,455,0,1,30
257,1162,391,243,0,7,3728
391,350,572,534,0,1,363
256,540,0,331,0,1,1242
381,539,166,488,0,1,30
80,412,534,292,0,10,501
184,398,565,303,0,1,30
185,163,263,240,1,11,423
30,191,657,534,0,1,538
123,520,0,145,0,2,4109
108,617,0,130,0,2,4109
2,372,622,337,0,10,1216
403,321,545,325,1,1,426
172,152,735,452,0,2,492
201,1188,211,343,0,1,3397
335,412,0,425,0,10,3993
89,321,211,343,1,1,439
175,511,259,94,0,1,30
46,330,211,343,0,1,438
141,163,263,240,1,10,422
242,412,534,292,0,10,501
402,412,756,505,0,10,3366
58,350,110,534,0,1,5
172,544,414,198,0,1,492
294,412,534,292,0,10,501
230,565,537,286,1,10,30
154,1126,791,193,0,2,492
128,924,565,303,0,2,492
213,325,553,303,0,1,30
393,412,534,292,0,10,4143
139,321,291,326,0,1,30
132,1027,565,303,0,2,492
403,1210,625,455,0,1,30
61,412,534,292,0,10,4143
7,412,0,5,0,10,3993
295,191,116,534,1,1,535
199,412,534,292,0,10,4143
342,315,754,339,0,1,30
50,8,84,341,0,2,492
72,429,684,534,0,7,4103
87,412,741,407,1,1,30
2,489,642,47,0,1,492
95,1005,169,115,0,2,492
31,334,546,325,1,1,425
63,163,263,240,0,11,423
2,203,546,325,1,1,425
55,540,684,534,0,7,3706
190,412,534,292,0,10,4161
169,415,643,350,0,1,30
210,412,534,292,0,10,501
30,539,128,62,0,10,492
131,412,698,156,0,10,4479
194,350,110,534,0,1,3814
74,163,263,240,0,10,423
94,214,825,278,0,1,30
246,350,135,534,0,1,363
24,354,559,81,0,1,30
55,310,290,534,0,1,361
2,372,825,528,0,10,4055
283,1195,278,534,0,7,106
94,444,166,50,0,1,30
331,892,179,407,0,2,492
116,412,534,292,0,10,501
62,412,278,534,0,7,106
288,238,312,210,0,8,1805
55,888,544,113,0,2,492
307,77,791,182,0,2,492
319,211,131,528,0,1,2784
154,148,62,534,0,7,3706
312,539,0,397,0,1,1680
14,372,212,528,0,1,4055
249,412,534,292,0,10,501
172,640,290,534,0,2,61
373,549,278,210,0,7,1805
310,412,534,292,0,10,501
200,350,650,534,0,1,3812
94,434,684,534,0,7,4103
107,657,686,534,0,17,61
175,242,312,210,0,8,1805
411,350,892,528,0,1,2784
305,412,0,390,0,10,3993
102,582,721,34,0,1,30
224,184,803,528,1,1,305
201,765,488,528,0,1,4055
249,795,546,325,1,1,425
123,412,534,292,0,10,4161
175,529,259,94,0,2,492
403,1204,0,506,0,7,3713
318,412,534,292,0,10,501
75,700,38,535,0,10,492
197,350,546,325,0,1,426
247,412,534,292,0,10,501
101,1176,455,528,0,1,2784
32,142,393,407,0,9,492
302,412,534,292,0,10,501
292,366,217,167,0,1,30
91,479,160,226,0,2,492
91,222,497,278,0,1,30
408,412,534,292,0,10,4143
328,343,555,410,1,1,30
328,766,126,534,0,7,3706
409,1037,560,534,0,2,304
204,359,647,329,0,1,30
403,753,639,534,0,7,3706
55,321,167,534,0,7,3706
188,412,0,234,0,10,3993
200,350,546,325,0,1,426
285,359,11,528,0,1,5
94,283,651,534,0,7,3706
276,731,518,271,0,1,30
2,137,770,71,0,1,30
2,334,546,325,1,1,425
284,300,698,365,0,2,492
78,188,546,325,1,1,426
78,483,312,210,0,8,1805
41,412,534,292,0,10,501
107,617,0,129,0,2,4109
341,88,246,177,0,9,492
410,350,893,528,0,1,2784
292,887,0,376,0,1,1242
78,769,601,534,0,8,360
77,412,534,292,0,10,501
46,755,278,534,0,7,106
49,887,166,50,0,2,492
51,9,65,57,0,2,492
276,412,534,292,0,10,501
200,372,546,325,0,1,426
220,412,534,292,0,10,501
77,188,861,455,0,1,30
223,452,228,250,0,7,3738
105,1195,566,534,0,7,3706
94,444,684,534,0,7,4103
213,540,312,210,0,8,1805
30,191,546,325,1,1,425
62,412,821,278,0,10,30
409,364,782,528,0,1,2784
416,412,0,522,0,10,3993
55,785,650,534,0,7,216
403,493,642,23,0,1,492
319,211,825,528,1,10,2784
52,412,0,59,0,10,495
335,84,752,407,0,2,492
401,378,546,325,0,1,426
203,766,211,343,1,1,437
199,412,534,292,0,10,501
31,412,534,292,0,10,501
14,985,256,511,0,2,492
286,1041,621,528,0,2,304
403,898,32,455,0,1,30
185,45,236,303,0,2,492
152,350,891,528,0,10,2784
147,163,846,240,1,12,422
112,412,651,534,0,7,4036
312,350,291,326,0,1,30
197,350,110,534,0,1,5
77,188,546,325,1,1,425
404,826,565,303,0,2,492
343,841,410,534,1,1,620
267,563,497,534,0,7,3706
312,350,546,325,1,1,425
319,478,497,534,0,7,3706
123,27,870,292,0,1,30
24,1112,565,303,0,2,492
69,609,733,534,0,10,360
129,780,596,154,0,1,30
140,246,182,536,1,1,535
241,412,534,292,0,10,501
239,171,601,343,1,10,436
295,350,307,303,0,1,780
186,230,126,534,0,10,304
45,412,601,45,0,10,4479
279,1196,565,303,0,1,780
282,803,91,213,0,2,492
146,412,534,292,0,10,501
178,781,290,534,0,17,61
2,334,565,303,0,1,492
322,750,327,94,0,2,492
115,471,103,278,0,1,30
22,359,11,528,1,1,5
76,412,0,90,0,10,3993
76,412,534,292,0,10,4143
305,1010,565,303,0,2,492
324,412,0,414,0,10,3993
403,326,290,534,0,7,249
184,347,565,303,0,1,30
373,538,278,210,0,7,1805
367,428,300,534,0,7,143
46,412,534,292,0,10,4143
55,753,278,534,0,7,267
55,540,278,534,0,7,222
373,714,278,210,0,7,1805
213,321,291,326,0,1,30
89,765,379,106,0,1,30
391,988,397,365,0,2,492
246,381,312,210,0,8,1805
95,1188,0,116,1,1,1892
301,412,534,292,0,10,501
106,412,534,292,0,10,501
55,1210,278,534,0,7,267
89,814,724,410,0,2,492
317,398,825,528,1,1,653
69,1205,560,324,0,1,1011
24,354,211,343,1,1,436
213,325,43,303,0,1,30
403,1060,636,500,0,1,30
218,793,575,528,1,1,536
200,412,0,249,0,10,3993
408,321,546,325,1,1,425
296,293,819,528,1,1,536
76,321,571,327,0,1,492
60,412,534,292,0,10,4143
407,782,682,534,0,2,639
233,686,834,407,0,10,492
322,412,0,412,0,10,3993
69,728,0,80,1,1,2143
13,412,534,292,0,10,501
67,824,17,365,0,2,492
68,292,546,325,0,2,492
224,766,126,534,0,7,3706
2,218,546,325,0,1,426
242,59,189,303,0,2,492
401,378,893,528,0,10,2784
403,365,0,506,1,1,2143
147,163,263,240,1,10,421
2,123,14,46,0,2,492
321,1195,278,534,0,7,106
213,395,0,266,0,1,1242
55,1046,410,23,0,2,492
254,412,534,292,0,10,501
193,412,756,240,0,10,4479
372,99,166,466,0,1,30
172,1123,771,432,0,1,30
154,551,832,529,0,2,492
221,276,278,534,0,7,620
14,133,816,518,0,1,30
39,398,902,278,0,1,30
88,412,530,292,0,10,501
55,242,0,62,0,7,3734
367,442,302,534,0,7,3830
31,334,546,325,0,1,426
201,184,615,337,0,1,492
184,347,825,528,0,10,653
1,271,825,278,1,1,30
316,271,913,117,1,1,30
272,350,555,410,0,1,30
403,540,684,534,0,7,3706
94,435,684,534,0,7,4103
385,398,312,210,0,7,1805
107,412,0,129,0,10,3993
414,669,298,519,1,10,30
295,350,825,528,1,1,621
403,586,290,534,0,2,61
122,412,534,292,0,10,501
288,140,312,210,0,8,1805
79,769,731,506,0,2,492
91,479,160,226,0,7,3718
87,412,0,104,0,10,3993
224,184,615,337,0,1,492
126,350,546,325,1,1,425
401,539,590,506,0,10,492
89,391,211,343,1,1,439
272,350,135,534,1,1,363
69,796,560,324,0,1,1011
272,1075,724,410,0,2,492
39,398,68,365,0,1,30
30,190,546,325,1,1,425
130,412,0,154,0,10,3993
317,347,110,534,0,1,3814
201,699,211,343,1,1,3398
0,936,253,31,0,2,492
24,966,246,177,0,2,492
112,412,530,292,0,10,492
55,785,650,534,0,7,620
241,699,211,343,1,1,3398
319,212,126,534,0,1,535
403,237,312,210,0,8,1805
194,205,546,325,1,1,425
2,540,166,50,0,1,30
31,350,256,53,0,1,30
232,613,682,534,0,2,61
55,338,32,47,0,1,30
258,412,534,292,1,10,30
412,1103,10,424,0,2,492
385,347,291,326,0,1,30
152,350,291,326,0,1,30
14,336,622,337,0,10,1216
69,722,217,167,0,1,30
172,1026,563,344,0,2,492
83,1067,565,303,0,2,492
371,469,653,534,0,10,61
241,412,534,292,0,10,4143
393,321,811,407,0,1,30
184,347,0,231,0,1,1885
123,520,682,534,0,2,639
213,1110,565,303,0,2,492
107,499,682,534,0,2,639
222,321,589,313,0,7,3718
178,412,0,221,0,10,3993
141,412,0,175,0,10,3993
224,766,211,343,1,1,437
101,1176,473,278,0,1,30
101,550,300,34,0,1,30
354,1145,10,440,0,2,492
201,1188,211,343,1,1,3398
361,1056,622,337,0,2,492
46,127,81,94,0,2,492
94,684,302,534,0,10,361
184,347,0,231,0,1,1893
201,321,0,253,0,10,1929
111,517,327,94,0,2,492
101,555,300,34,0,1,30
151,455,415,278,0,1,30
120,229,658,534,0,7,240
410,350,546,325,0,1,425
317,347,825,528,0,1,329
403,132,437,85,0,1,492
9,713,738,163,0,1,30
343,887,166,457,0,1,30
406,1174,290,534,1,14,61
69,652,218,78,0,1,30
42,412,0,40,0,10,3993
94,435,682,534,0,7,222
101,1176,490,528,0,1,2784
315,412,0,400,0,10,3993
372,1060,636,468,0,1,30
94,684,300,534,0,7,143
93,412,530,292,0,10,4161
403,239,278,534,0,7,267
246,376,330,226,0,7,3718
359,733,278,534,0,7,620
314,412,0,399,0,10,3993
403,540,166,488,0,1,30
333,769,682,534,0,2,639
233,470,15,83,1,10,492
203,766,279,534,0,1,535
218,1167,211,343,1,1,3398
305,1006,126,534,0,2,61
341,412,756,432,0,10,3366
343,1137,251,281,0,2,492
385,350,546,325,0,1,426
55,899,290,534,0,2,361
235,1175,312,210,0,7,1805
46,330,211,343,1,1,437
55,1060,636,54,0,1,30
381,539,0,479,0,1,1681
403,1045,223,455,0,1,30
383,350,724,410,0,1,30
273,480,779,292,0,1,30
328,940,565,303,0,2,492
76,459,496,210,0,8,1805
338,85,752,407,0,1,30
175,529,312,210,0,8,1805
328,765,126,534,0,7,3706
153,412,0,191,0,10,3993
23,408,395,534,0,7,3706
21,410,20,296,0,10,492
217,412,534,292,0,10,501
128,412,0,150,0,10,3993
126,412,0,148,0,10,3993
341,345,601,343,0,1,436
282,768,92,76,0,1,492
55,237,437,85,0,1,30
112,1133,112,534,0,1,61
242,59,563,344,0,2,492
55,1045,32,455,0,1,30
324,385,211,343,1,1,436
79,769,702,534,0,8,3706
94,697,302,534,0,7,3830
2,372,362,407,0,1,30
367,428,682,534,0,7,222
94,444,825,528,0,1,62
361,791,183,528,0,1,536
294,627,819,528,1,1,621
178,564,113,94,0,1,30
6,812,290,534,0,2,61
242,59,370,303,0,2,492
94,698,818,528,0,1,2784
246,610,327,94,0,1,492
63,163,263,240,1,11,421
246,986,698,365,0,2,492
117,26,590,324,0,1,995
129,778,384,152,0,1,30
147,163,263,240,0,11,423
203,766,0,255,1,1,1928
55,1203,575,528,1,1,536
403,321,278,534,0,7,620
76,188,85,47,1,1,30
184,347,385,528,0,1,4792
403,597,642,500,0,1,492
415,350,546,325,1,1,425
177,412,0,220,0,10,3993
328,765,278,534,0,7,106
403,365,0,506,1,1,2143
239,163,263,240,1,1,422
51,532,211,343,0,1,438
380,539,0,478,0,1,1680
9,710,642,410,0,1,492
152,412,534,292,0,10,4161
28,407,211,343,1,1,438
94,439,166,488,0,2,492
24,354,211,343,0,1,438
224,766,0,279,1,1,1928
71,1193,91,213,0,2,492
94,444,682,534,0,7,222
272,350,813,322,0,1,30
246,381,497,278,1,1,492
391,106,605,303,0,2,492
14,425,565,303,0,1,30
46,764,211,343,0,1,438
317,347,256,53,0,1,30
111,1133,327,94,0,2,492
380,350,300,534,0,1,361
383,351,362,407,0,10,492
81,412,0,96,0,10,3993
241,1121,923,450,0,2,492
403,753,32,22,0,1,30
352,482,290,534,1,10,620
283,753,278,534,0,7,106
129,887,223,457,0,1,30
137,1092,246,177,0,2,492
147,168,312,210,0,8,1805
133,953,295,344,0,2,492
94,697,302,534,0,7,3830
403,321,291,326,0,1,30
246,376,362,407,0,1,30
32,139,392,242,0,9,492
55,1045,223,455,0,1,30
24,531,211,343,0,1,438
68,260,546,325,0,2,492
2,655,256,72,0,1,492
332,412,534,292,0,10,4143
322,412,534,292,0,10,501
55,237,312,210,0,8,1805
343,408,20,530,0,10,492
92,412,0,111,0,10,3993
332,457,126,534,0,7,3706
55,251,32,47,0,1,30
115,565,542,278,0,1,30
83,966,246,177,0,2,492
178,779,300,534,0,7,143
409,412,534,292,0,10,501
24,1114,724,410,0,2,492
179,245,532,292,0,10,492
354,782,682,444,0,2,492
9,857,724,410,0,2,492
209,50,682,261,0,1,30
305,1108,251,281,0,2,492
178,242,312,210,0,8,1805
316,412,534,292,0,10,501
340,87,565,303,0,2,492
319,626,862,284,0,2,492
55,887,166,50,0,1,30
247,321,291,326,0,1,30
55,239,278,534,0,7,267
55,1210,625,455,0,1,30
14,372,362,407,0,1,30
294,350,892,528,1,1,621
12,671,891,278,0,1,30
55,540,642,234,0,1,492
148,190,260,534,1,1,538
341,396,601,343,1,1,437
403,326,312,210,0,8,1805
148,412,534,292,0,10,4143
39,347,873,278,0,1,30
90,350,300,534,0,10,304
108,412,0,130,0,10,3993
328,766,278,534,0,7,106
113,657,126,534,0,10,361
383,539,890,506,0,1,30
278,1154,495,409,0,7,3728
55,310,426,200,1,1,492
294,412,0,379,0,10,3993
19,350,110,534,0,1,3814
56,827,724,410,0,2,492
169,40,122,101,0,9,492
292,210,503,278,0,1,30
253,359,11,528,0,1,5
191,983,211,343,0,2,492
152,350,897,528,0,1,2784
69,129,404,79,0,2,492
387,350,217,167,0,1,30
5,631,855,278,0,1,30
71,1194,550,301,0,2,492
139,1053,724,410,0,2,492
178,779,302,534,0,7,3830
19,350,546,325,1,1,426
221,276,497,534,1,1,535
177,681,327,94,0,2,492
409,114,606,534,0,2,304
341,1027,565,303,0,2,492
296,350,546,325,1,1,425
333,613,682,534,0,2,639
184,398,256,53,0,1,30
375,412,534,292,0,10,501
341,1101,752,407,0,2,492
403,242,140,488,0,1,30
101,1176,651,534,0,7,4036
246,973,563,344,0,2,492
94,697,300,534,0,7,143
292,412,0,376,0,10,3993
47,321,0,48,0,10,1929
71,1199,91,213,0,2,492
403,373,32,455,0,1,30
112,777,312,210,0,8,1805
116,657,327,94,0,2,492
354,641,767,444,0,7,3718
9,867,724,410,0,2,492
263,1160,622,337,0,2,492
105,411,659,368,0,7,3728
295,350,739,183,0,1,30
385,412,0,483,0,10,3993
118,379,524,534,0,7,3706
383,350,827,528,0,10,2784
164,412,0,204,0,10,3993
60,321,546,325,0,1,426
386,412,534,292,0,10,4143
75,565,542,278,0,1,30
304,1027,565,303,0,2,492
220,54,90,534,1,1,535
55,321,167,534,0,7,3706
148,350,546,325,1,1,425
317,398,0,404,0,1,1893
79,188,546,325,0,1,425
272,350,497,278,0,10,492
165,204,302,534,0,7,3830
71,802,91,213,0,2,492
28,407,211,343,1,1,436
107,408,20,285,0,7,3728
191,163,124,30,0,1,492
246,350,497,278,0,10,492
107,499,303,534,0,17,61
403,1045,32,455,0,1,30
352,268,214,534,0,1,61
39,680,657,534,0,1,538
64,412,534,292,0,10,4161
302,412,0,387,0,10,3993
60,13,81,94,0,2,492
317,398,385,528,0,1,4792
403,217,32,22,0,1,30
203,1188,0,255,1,10,1892
94,684,166,313,0,10,492
319,211,832,284,0,2,492
94,697,166,488,0,2,492
55,774,14,46,0,2,492
403,485,434,200,1,1,492
297,350,893,528,0,1,2784
108,412,534,292,0,10,501
175,512,642,534,1,1,61
403,486,434,200,1,1,492
333,499,205,439,0,1,30
249,794,546,325,1,1,425
290,412,0,374,0,10,495
335,1027,565,303,0,2,492
112,657,652,133,0,1,30
372,887,0,467,0,1,1242
197,350,217,167,0,1,30
79,121,849,534,0,2,304
79,188,497,534,0,7,3706
403,898,32,455,0,1,30
21,242,19,533,0,10,492
212,412,534,292,0,10,501
53,11,83,94,0,2,492
246,553,225,278,0,1,30
185,925,785,183,0,2,492
384,442,615,337,1,10,492
55,326,32,22,0,1,30
77,445,291,326,0,2,492
164,412,534,292,0,10,501
297,580,825,528,0,1,2784
46,791,0,47,0,10,1929
132,412,534,292,0,10,501
148,191,160,50,0,1,30
161,349,546,325,1,1,425
356,658,110,534,1,10,363
281,412,0,363,0,10,495
21,408,20,533,0,10,492
217,738,172,122,0,1,30
171,415,121,101,0,13,492
97,412,0,119,0,10,495
51,412,534,292,0,10,4161
264,256,211,343,0,1,438
139,32,192,455,0,2,492
249,795,546,325,1,1,425
332,121,746,421,0,2,492
159,516,278,534,0,7,620
317,398,385,528,0,10,4792
349,412,0,441,0,10,495
385,398,221,528,0,1,305
403,785,682,534,0,7,620
14,372,546,325,0,1,426
403,774,14,476,0,2,492
141,163,263,240,1,10,421
109,412,0,131,0,10,3993
74,167,64,250,0,7,3738
50,412,0,57,0,10,3993
94,444,825,528,0,1,536
403,1204,192,455,0,1,30
284,408,561,181,0,10,492
222,745,560,303,0,1,492
161,349,256,53,0,1,30
14,372,560,303,1,1,780
315,412,534,292,0,10,501
246,706,203,163,1,1,30
13,2,250,407,0,2,492
375,443,642,534,0,1,360
107,408,20,285,0,10,492
198,47,724,410,0,2,492
78,242,625,455,0,1,30
298,627,819,528,1,1,621
146,412,0,184,0,10,3993
279,758,723,293,0,2,492
184,398,795,528,1,1,4800
197,350,0,246,0,1,1893
112,657,113,94,0,2,492
292,954,575,528,0,2,62
161,349,684,534,1,1,538
391,1015,565,303,0,2,492
47,463,211,343,1,1,436
265,281,53,339,0,2,492
142,1073,246,177,0,9,492
113,121,819,528,0,1,2784
55,587,570,324,0,1,706
361,791,211,343,1,1,3398
206,412,0,259,0,10,3284
292,864,565,303,0,2,492
107,880,88,97,0,7,3728
356,658,110,534,1,10,361
94,801,687,94,0,2,492
292,540,312,210,0,8,1805
161,349,827,278,0,10,492
361,391,211,343,1,1,438
102,550,721,34,0,1,30
254,412,534,292,0,10,4143
184,347,385,528,1,1,305
350,760,278,534,0,7,240
14,498,560,506,0,1,30
279,1200,698,365,1,1,30
14,323,312,210,0,8,1805
404,321,811,407,0,1,30
9,853,246,177,0,2,492
203,184,417,528,0,11,305
345,412,0,436,0,10,495
193,412,534,292,0,10,4161
123,617,682,534,0,2,639
94,698,425,528,0,1,2784
292,974,565,303,0,2,492
184,398,684,534,0,1,538
397,665,298,495,1,10,30
79,412,534,292,0,10,4143
101,582,300,34,0,1,30
339,412,534,292,0,10,492
361,327,211,343,0,1,438
387,539,590,506,0,10,492
324,547,211,343,1,1,3397
318,350,819,278,0,10,492
149,677,560,303,0,10,492
324,791,0,414,0,10,1929
14,372,546,325,0,1,426
75,121,160,362,0,7,3728
403,321,10,329,0,1,30
341,171,601,343,1,10,436
296,382,682,534,0,1,61
317,347,795,528,1,1,4800
76,445,291,326,0,2,492
55,491,34,200,0,1,30
78,412,534,292,0,10,4143
389,412,534,292,0,10,501
389,246,119,528,1,1,62
343,1139,565,303,0,2,492
80,412,0,95,0,10,3993
94,434,682,534,0,7,222
139,412,0,171,0,10,3284
281,412,534,292,0,10,4161
359,97,275,194,0,2,492
1,271,825,278,0,1,30
203,248,803,528,1,1,536
359,1034,601,343,0,2,492
177,784,290,534,0,17,61
224,1188,211,343,0,1,3397
367,412,0,462,0,10,3993
101,554,300,34,0,1,30
115,412,534,292,0,10,4161
79,242,625,455,0,1,30
186,46,362,407,0,2,492
55,489,642,47,0,1,492
107,629,682,534,0,2,639
120,613,682,534,0,2,639
94,436,86,534,0,7,3830
31,350,0,27,0,1,1885
239,1090,724,410,0,2,492
246,412,534,292,0,10,4143
51,790,53,58,0,2,492
392,913,846,534,0,2,64
42,271,883,117,1,1,30
391,412,534,292,0,10,501
226,642,825,292,1,1,30
239,163,846,240,1,11,422
184,398,795,528,0,1,4800
378,613,682,534,0,2,61
60,879,10,45,0,2,492
201,805,211,343,0,1,3397
63,163,846,240,1,12,422
165,494,622,337,0,1,30
47,463,211,343,0,1,438
351,92,682,442,0,1,30
403,146,437,85,0,1,492
37,215,126,534,0,1,535
343,1002,565,303,0,2,492
317,347,458,278,0,10,492
318,350,546,325,0,1,426
78,121,849,534,0,2,304
60,412,0,68,0,10,3993
55,370,257,303,0,1,30
328,342,312,210,0,8,1805
295,350,217,167,0,1,30
358,96,923,450,0,2,492
318,350,650,534,0,1,3812
341,321,601,343,1,1,439
181,702,523,534,0,7,4036
298,350,892,528,1,1,621
407,412,534,292,0,10,501
395,321,546,325,0,1,426
333,613,327,94,0,9,492
233,311,108,85,0,2,492
69,722,278,534,0,7,620
312,350,782,528,0,10,2784
55,12,636,54,0,1,30
55,591,642,85,0,1,30
403,615,166,488,0,1,30
31,1144,565,303,0,2,492
213,136,298,264,0,2,492
284,408,208,165,0,10,492
171,415,643,350,0,1,30
69,726,278,534,0,7,620
227,412,534,292,0,10,4143
14,539,890,506,0,1,30
144,387,0,180,0,1,1885
184,350,546,325,1,1,425
55,898,32,47,0,1,30
197,350,572,534,0,1,363
333,637,746,421,0,1,30
203,699,0,255,1,10,1892
168,39,304,208,0,2,492
77,188,546,325,0,1,426
165,412,534,292,0,10,501
374,350,693,303,0,1,780
178,564,113,94,0,2,492
53,412,0,60,0,10,3993
14,540,278,534,0,7,222
102,558,721,34,0,1,30
127,1027,565,303,0,2,492
403,326,312,210,0,8,1805
297,350,546,325,0,1,425
141,163,263,240,1,10,421
21,247,645,534,0,10,5
83,412,534,292,0,10,4143
200,369,546,325,1,1,425
78,121,32,455,0,1,30
391,539,0,490,0,1,1680
340,192,312,210,0,8,1805
403,202,707,24,0,1,492
76,931,312,210,0,8,1805
165,955,140,528,0,2,62
275,350,546,325,1,1,425
39,398,907,250,0,7,3738
383,981,46,365,0,2,492
385,350,546,325,1,1,425
141,163,263,240,1,10,422
361,327,211,343,0,1,438
2,337,546,325,1,1,425
24,354,593,326,0,1,30
333,121,290,534,0,1,61
0,1172,615,337,0,10,492
271,431,290,534,0,8,143
237,1195,565,303,1,1,30
199,412,0,248,0,10,3993
237,1195,126,534,0,7,3706
55,785,110,534,0,7,620
81,121,290,534,1,1,240
46,645,81,94,0,2,492
46,412,0,47,0,10,3993
403,338,615,500,0,10,492
410,350,546,325,1,1,426
401,525,245,32,1,10,30
241,392,211,343,0,1,436
340,412,534,292,0,10,492
408,412,534,292,0,10,501
370,412,534,292,0,10,4161
297,350,546,325,1,1,426
361,391,211,343,1,1,439
239,171,601,343,1,10,437
25,121,211,343,0,2,492
177,517,327,94,0,2,492
195,412,534,292,0,10,4161
206,974,565,303,0,2,492
387,350,546,325,0,1,425
403,785,636,500,0,10,492
126,350,278,534,0,7,620
209,148,682,261,0,2,492
363,412,0,459,0,10,3993
356,476,110,534,1,10,363
21,247,532,94,0,10,492
46,197,211,343,0,1,437
117,26,590,324,1,1,706
119,635,438,263,0,1,30
312,350,546,325,0,1,425
249,1024,565,303,1,1,492
403,370,312,210,0,8,1805
50,8,853,59,0,2,492
192,412,534,292,0,10,501
343,412,534,292,0,10,4143
47,463,211,343,0,1,439
117,26,590,324,0,1,995
63,163,846,240,0,10,423
403,584,642,455,0,1,492
124,148,686,534,1,1,360
46,330,211,343,0,1,438
148,350,307,303,0,1,780
168,39,649,424,0,2,492
2,412,0,2,0,10,3993
89,765,379,106,0,1,30
403,368,546,325,1,1,425
415,350,291,326,0,1,30
89,699,211,343,1,1,3398
352,649,682,444,0,7,3718
55,309,426,200,1,1,492
184,347,825,528,0,10,329
76,1210,731,62,1,1,30
136,162,635,534,0,1,535
367,442,300,534,0,7,143
292,840,724,410,0,2,492
9,695,38,32,0,1,30
172,847,285,198,0,1,30
55,584,642,455,0,1,492
219,443,642,534,0,1,360
384,870,266,528,0,2,305
55,490,410,23,1,1,30
42,271,913,117,1,1,30
175,513,312,210,0,8,1805
112,784,302,534,0,7,3830
201,699,0,253,1,1,1892
403,910,724,410,0,2,492
105,411,659,368,0,10,492
60,876,81,94,0,2,492
133,1019,251,281,0,2,492
120,613,0,142,0,2,4109
14,372,546,325,1,1,426
269,450,173,536,0,1,5
76,188,546,325,1,1,425
181,744,523,534,0,7,4036
165,930,846,528,0,2,62
286,1091,724,410,0,2,492
403,365,0,506,1,1,2143
241,389,362,407,0,1,30
147,163,846,240,1,10,421
46,1197,312,210,0,8,1805
382,412,0,480,0,10,3993
384,869,10,341,0,2,492
367,442,166,488,0,2,492
101,548,300,34,0,1,30
6,412,534,292,0,10,492
54,962,327,94,0,2,492
319,478,161,284,0,2,492
55,326,32,22,0,1,30
297,580,682,534,0,7,3706
55,905,565,303,0,2,492
317,398,795,528,0,1,4800
89,765,379,106,0,1,30
340,201,312,210,0,8,1805
55,540,166,50,0,1,30
272,350,461,528,0,1,536
200,372,546,325,1,1,425
395,412,534,292,0,10,501
388,412,534,292,0,10,501
200,350,110,534,0,1,5
209,782,686,534,0,2,61
133,1024,565,303,0,2,492
401,363,783,528,0,10,2784
170,41,121,101,0,9,492
55,540,636,54,0,1,30
218,1169,211,343,1,1,3398
33,321,615,528,0,1,536
95,766,0,116,1,1,1928
100,518,32,22,1,10,30
203,766,249,281,1,1,30
403,496,642,85,0,1,30
264,412,0,343,0,10,495
18,850,565,303,0,2,492
94,698,682,534,0,7,222
249,1025,724,410,1,1,492
58,539,0,66,0,1,1680
73,412,534,292,0,10,501
148,350,140,528,1,1,535
129,608,663,200,0,1,30
341,163,263,240,1,11,422
356,476,110,534,1,10,361
381,350,892,528,0,1,2784
322,636,327,94,0,2,492
36,163,846,240,1,11,422
94,283,278,534,0,7,216
294,350,892,528,1,1,621
111,412,534,292,0,10,501
99,22,765,115,0,2,492
341,412,534,292,0,10,4143
112,412,615,534,0,7,216
73,412,0,87,0,10,3993
89,791,0,107,1,1,1928
256,785,682,534,0,7,222
129,574,312,210,0,8,1805
76,188,243,24,1,1,30
406,143,290,534,1,14,620
129,412,0,153,0,10,3993
39,347,684,534,1,1,538
185,321,560,303,0,1,780
184,347,795,528,1,10,305
328,766,211,343,1,1,437
269,1071,251,281,0,2,492
308,412,0,393,0,10,3993
106,23,169,121,0,2,492
28,1148,642,339,0,1,492
249,795,546,325,0,1,426
213,321,312,210,0,8,1805
324,321,0,414,0,10,1929
6,412,534,292,0,10,501
61,412,534,292,0,10,4161
129,147,223,155,0,1,30
46,466,211,343,0,1,437
88,412,794,407,0,10,30
405,412,534,292,0,10,501
248,359,647,329,0,1,30
224,805,211,343,0,1,3397
413,412,534,292,0,10,501
137,1093,565,303,0,2,492
403,236,32,455,0,1,30
406,1157,302,534,0,7,3706
68,290,546,325,0,2,492
182,412,0,229,0,10,3284
25,121,211,343,1,1,437
44,350,546,325,1,1,426
379,412,534,292,0,10,4143
62,528,290,534,0,5,61
403,753,626,534,0,7,3706
358,495,615,337,0,1,30
55,412,534,292,0,10,4143
284,408,337,245,0,10,492
90,350,105,107,0,1,30
256,332,299,210,0,7,1805
333,412,534,292,0,10,501
402,109,724,410,0,2,492
412,321,776,407,0,1,30
9,618,601,209,0,1,492
14,123,14,476,0,2,492
312,350,784,528,1,1,2784
111,681,601,534,0,2,61
332,457,278,534,0,7,106
403,540,636,500,0,1,30
409,364,522,534,0,7,3706
126,350,572,534,0,1,361
76,769,191,47,0,1,30
69,1208,560,324,0,1,1011
241,1011,71,82,0,2,492
122,412,0,144,0,10,3993
317,412,0,404,0,10,3993
410,350,300,534,0,1,535
343,408,21,530,0,10,492
374,101,604,303,0,2,492
101,1176,615,534,0,7,216
322,412,312,210,0,8,1805
351,497,615,337,0,1,30
376,359,591,339,0,1,30
76,769,702,534,0,8,3706
249,498,560,324,1,1,30
292,886,544,419,0,2,492
156,412,0,194,0,10,495
246,350,217,167,0,1,30
53,321,546,325,0,1,426
9,858,601,209,0,2,492
62,412,0,70,0,10,3993
147,163,263,240,0,10,423
107,1088,87,534,0,2,61
77,321,291,326,0,1,30
403,1044,31,456,0,7,3728
94,435,166,488,0,2,492
160,321,601,343,1,1,437
89,391,0,107,1,1,1928
207,321,312,210,0,8,1805
172,42,590,324,0,9,492
101,568,300,34,0,1,30
296,293,658,534,0,7,222
332,412,534,292,0,10,501
11,133,217,167,0,10,492
24,354,211,343,1,1,437
141,168,63,534,0,1,535
403,339,312,210,0,8,1805
215,746,609,355,0,1,30
139,412,0,171,0,10,3993
403,321,639,534,0,7,3706
342,221,752,407,0,10,492
391,412,534,292,0,10,4143
124,617,682,534,0,2,639
241,977,373,345,0,2,492
178,777,278,534,0,1,620
414,670,298,519,1,10,30
39,347,68,365,0,1,30
89,412,534,292,0,10,501
326,404,70,41,0,2,492
55,370,32,455,0,1,30
83,1065,565,303,0,2,492
351,613,682,534,0,2,61
186,46,555,410,0,2,492
256,61,0,331,0,1,1242
298,412,534,292,0,10,501
410,350,300,534,0,1,535
403,1210,0,506,0,7,3734
211,412,0,264,0,10,3993
221,276,278,534,0,7,620
104,177,71,86,0,1,30
233,311,312,210,0,8,1805
55,239,0,62,0,7,3734
106,662,843,278,0,1,30
343,321,825,528,0,1,4055
46,791,211,343,1,1,437
179,245,531,292,0,10,492
403,1046,290,534,0,2,361
312,526,245,32,1,10,30
219,739,494,534,0,16,360
403,753,636,500,0,1,30
296,382,256,53,0,1,30
277,135,311,210,0,7,1805
95,184,615,337,0,1,492
144,386,120,339,0,1,30
68,262,546,325,0,1,425
111,412,278,534,0,7,106
24,327,211,343,1,1,436
94,267,165,278,0,1,30
313,412,0,398,0,10,3993
113,657,336,250,0,1,30
55,1210,0,62,0,7,3734
391,286,357,296,0,7,3728
182,1027,565,303,0,2,492
97,412,534,292,0,10,4161
124,148,687,94,0,2,492
401,539,166,488,0,1,30
77,188,546,325,1,1,425
144,386,575,278,0,1,30
344,412,534,292,0,10,4161
389,105,855,278,0,2,492
403,588,642,23,0,1,492
232,613,0,291,0,2,4109
88,412,812,534,0,7,3830
28,121,211,343,1,1,437
259,412,0,336,0,10,3993
19,350,110,534,1,1,361
403,888,544,113,0,2,492
181,720,523,534,0,7,4036
233,686,408,83,0,10,30
341,321,601,343,0,1,438
55,321,627,25,0,1,492
107,1076,688,97,0,2,492
144,951,565,303,0,2,492
403,338,312,210,0,8,1805
309,78,89,407,0,2,492
249,595,211,343,0,1,436
216,350,825,278,0,1,30
133,932,246,177,0,2,492
317,347,825,528,0,1,653
145,412,0,182,0,10,495
74,163,263,240,1,10,421
94,444,891,528,1,1,536
294,350,497,278,0,1,30
91,198,497,278,0,1,30
39,539,0,35,0,1,1680
361,187,211,343,1,1,439
14,539,0,11,0,1,1681
22,412,0,20,0,10,3993
76,540,312,210,0,8,1805
106,545,415,278,0,1,30
74,168,64,250,0,7,3738
238,569,327,94,0,2,492
95,412,0,116,0,10,3993
118,539,598,331,0,1,30
298,350,217,167,0,1,30
213,887,166,457,0,1,30
31,369,546,325,1,1,425
157,746,608,122,1,1,30
355,412,530,292,0,10,4161
309,412,534,292,0,10,501
235,691,548,298,0,10,492
94,444,166,420,0,2,492
316,271,883,117,1,1,30
407,613,0,510,0,2,4109
317,398,795,528,1,10,305
2,372,546,325,1,1,426
137,412,0,169,0,10,3993
328,184,803,528,1,1,305
39,347,868,278,0,1,30
297,350,546,325,1,1,426
179,245,500,278,0,10,492
375,743,891,524,1,16,30
184,398,385,528,0,1,4792
239,163,263,240,1,11,423
259,412,534,292,0,10,501
374,927,565,303,0,2,492
343,321,825,528,0,1,4055
200,334,546,325,0,1,426
246,895,184,353,0,2,492
372,99,636,468,0,1,30
2,351,256,53,0,1,30
403,321,194,25,0,1,492
55,326,312,210,0,8,1805
377,671,298,523,1,10,30
223,149,369,250,0,1,492
209,613,686,534,0,2,61
306,504,278,534,0,7,620
406,121,300,487,0,2,492
185,163,846,240,1,11,423
233,255,290,534,0,10,360
403,237,312,210,0,8,1805
361,327,211,343,0,1,437
55,496,642,85,0,1,30
399,412,534,292,0,10,501
395,412,0,494,0,10,3993
411,350,546,325,0,1,426
404,412,534,292,0,10,4143
120,1185,658,534,0,7,240
264,734,211,343,1,1,439
22,359,647,329,1,1,30
246,922,327,94,0,2,492
403,326,896,455,0,1,30
403,326,312,210,0,8,1805
95,413,0,116,1,1,1928
222,1029,585,213,0,2,492
383,412,534,292,0,10,501
219,443,642,534,0,1,360
224,765,211,343,1,1,439
14,218,546,325,0,1,426
19,539,0,15,0,1,1680
78,188,497,534,0,7,3706
403,321,627,25,0,1,30
285,412,535,292,0,10,4143
178,777,312,210,0,8,1805
94,440,300,534,0,7,143
256,820,246,177,0,2,492
94,698,684,534,0,7,4103
213,753,0,266,0,1,1242
237,753,126,534,0,7,3706
51,789,53,58,0,2,492
55,753,167,534,0,7,3706
27,412,534,292,0,10,4161
412,412,0,516,0,10,3284
133,412,756,158,0,10,3366
237,412,534,292,0,10,501
394,350,546,325,1,1,426
36,163,263,240,1,1,422
9,713,642,410,0,1,492
391,350,572,534,1,1,361
403,237,312,210,0,8,1805
130,412,534,292,0,10,501
74,412,534,292,0,10,501
292,863,724,410,0,2,492
376,412,535,292,0,10,4143
259,63,923,450,0,2,492
64,412,0,74,0,10,495
83,1078,682,534,0,1,620
401,364,782,528,1,1,2784
412,412,0,516,0,10,3993
361,831,702,528,0,2,305
46,196,211,343,1,1,436
31,350,217,167,0,1,30
392,350,891,528,0,1,2784
111,517,312,210,0,8,1805
246,610,670,534,0,1,620
292,619,642,303,0,1,492
237,753,290,534,0,1,4
185,163,263,240,1,11,422
260,1147,825,528,1,10,536
120,613,682,534,0,2,61
18,412,534,292,0,10,501
272,350,217,167,0,1,30
39,412,0,35,0,10,3993
319,212,126,534,1,1,538
264,734,211,343,0,1,438
55,323,312,210,0,8,1805
295,350,650,534,0,1,3812
292,895,184,353,0,2,492
356,472,110,534,1,10,363
72,429,302,534,0,7,3830
197,350,110,534,0,1,3814
296,382,217,167,0,1,30
31,372,825,528,0,10,4055
194,190,546,325,1,1,425
84,19,124,30,0,2,492
18,412,0,14,0,10,3993
28,407,211,343,1,1,439
276,741,277,534,0,1,620
2,372,546,325,0,1,426
403,237,312,210,0,8,1805
381,350,217,167,0,1,30
299,350,717,528,0,10,2784
256,887,223,488,0,1,30
265,412,534,292,0,10,501
361,791,211,343,0,1,3397
107,242,19,285,0,7,3728
14,1178,129,102,0,1,30
241,392,211,343,1,1,439
89,765,0,107,1,1,1928
105,753,566,534,0,7,3706
315,81,308,407,0,2,492
374,412,0,469,0,10,3993
203,765,315,534,1,1,361
55,1210,0,62,0,1,2143
303,75,694,407,0,2,492
13,2,899,281,0,2,492
406,1157,891,278,1,1,30
19,350,0,15,0,1,1893
352,649,290,534,0,1,61
361,979,22,365,0,2,492
214,412,535,292,0,10,4143
55,370,637,54,0,1,30
119,1176,651,534,0,7,4036
276,741,489,534,0,1,620
216,350,545,325,1,1,426
52,10,504,407,0,2,492
403,321,615,500,0,1,30
185,1084,410,341,0,2,492
404,412,0,507,0,10,3993
111,681,600,534,0,1,620
95,414,251,117,1,1,30
241,389,211,343,1,1,436
129,321,312,210,0,8,1805
55,242,0,62,0,7,3713
112,784,300,534,0,7,143
343,321,291,326,0,1,30
241,412,0,311,0,10,3993
340,87,246,177,0,2,492
246,859,565,303,0,2,492
298,350,894,528,1,1,621
358,412,0,449,0,10,3993
335,932,246,177,0,2,492
46,645,642,303,0,1,492
217,412,0,271,0,10,3993
13,2,863,281,0,2,492
283,1195,126,534,0,7,3706
269,412,534,292,0,10,501
246,1085,536,344,0,2,492
94,214,166,313,0,2,492
27,412,0,23,0,10,495
372,321,291,326,0,1,30
294,350,217,167,0,1,30
357,95,607,407,0,2,492
126,412,534,292,0,10,501
5,633,891,278,0,1,30
206,49,724,410,0,2,492
144,387,288,339,0,1,30
148,191,80,534,0,1,538
315,81,694,407,0,2,492
107,499,686,534,0,17,61
246,540,362,407,0,1,30
222,745,560,303,0,1,492
297,350,217,167,0,1,30
154,412,0,192,0,10,3993
123,810,684,534,0,7,3706
101,558,300,34,0,1,30
160,949,285,198,0,9,492
79,445,705,329,0,2,492
213,412,534,292,0,10,501
385,347,895,278,0,1,30
403,489,570,324,0,1,995
51,532,211,343,1,1,439
256,412,534,292,0,10,501
301,74,249,407,0,2,492
74,163,263,240,0,11,423
253,412,0,328,0,10,3993
405,412,0,508,0,10,3993
350,412,534,292,0,10,4143
175,511,327,94,0,2,492
298,350,893,528,1,1,621
258,740,278,534,0,16,360
83,321,278,534,0,7,620
53,11,565,303,0,2,492
76,188,546,325,0,1,426
185,163,846,240,1,11,422
55,338,437,85,0,1,30
385,398,895,278,0,1,30
233,600,100,83,0,10,492
394,412,0,493,0,10,3993
77,121,32,455,0,1,30
113,121,113,94,0,2,492
109,412,534,292,0,10,501
9,412,0,7,0,10,3993
383,351,601,209,0,1,30
6,1195,278,534,0,7,106
55,1046,290,534,0,2,361
402,321,546,325,1,1,426
299,350,825,528,0,10,2784
6,753,278,534,0,7,106
55,753,278,534,0,7,249
403,335,312,210,0,8,1805
94,444,682,534,0,7,222
356,683,110,534,1,10,361
184,347,385,528,0,1,4792
101,548,300,34,0,1,30
181,702,506,534,0,1,3706
95,412,534,292,0,10,4143
352,517,578,345,0,2,492
283,753,290,534,0,1,4
72,350,291,326,0,1,30
58,358,546,325,1,1,426
343,412,534,292,0,10,501
78,929,312,210,0,8,1805
184,614,497,278,0,1,30
77,1210,731,506,1,1,30
6,457,290,534,0,1,620
177,412,126,534,0,7,3706
381,539,0,479,0,1,1680
403,252,0,506,0,7,3734
299,350,572,534,1,1,361
107,657,303,534,0,17,61
113,657,336,250,0,7,3738
107,24,216,285,0,2,30
334,412,544,424,0,10,4478
317,398,825,528,0,10,329
137,272,211,343,0,1,437
269,1012,737,407,0,2,492
133,412,0,158,0,10,3284
241,926,239,345,0,2,492
393,107,202,162,0,2,492
317,398,0,404,0,1,1885
286,935,565,303,0,2,492
241,791,183,528,0,1,536
241,392,211,343,0,1,436
249,602,560,324,1,10,492
129,321,312,210,0,8,1805
352,1000,581,536,0,2,61
215,412,534,292,0,10,501
103,412,615,534,0,7,216
107,617,682,534,0,2,61
29,729,211,343,1,1,439
203,766,249,281,1,1,30
296,412,0,381,0,10,3993
194,412,534,292,0,10,4143
221,276,705,488,0,2,492
77,412,534,292,0,10,492
299,350,0,384,0,1,1885
178,564,652,220,0,1,30
94,698,302,534,0,7,3830
165,500,855,278,0,1,30
94,440,302,534,0,7,3830
237,1195,278,534,0,7,106
34,825,18,17,0,2,492
24,1109,295,344,0,2,492
76,321,291,326,0,1,30
191,984,563,344,0,2,492
169,415,720,403,0,1,30
119,554,438,263,0,1,30
68,307,546,325,0,2,492
337,412,534,292,0,10,4161
354,497,615,337,0,1,30
357,412,534,292,0,10,501
20,412,530,292,0,10,4161
403,483,140,488,0,1,30
99,412,0,122,0,10,3993
69,911,590,324,0,1,1011
276,746,609,271,0,1,30
286,850,565,303,0,2,492
241,1188,0,311,1,1,1892
70,412,0,81,0,10,3993
39,398,312,210,0,7,1805
129,321,131,154,0,1,1929
172,544,286,453,0,1,30
28,792,211,343,1,1,439
78,753,625,455,0,1,30
178,412,615,534,0,7,216
412,412,534,292,0,10,4143
354,412,534,292,0,10,501
172,823,823,292,0,1,492
149,677,560,303,1,1,780
201,699,211,343,0,1,3397
407,613,682,534,0,2,639
128,1025,724,410,0,2,492
148,350,650,534,0,7,3706
246,707,203,163,1,1,30
237,412,534,292,0,10,492
241,389,0,311,1,1,1892
184,191,166,50,0,1,30
36,121,211,343,1,1,437
403,202,32,22,0,1,30
236,121,312,210,0,7,1805
333,499,727,421,0,1,30
201,766,819,528,0,1,4055
279,1198,560,329,1,1,30
391,1036,565,303,0,2,492
316,82,922,281,0,2,492
286,412,534,292,0,10,501
144,387,590,62,1,1,1697
139,898,32,455,0,2,492
318,350,546,325,1,1,425
89,1188,844,528,1,10,4800
403,1045,32,455,0,1,30
212,412,0,265,0,10,3993
94,444,825,528,0,1,536
83,412,534,292,0,10,501
69,748,564,534,0,10,5
87,652,778,250,0,1,30
50,8,363,427,0,2,492
7,412,534,292,0,10,501
53,412,756,60,0,10,3366
256,615,0,331,0,1,1242
74,167,266,528,0,1,305
6,1195,126,534,0,7,3706
240,408,562,303,1,1,780
67,576,698,365,0,2,492
172,241,312,210,0,8,1805
19,539,128,62,0,10,492
267,578,497,534,0,7,3706
69,882,91,213,1,1,30
89,391,211,343,0,1,436
68,306,546,325,0,2,492
282,802,696,196,0,1,492
317,347,795,528,1,10,305
133,1134,10,341,0,2,492
114,174,71,86,0,1,30
0,1173,615,337,0,10,492
395,108,285,198,0,2,492
352,268,214,534,0,1,61
249,733,278,534,0,7,620
1,412,534,292,0,10,501
147,163,263,240,1,10,422
221,276,704,528,0,2,62
178,779,302,534,0,7,3830
55,310,166,292,0,1,30
91,280,337,534,0,7,3706
407,412,0,510,0,10,3993
21,410,20,296,0,7,3728
127,412,534,292,0,10,501
107,629,0,129,0,2,4109
386,412,0,484,0,10,3993
199,359,647,329,0,1,30
120,773,658,534,0,7,240
112,604,327,94,0,2,492
119,554,438,263,0,1,30
44,350,291,326,0,1,30
352,143,290,534,1,1,620
306,121,218,78,0,2,492
113,659,832,250,1,10,30
305,994,565,303,0,2,492
200,350,546,325,1,1,425
352,412,126,534,0,7,3706
352,122,682,444,0,7,3718
321,753,290,534,0,1,4
55,321,278,534,0,7,620
392,350,546,325,1,1,425
403,897,31,456,0,7,3728
77,188,546,325,0,1,426
318,350,110,534,0,1,3814
77,1210,731,506,1,1,30
403,785,684,534,0,7,4103
69,1206,560,324,0,1,1011
46,791,211,343,1,1,436
102,556,721,34,0,1,30
407,613,682,534,0,2,61
200,350,217,167,0,1,30
30,350,0,26,0,1,1893
350,121,300,441,0,2,492
144,386,546,325,1,1,425
375,443,642,534,0,1,360
107,629,682,534,0,2,61
55,309,166,292,0,1,30
282,768,696,196,1,1,30
352,412,535,292,0,10,4143
1,0,577,281,0,2,492
152,350,901,528,0,1,2784
14,426,565,303,0,1,30
201,1119,799,283,0,2,492
345,412,534,292,0,10,4161
206,733,278,534,0,7,620
312,350,546,325,1,1,425
333,412,0,423,0,10,3993
290,412,534,292,0,10,4161
113,657,336,250,0,7,3738
175,242,401,85,0,0,30
416,613,682,534,0,2,61
296,293,819,528,1,1,621
217,52,923,450,0,2,492
384,428,615,337,1,10,492
317,398,385,528,0,1,4792
153,412,534,292,0,10,501
213,423,565,303,0,2,492
297,412,534,292,0,10,4143
80,17,855,94,0,2,492
73,412,756,87,0,10,3366
317,347,650,534,0,1,3812
333,604,126,534,0,7,3706
154,148,832,529,1,2,492
360,412,756,454,0,10,4478
21,247,532,94,0,1,492
148,350,165,278,0,10,492
21,674,531,292,0,10,30
68,282,541,278,1,1,492
184,191,116,534,0,1,538
178,779,300,534,0,7,143
24,1106,246,177,0,2,492
241,184,615,337,0,1,492
161,349,724,410,0,1,30
403,373,437,85,0,1,30
113,121,832,250,0,2,492
374,350,724,410,0,1,30
385,828,565,303,0,2,492
249,795,546,325,0,1,426
218,1168,0,272,1,10,1892
24,839,565,303,0,2,492
260,417,622,337,0,10,492
412,116,752,407,0,2,492
46,764,80,250,0,1,30
58,539,560,62,0,10,492
344,412,0,435,0,10,495
119,121,426,528,0,1,2784
354,93,923,450,0,1,492
77,540,312,210,0,8,1805
83,131,166,457,0,1,30
132,30,362,407,0,2,492
132,818,10,424,0,2,492
203,1188,211,343,0,1,3397
352,412,278,534,0,7,106
117,172,71,86,0,1,30
378,412,534,292,0,10,501
403,323,312,210,0,8,1805
354,782,682,444,0,1,30
18,952,621,528,0,2,62
294,580,497,278,0,1,30
216,1004,281,197,0,2,492
361,791,707,24,0,1,492
118,322,312,210,0,8,1805
14,371,825,528,0,10,4055
95,766,211,343,1,1,437
2,372,739,183,0,1,30
408,412,0,512,0,10,3993
403,485,34,200,0,2,492
9,694,38,32,0,1,30
36,163,263,240,0,1,423
144,386,0,180,0,1,1885
55,237,312,210,0,8,1805
178,777,290,534,0,17,61
184,398,0,231,0,1,1893
374,101,509,303,0,2,492
14,540,684,534,0,7,3706
72,412,534,292,0,10,501
284,408,561,332,0,10,492
172,152,290,534,0,2,61
14,337,714,528,0,1,4055
403,483,628,534,0,1,620
340,321,312,210,0,8,1805
54,412,534,292,0,10,492
249,794,642,343,0,4,492
374,350,0,469,0,1,1885
333,613,0,423,0,2,4109
224,414,251,281,1,1,30
30,351,67,365,0,1,30
46,330,312,210,0,8,1805
330,412,756,419,0,10,4478
241,389,211,343,1,1,436
403,785,682,534,0,7,222
306,412,534,292,0,10,501
79,188,546,325,1,1,426
374,350,684,534,1,1,538
71,1194,91,213,0,2,492
292,72,166,50,0,1,30
319,212,126,534,1,1,538
321,412,0,411,0,10,3993
129,762,633,339,0,2,492
184,398,165,278,0,10,492
131,412,0,156,0,10,495
153,412,534,292,0,10,492
402,109,565,303,0,2,492
401,988,397,365,0,2,492
56,826,565,303,0,2,492
403,146,437,85,0,1,492
172,321,565,303,0,1,30
30,191,546,325,0,1,426
55,335,258,410,0,1,30
2,372,546,325,0,1,426
322,1195,312,210,0,8,1805
403,202,0,506,1,1,2143
361,327,211,343,1,1,437
95,1188,0,116,1,1,1892
133,412,534,292,0,10,501
277,507,297,356,0,1,30
2,369,565,303,0,1,492
55,335,32,47,0,1,30
403,333,546,325,1,1,426
213,412,0,266,0,10,3993
68,302,546,325,0,1,426
194,350,0,241,0,1,1893
116,412,821,278,0,10,30
89,765,211,343,1,1,439
6,1195,535,292,1,1,30
239,163,846,240,1,11,423
229,412,0,287,0,10,3993
55,321,278,534,0,7,620
247,321,312,210,0,8,1805
198,321,336,528,0,1,536
119,1176,666,528,0,1,2784
21,242,19,533,0,7,3728
84,412,0,100,0,10,3993
79,188,546,325,1,1,426
55,326,312,210,0,8,1805
24,327,211,343,0,1,438
401,363,546,325,1,1,425
361,391,312,210,0,8,1805
247,380,227,528,0,1,536
386,321,546,325,0,1,426
79,1060,312,210,0,8,1805
348,412,534,292,0,10,4161
94,697,300,534,0,7,143
336,321,312,210,0,8,1805
262,412,544,341,0,10,4478
312,350,781,528,0,10,2784
184,347,307,303,0,1,780
240,243,233,173,0,7,3728
31,372,622,337,0,10,1216
95,765,251,117,1,1,30
77,188,497,534,0,7,3706
283,412,534,292,0,10,501
225,321,0,280,0,10,1929
403,1061,640,502,0,7,3728
403,584,290,534,0,1,267
324,791,707,24,0,1,492
209,412,0,262,0,10,3993
284,300,698,365,0,2,492
94,434,302,534,0,7,3830
68,261,546,325,0,1,426
391,106,510,303,0,2,492
204,359,11,528,0,1,5
46,1110,565,303,1,1,492
84,412,534,292,0,10,501
385,398,907,250,0,7,3738
